dataset,explainer,n_trees,max_depth,n_rects,iteration,accuracy,precision,recall,f1,per_valid,avg_dist,avg_length,prep_time,explain_time,sample_time,n_explain
glass,FACETIndex,100,,100,0,0.848484848,0.85,0.894736842,0.871794872,1,0.254131542,5.85,0.188477039,0.022184849,0.001109242,20
glass,FACETIndex,100,,1000,0,0.848484848,0.85,0.894736842,0.871794872,1,0.20726927,5.4,1.26595211,0.052656412,0.002632821,20
glass,FACETIndex,100,,5000,0,0.848484848,0.85,0.894736842,0.871794872,1,0.201672104,5.2,5.69415617,0.172266483,0.008613324,20
glass,FACETIndex,100,,10000,0,0.848484848,0.85,0.894736842,0.871794872,1,0.201766772,5.4,11.12244892,0.314800262,0.015740013,20
glass,FACETIndex,100,,20000,0,0.848484848,0.85,0.894736842,0.871794872,1,0.198249616,5.4,21.62568688,0.501986027,0.025099301,20
glass,FACETIndex,100,,30000,0,0.848484848,0.85,0.894736842,0.871794872,1,0.199092833,5.35,31.88248181,0.717397213,0.035869861,20
glass,FACETIndex,100,,40000,0,0.848484848,0.85,0.894736842,0.871794872,1,0.198940094,5.25,42.02609301,0.838454723,0.041922736,20
glass,FACETIndex,100,,50000,0,0.848484848,0.85,0.894736842,0.871794872,1,0.196186282,5,51.73395586,1.024862766,0.051243138,20
glass,FACETIndex,100,,60000,0,0.848484848,0.85,0.894736842,0.871794872,1,0.197929892,5.5,61.50255442,1.160812855,0.058040643,20
glass,FACETIndex,100,,70000,0,0.848484848,0.85,0.894736842,0.871794872,1,0.196226892,5.5,71.61965084,1.317296982,0.065864849,20
glass,FACETIndex,100,,80000,0,0.848484848,0.85,0.894736842,0.871794872,1,0.196433841,5.45,81.41176295,1.451428413,0.072571421,20
glass,FACETIndex,100,,90000,0,0.848484848,0.85,0.894736842,0.871794872,1,0.197607512,5.2,90.42999005,1.568634033,0.078431702,20
glass,FACETIndex,100,,100000,0,0.848484848,0.85,0.894736842,0.871794872,0.95,0.201831984,5.421052632,100.601295,1.682095289,0.084104764,20
glass,FACETIndex,100,,100,1,0.757575758,0.714285714,0.882352941,0.789473684,1,0.280249919,6,0.17661643,0.025006056,0.001250303,20
glass,FACETIndex,100,,1000,1,0.757575758,0.714285714,0.882352941,0.789473684,1,0.242931139,5.8,1.22799325,0.052428961,0.002621448,20
glass,FACETIndex,100,,5000,1,0.757575758,0.714285714,0.882352941,0.789473684,1,0.236963672,5.7,5.533703089,0.131433487,0.006571674,20
glass,FACETIndex,100,,10000,1,0.757575758,0.714285714,0.882352941,0.789473684,1,0.233749492,5.7,10.77562213,0.228034735,0.011401737,20
glass,FACETIndex,100,,20000,1,0.757575758,0.714285714,0.882352941,0.789473684,1,0.229252767,5.6,20.9171741,0.377270937,0.018863547,20
glass,FACETIndex,100,,30000,1,0.757575758,0.714285714,0.882352941,0.789473684,1,0.233066872,5.8,30.70467377,0.522971392,0.02614857,20
glass,FACETIndex,100,,40000,1,0.757575758,0.714285714,0.882352941,0.789473684,1,0.232882295,5.65,40.50066304,0.638329744,0.031916487,20
glass,FACETIndex,100,,50000,1,0.757575758,0.714285714,0.882352941,0.789473684,1,0.231826369,5.55,49.71662784,0.738551855,0.036927593,20
glass,FACETIndex,100,,60000,1,0.757575758,0.714285714,0.882352941,0.789473684,1,0.232440954,5.85,59.66032147,0.831634521,0.041581726,20
glass,FACETIndex,100,,70000,1,0.757575758,0.714285714,0.882352941,0.789473684,1,0.229377035,5.55,69.27097487,0.863321304,0.043166065,20
glass,FACETIndex,100,,80000,1,0.757575758,0.714285714,0.882352941,0.789473684,1,0.230890941,5.5,78.39995861,1.012010574,0.050600529,20
glass,FACETIndex,100,,90000,1,0.757575758,0.714285714,0.882352941,0.789473684,1,0.229663218,5.5,88.56776357,1.053852797,0.05269264,20
glass,FACETIndex,100,,100000,1,0.757575758,0.714285714,0.882352941,0.789473684,1,0.228322895,5.7,96.95663118,1.197755098,0.059887755,20
glass,FACETIndex,100,,100,2,0.878787879,0.863636364,0.95,0.904761905,1,0.133386618,6.45,0.183372259,0.015463114,0.000773156,20
glass,FACETIndex,100,,1000,2,0.878787879,0.863636364,0.95,0.904761905,1,0.109487656,5.95,1.222036839,0.036780834,0.001839042,20
glass,FACETIndex,100,,5000,2,0.878787879,0.863636364,0.95,0.904761905,1,0.10411861,5.8,5.549214363,0.119499922,0.005974996,20
glass,FACETIndex,100,,10000,2,0.878787879,0.863636364,0.95,0.904761905,1,0.101832743,5.9,10.75074363,0.199624062,0.009981203,20
glass,FACETIndex,100,,20000,2,0.878787879,0.863636364,0.95,0.904761905,1,0.100807487,5.55,20.98947215,0.340232134,0.017011607,20
glass,FACETIndex,100,,30000,2,0.878787879,0.863636364,0.95,0.904761905,1,0.10016603,5.55,30.97391844,0.463979244,0.023198962,20
glass,FACETIndex,100,,40000,2,0.878787879,0.863636364,0.95,0.904761905,1,0.101477458,5.6,40.89263439,0.628518581,0.031425929,20
glass,FACETIndex,100,,50000,2,0.878787879,0.863636364,0.95,0.904761905,1,0.096145426,5.6,50.64390349,0.61661911,0.030830956,20
glass,FACETIndex,100,,60000,2,0.878787879,0.863636364,0.95,0.904761905,1,0.098282189,5.45,60.44425941,0.675379276,0.033768964,20
glass,FACETIndex,100,,70000,2,0.878787879,0.863636364,0.95,0.904761905,1,0.097149552,5.55,69.73322058,0.764425755,0.038221288,20
glass,FACETIndex,100,,80000,2,0.878787879,0.863636364,0.95,0.904761905,1,0.096227231,5.55,79.13275909,0.888955832,0.044447792,20
glass,FACETIndex,100,,90000,2,0.878787879,0.863636364,0.95,0.904761905,1,0.096046503,5.75,88.90489006,0.88148427,0.044074214,20
glass,FACETIndex,100,,100000,2,0.878787879,0.863636364,0.95,0.904761905,1,0.095482452,5.5,98.17594075,0.919723749,0.045986187,20
glass,FACETIndex,100,,100,3,0.909090909,0.913043478,0.954545455,0.933333333,1,0.159905553,5.8,0.181020737,0.015656471,0.000782824,20
glass,FACETIndex,100,,1000,3,0.909090909,0.913043478,0.954545455,0.933333333,1,0.131682339,6.05,1.223899364,0.031023741,0.001551187,20
glass,FACETIndex,100,,5000,3,0.909090909,0.913043478,0.954545455,0.933333333,1,0.125971897,6.1,5.512066126,0.077433586,0.003871679,20
glass,FACETIndex,100,,10000,3,0.909090909,0.913043478,0.954545455,0.933333333,1,0.12279472,5.75,10.79252028,0.13390708,0.006695354,20
glass,FACETIndex,100,,20000,3,0.909090909,0.913043478,0.954545455,0.933333333,1,0.119847255,5.7,20.94526505,0.206081152,0.010304058,20
glass,FACETIndex,100,,30000,3,0.909090909,0.913043478,0.954545455,0.933333333,1,0.121305895,5.85,30.75604939,0.311701059,0.015585053,20
glass,FACETIndex,100,,40000,3,0.909090909,0.913043478,0.954545455,0.933333333,1,0.119398967,5.7,40.59674692,0.35068059,0.017534029,20
glass,FACETIndex,100,,50000,3,0.909090909,0.913043478,0.954545455,0.933333333,1,0.11838478,5.5,49.97624564,0.420922995,0.02104615,20
glass,FACETIndex,100,,60000,3,0.909090909,0.913043478,0.954545455,0.933333333,1,0.118800102,5.9,59.93221998,0.419799805,0.02098999,20
glass,FACETIndex,100,,70000,3,0.909090909,0.913043478,0.954545455,0.933333333,1,0.117674334,5.8,69.350914,0.479896307,0.023994815,20
glass,FACETIndex,100,,80000,3,0.909090909,0.913043478,0.954545455,0.933333333,1,0.118518343,5.5,78.55958128,0.564069033,0.028203452,20
glass,FACETIndex,100,,90000,3,0.909090909,0.913043478,0.954545455,0.933333333,1,0.119135781,5.65,87.78061414,0.677219868,0.033860993,20
glass,FACETIndex,100,,100000,3,0.909090909,0.913043478,0.954545455,0.933333333,1,0.116530283,5.95,97.37701774,0.661090374,0.033054519,20
glass,FACETIndex,100,,100,4,0.848484848,1,0.8,0.888888889,1,0.178237345,5.9,0.187846184,0.02085638,0.001042819,20
glass,FACETIndex,100,,1000,4,0.848484848,1,0.8,0.888888889,1,0.148594079,5.85,1.273807287,0.045866728,0.002293336,20
glass,FACETIndex,100,,5000,4,0.848484848,1,0.8,0.888888889,1,0.140595389,5.85,5.727939129,0.119985104,0.005999255,20
glass,FACETIndex,100,,10000,4,0.848484848,1,0.8,0.888888889,1,0.138366557,5.85,11.11554766,0.209000826,0.010450041,20
glass,FACETIndex,100,,20000,4,0.848484848,1,0.8,0.888888889,1,0.136888667,5.8,21.46088386,0.333348274,0.016667414,20
glass,FACETIndex,100,,30000,4,0.848484848,1,0.8,0.888888889,1,0.136892312,5.7,31.47484851,0.448790789,0.022439539,20
glass,FACETIndex,100,,40000,4,0.848484848,1,0.8,0.888888889,1,0.135384724,5.5,41.51340628,0.544719458,0.027235973,20
glass,FACETIndex,100,,50000,4,0.848484848,1,0.8,0.888888889,1,0.135374169,5.7,51.56055236,0.635248184,0.031762409,20
glass,FACETIndex,100,,60000,4,0.848484848,1,0.8,0.888888889,1,0.134954011,5.45,61.14108729,0.830530643,0.041526532,20
glass,FACETIndex,100,,70000,4,0.848484848,1,0.8,0.888888889,1,0.13512142,5.6,70.76457214,0.884378195,0.04421891,20
glass,FACETIndex,100,,80000,4,0.848484848,1,0.8,0.888888889,1,0.134147293,5.6,80.54958558,0.920117378,0.046005869,20
glass,FACETIndex,100,,90000,4,0.848484848,1,0.8,0.888888889,1,0.135040052,5.45,89.89742565,1.043484449,0.052174222,20
glass,FACETIndex,100,,100000,4,0.848484848,1,0.8,0.888888889,1,0.134178449,5.6,100.1128311,1.076290131,0.053814507,20
glass,FACETIndex,100,,100,5,0.848484848,0.842105263,0.888888889,0.864864865,1,0.223821434,6,0.183429003,0.022801638,0.001140082,20
glass,FACETIndex,100,,1000,5,0.848484848,0.842105263,0.888888889,0.864864865,1,0.199238526,6,1.207848549,0.049758911,0.002487946,20
glass,FACETIndex,100,,5000,5,0.848484848,0.842105263,0.888888889,0.864864865,1,0.19724827,6.05,5.471076727,0.147391558,0.007369578,20
glass,FACETIndex,100,,10000,5,0.848484848,0.842105263,0.888888889,0.864864865,1,0.19519585,5.9,10.52536845,0.23767519,0.011883759,20
glass,FACETIndex,100,,20000,5,0.848484848,0.842105263,0.888888889,0.864864865,1,0.193543465,6,20.58413482,0.407354832,0.020367742,20
glass,FACETIndex,100,,30000,5,0.848484848,0.842105263,0.888888889,0.864864865,1,0.188328074,6,30.23592424,0.552905798,0.02764529,20
glass,FACETIndex,100,,40000,5,0.848484848,0.842105263,0.888888889,0.864864865,1,0.186921882,5.85,39.76291633,0.650496721,0.032524836,20
glass,FACETIndex,100,,50000,5,0.848484848,0.842105263,0.888888889,0.864864865,1,0.187255549,6.15,49.13244152,0.732401609,0.03662008,20
glass,FACETIndex,100,,60000,5,0.848484848,0.842105263,0.888888889,0.864864865,1,0.187271993,6,58.83398938,0.837558031,0.041877902,20
glass,FACETIndex,100,,70000,5,0.848484848,0.842105263,0.888888889,0.864864865,1,0.186557348,5.95,67.49214125,0.988742828,0.049437141,20
glass,FACETIndex,100,,80000,5,0.848484848,0.842105263,0.888888889,0.864864865,1,0.183465063,5.95,76.70454311,0.852380514,0.042619026,20
glass,FACETIndex,100,,90000,5,0.848484848,0.842105263,0.888888889,0.864864865,1,0.187221457,6,86.65098524,1.132291794,0.05661459,20
glass,FACETIndex,100,,100000,5,0.848484848,0.842105263,0.888888889,0.864864865,1,0.185338311,5.8,95.0757165,1.168932676,0.058446634,20
glass,FACETIndex,100,,100,6,0.878787879,0.933333333,0.823529412,0.875,1,0.199220861,5.65,0.178930044,0.020776749,0.001038837,20
glass,FACETIndex,100,,1000,6,0.878787879,0.933333333,0.823529412,0.875,1,0.15290264,5.6,1.254072666,0.043792009,0.0021896,20
glass,FACETIndex,100,,5000,6,0.878787879,0.933333333,0.823529412,0.875,1,0.142215608,5.55,5.594463348,0.121135235,0.006056762,20
glass,FACETIndex,100,,10000,6,0.878787879,0.933333333,0.823529412,0.875,1,0.138280635,5.45,10.8517983,0.184637308,0.009231865,20
glass,FACETIndex,100,,20000,6,0.878787879,0.933333333,0.823529412,0.875,1,0.137463493,5.35,21.16598916,0.317583084,0.015879154,20
glass,FACETIndex,100,,30000,6,0.878787879,0.933333333,0.823529412,0.875,1,0.134211605,5.35,30.9712472,0.401534081,0.020076704,20
glass,FACETIndex,100,,40000,6,0.878787879,0.933333333,0.823529412,0.875,1,0.130217031,5.15,40.65575552,0.498208284,0.024910414,20
glass,FACETIndex,100,,50000,6,0.878787879,0.933333333,0.823529412,0.875,1,0.134103787,5.35,50.45255065,0.62009263,0.031004632,20
glass,FACETIndex,100,,60000,6,0.878787879,0.933333333,0.823529412,0.875,1,0.131360235,5.4,60.25248551,0.657363653,0.032868183,20
glass,FACETIndex,100,,70000,6,0.878787879,0.933333333,0.823529412,0.875,1,0.131320133,5.15,69.46537328,0.709227085,0.035461354,20
glass,FACETIndex,100,,80000,6,0.878787879,0.933333333,0.823529412,0.875,1,0.133720599,5.35,78.76373291,0.774278402,0.03871392,20
glass,FACETIndex,100,,90000,6,0.878787879,0.933333333,0.823529412,0.875,1,0.129328136,5,88.24711347,0.858811378,0.042940569,20
glass,FACETIndex,100,,100000,6,0.878787879,0.933333333,0.823529412,0.875,1,0.130008596,5.1,97.4596777,0.805994749,0.040299737,20
glass,FACETIndex,100,,100,7,0.787878788,0.6875,0.846153846,0.75862069,1,0.249946873,5.2,0.178596497,0.020353556,0.001017678,20
glass,FACETIndex,100,,1000,7,0.787878788,0.6875,0.846153846,0.75862069,1,0.196319466,5.3,1.208665848,0.040128708,0.002006435,20
glass,FACETIndex,100,,5000,7,0.787878788,0.6875,0.846153846,0.75862069,1,0.184745908,5,5.506474495,0.109559059,0.005477953,20
glass,FACETIndex,100,,10000,7,0.787878788,0.6875,0.846153846,0.75862069,1,0.18408557,4.9,10.71201468,0.195360899,0.009768045,20
glass,FACETIndex,100,,20000,7,0.787878788,0.6875,0.846153846,0.75862069,1,0.181809621,5,20.6197412,0.261089325,0.013054466,20
glass,FACETIndex,100,,30000,7,0.787878788,0.6875,0.846153846,0.75862069,1,0.180991926,5.1,30.31857204,0.405538559,0.020276928,20
glass,FACETIndex,100,,40000,7,0.787878788,0.6875,0.846153846,0.75862069,1,0.181416351,4.85,39.82442784,0.486841679,0.024342084,20
glass,FACETIndex,100,,50000,7,0.787878788,0.6875,0.846153846,0.75862069,1,0.18020875,4.9,49.21666241,0.540558338,0.027027917,20
glass,FACETIndex,100,,60000,7,0.787878788,0.6875,0.846153846,0.75862069,1,0.179607,5.05,58.08130121,0.611485958,0.030574298,20
glass,FACETIndex,100,,70000,7,0.787878788,0.6875,0.846153846,0.75862069,1,0.180858455,5,67.03722239,0.665456772,0.033272839,20
glass,FACETIndex,100,,80000,7,0.787878788,0.6875,0.846153846,0.75862069,1,0.177973826,5.3,76.41067791,0.690917492,0.034545875,20
glass,FACETIndex,100,,90000,7,0.787878788,0.6875,0.846153846,0.75862069,1,0.172783137,5.15,86.3470192,0.589912891,0.029495645,20
glass,FACETIndex,100,,100000,7,0.787878788,0.6875,0.846153846,0.75862069,1,0.177763147,4.9,95.5608871,0.789061069,0.039453053,20
glass,FACETIndex,100,,100,8,0.878787879,0.95,0.863636364,0.904761905,1,0.154205732,5.45,0.176722527,0.016568661,0.000828433,20
glass,FACETIndex,100,,1000,8,0.878787879,0.95,0.863636364,0.904761905,1,0.12563146,5.2,1.197764635,0.030505419,0.001525271,20
glass,FACETIndex,100,,5000,8,0.878787879,0.95,0.863636364,0.904761905,1,0.119453983,5,5.412345409,0.071308374,0.003565419,20
glass,FACETIndex,100,,10000,8,0.878787879,0.95,0.863636364,0.904761905,1,0.117337819,5.15,10.46145439,0.123676062,0.006183803,20
glass,FACETIndex,100,,20000,8,0.878787879,0.95,0.863636364,0.904761905,1,0.115859383,4.9,20.47150111,0.193713665,0.009685683,20
glass,FACETIndex,100,,30000,8,0.878787879,0.95,0.863636364,0.904761905,1,0.116778385,5.15,30.09909177,0.243972301,0.012198615,20
glass,FACETIndex,100,,40000,8,0.878787879,0.95,0.863636364,0.904761905,1,0.116422245,5.15,39.60698152,0.291241169,0.014562058,20
glass,FACETIndex,100,,50000,8,0.878787879,0.95,0.863636364,0.904761905,1,0.114121098,4.9,49.15912867,0.313358545,0.015667927,20
glass,FACETIndex,100,,60000,8,0.878787879,0.95,0.863636364,0.904761905,1,0.115185111,4.95,58.548136,0.395554304,0.019777715,20
glass,FACETIndex,100,,70000,8,0.878787879,0.95,0.863636364,0.904761905,1,0.115559958,5.15,67.63586688,0.435781002,0.02178905,20
glass,FACETIndex,100,,80000,8,0.878787879,0.95,0.863636364,0.904761905,1,0.113730272,4.9,77.39937973,0.439779997,0.021989,20
glass,FACETIndex,100,,90000,8,0.878787879,0.95,0.863636364,0.904761905,1,0.113806652,4.8,86.95170212,0.469202518,0.023460126,20
glass,FACETIndex,100,,100000,8,0.878787879,0.95,0.863636364,0.904761905,1,0.114004639,4.7,95.75257564,0.517743587,0.025887179,20
glass,FACETIndex,100,,100,9,0.909090909,0.941176471,0.888888889,0.914285714,1,0.242686183,5.85,0.180533886,0.022508621,0.001125431,20
glass,FACETIndex,100,,1000,9,0.909090909,0.941176471,0.888888889,0.914285714,1,0.210333133,6.35,1.231814861,0.060168266,0.003008413,20
glass,FACETIndex,100,,5000,9,0.909090909,0.941176471,0.888888889,0.914285714,1,0.206725748,5.95,5.611312389,0.213886738,0.010694337,20
glass,FACETIndex,100,,10000,9,0.909090909,0.941176471,0.888888889,0.914285714,1,0.203933073,6.2,10.86971712,0.3242836,0.01621418,20
glass,FACETIndex,100,,20000,9,0.909090909,0.941176471,0.888888889,0.914285714,1,0.202456197,6,21.11046839,0.525175571,0.026258779,20
glass,FACETIndex,100,,30000,9,0.909090909,0.941176471,0.888888889,0.914285714,1,0.202460159,6.05,31.09260035,0.739660025,0.036983001,20
glass,FACETIndex,100,,40000,9,0.909090909,0.941176471,0.888888889,0.914285714,1,0.201293911,6,40.92632627,0.958341122,0.047917056,20
glass,FACETIndex,100,,50000,9,0.909090909,0.941176471,0.888888889,0.914285714,1,0.200541934,5.95,50.29782939,1.088452578,0.054422629,20
glass,FACETIndex,100,,60000,9,0.909090909,0.941176471,0.888888889,0.914285714,1,0.201557423,6.15,59.81395888,1.292459011,0.064622951,20
glass,FACETIndex,100,,70000,9,0.909090909,0.941176471,0.888888889,0.914285714,1,0.201063332,6,69.90014148,1.433790922,0.071689546,20
glass,FACETIndex,100,,80000,9,0.909090909,0.941176471,0.888888889,0.914285714,1,0.19942335,5.85,78.82262635,1.540420055,0.077021003,20
glass,FACETIndex,100,,90000,9,0.909090909,0.941176471,0.888888889,0.914285714,1,0.199983228,5.9,88.51417208,1.746013641,0.087300682,20
glass,FACETIndex,100,,100000,9,0.909090909,0.941176471,0.888888889,0.914285714,1,0.198496573,6.05,97.99695635,1.832093716,0.091604686,20
magic,FACETIndex,100,,100,0,0.873817035,0.878869969,0.931501231,0.90442055,1,0.317976467,9.2,4.89519763,0.026552916,0.001327646,20
magic,FACETIndex,100,,1000,0,0.873817035,0.878869969,0.931501231,0.90442055,1,0.226524049,9.15,6.228432417,0.055821896,0.002791095,20
magic,FACETIndex,100,,5000,0,0.873817035,0.878869969,0.931501231,0.90442055,1,0.19059332,8.85,11.92452216,0.141794205,0.00708971,20
magic,FACETIndex,100,,10000,0,0.873817035,0.878869969,0.931501231,0.90442055,1,0.175579159,8.4,19.5455718,0.217053652,0.010852683,20
magic,FACETIndex,100,,20000,0,0.873817035,0.878869969,0.931501231,0.90442055,1,0.163740359,8.15,34.13080788,0.354811192,0.01774056,20
magic,FACETIndex,100,,30000,0,0.873817035,0.878869969,0.931501231,0.90442055,1,0.162707484,7.9,47.86772084,0.459379673,0.022968984,20
magic,FACETIndex,100,,40000,0,0.873817035,0.878869969,0.931501231,0.90442055,1,0.157686595,7.65,62.78590488,0.643315077,0.032165754,20
magic,FACETIndex,100,,50000,0,0.873817035,0.878869969,0.931501231,0.90442055,1,0.158913851,8.15,76.99319196,0.789374113,0.039468706,20
magic,FACETIndex,100,,60000,0,0.873817035,0.878869969,0.931501231,0.90442055,1,0.156030034,7.9,91.01961637,0.76376915,0.038188457,20
magic,FACETIndex,100,,70000,0,0.873817035,0.878869969,0.931501231,0.90442055,1,0.156780593,7.9,104.8320742,0.886558056,0.044327903,20
magic,FACETIndex,100,,80000,0,0.873817035,0.878869969,0.931501231,0.90442055,1,0.155434359,8.05,118.9596996,1.074201822,0.053710091,20
magic,FACETIndex,100,,90000,0,0.873817035,0.878869969,0.931501231,0.90442055,1,0.153990721,7.9,132.7396665,1.110168695,0.055508435,20
magic,FACETIndex,100,,100000,0,0.873817035,0.878869969,0.931501231,0.90442055,1,0.157193613,7.75,147.1344535,1.520475864,0.076023793,20
magic,FACETIndex,100,,100,1,0.883280757,0.887924528,0.9412,0.913786408,1,0.251223612,8.95,4.786862135,0.020941734,0.001047087,20
magic,FACETIndex,100,,1000,1,0.883280757,0.887924528,0.9412,0.913786408,1,0.145786493,9.2,6.034315109,0.027163029,0.001358151,20
magic,FACETIndex,100,,5000,1,0.883280757,0.887924528,0.9412,0.913786408,1,0.127589331,8.6,11.78767705,0.062902689,0.003145134,20
magic,FACETIndex,100,,10000,1,0.883280757,0.887924528,0.9412,0.913786408,1,0.11594329,8.8,19.08226538,0.072631121,0.003631556,20
magic,FACETIndex,100,,20000,1,0.883280757,0.887924528,0.9412,0.913786408,1,0.107492316,8.75,33.26720047,0.15286994,0.007643497,20
magic,FACETIndex,100,,30000,1,0.883280757,0.887924528,0.9412,0.913786408,1,0.106727824,8.45,47.78232789,0.212357044,0.010617852,20
magic,FACETIndex,100,,40000,1,0.883280757,0.887924528,0.9412,0.913786408,1,0.102479038,8.55,61.54810667,0.22495079,0.01124754,20
magic,FACETIndex,100,,50000,1,0.883280757,0.887924528,0.9412,0.913786408,1,0.103240522,8.9,75.37401986,0.293574333,0.014678717,20
magic,FACETIndex,100,,60000,1,0.883280757,0.887924528,0.9412,0.913786408,1,0.101416823,9,89.8478055,0.32080555,0.016040277,20
magic,FACETIndex,100,,70000,1,0.883280757,0.887924528,0.9412,0.913786408,1,0.100329832,8.85,104.142179,0.383094072,0.019154704,20
magic,FACETIndex,100,,80000,1,0.883280757,0.887924528,0.9412,0.913786408,1,0.098991748,8.55,117.9312322,0.448665142,0.022433257,20
magic,FACETIndex,100,,90000,1,0.883280757,0.887924528,0.9412,0.913786408,1,0.098647221,8.85,132.4175713,0.460586786,0.023029339,20
magic,FACETIndex,100,,100000,1,0.883280757,0.887924528,0.9412,0.913786408,1,0.098364158,8.85,145.2628078,0.533640146,0.026682007,20
magic,FACETIndex,100,,100,2,0.877760252,0.881968474,0.935562806,0.90797546,1,0.235689012,8.85,4.692699909,0.023512363,0.001175618,20
magic,FACETIndex,100,,1000,2,0.877760252,0.881968474,0.935562806,0.90797546,1,0.154925108,9.2,6.004561424,0.03940773,0.001970387,20
magic,FACETIndex,100,,5000,2,0.877760252,0.881968474,0.935562806,0.90797546,1,0.129642406,8.95,11.87270999,0.099281311,0.004964066,20
magic,FACETIndex,100,,10000,2,0.877760252,0.881968474,0.935562806,0.90797546,1,0.126047765,8.7,19.34009218,0.188570499,0.009428525,20
magic,FACETIndex,100,,20000,2,0.877760252,0.881968474,0.935562806,0.90797546,1,0.119239402,9,33.52466917,0.335592508,0.016779625,20
magic,FACETIndex,100,,30000,2,0.877760252,0.881968474,0.935562806,0.90797546,1,0.113909033,9.1,48.14165854,0.455117702,0.022755885,20
magic,FACETIndex,100,,40000,2,0.877760252,0.881968474,0.935562806,0.90797546,1,0.110425371,8.9,62.05163574,0.550080299,0.027504015,20
magic,FACETIndex,100,,50000,2,0.877760252,0.881968474,0.935562806,0.90797546,1,0.108498477,8.75,76.54180241,0.670174599,0.03350873,20
magic,FACETIndex,100,,60000,2,0.877760252,0.881968474,0.935562806,0.90797546,1,0.108959742,8.75,90.9804008,0.824366331,0.041218317,20
magic,FACETIndex,100,,70000,2,0.877760252,0.881968474,0.935562806,0.90797546,1,0.105261145,8.5,105.5620894,0.891283512,0.044564176,20
magic,FACETIndex,100,,80000,2,0.877760252,0.881968474,0.935562806,0.90797546,1,0.103754174,8.5,119.0930457,1.025759697,0.051287985,20
magic,FACETIndex,100,,90000,2,0.877760252,0.881968474,0.935562806,0.90797546,1,0.104135987,8.6,131.3853712,1.140599251,0.057029963,20
magic,FACETIndex,100,,100000,2,0.877760252,0.881968474,0.935562806,0.90797546,1,0.101626102,8.55,146.7793381,1.206476927,0.060323846,20
magic,FACETIndex,100,,100,3,0.864879075,0.870067014,0.934052758,0.900925212,1,0.237639442,9.3,4.802965164,0.021728754,0.001086438,20
magic,FACETIndex,100,,100,3,0.864879075,0.870067014,0.934052758,0.900925212,1,0.237639442,9.3,4.629106283,0.021560669,0.001078033,20
magic,FACETIndex,100,,1000,3,0.864879075,0.870067014,0.934052758,0.900925212,1,0.184431873,9,6.060985565,0.041219473,0.002060974,20
magic,FACETIndex,100,,1000,3,0.864879075,0.870067014,0.934052758,0.900925212,1,0.184431873,9,5.899844408,0.039945126,0.001997256,20
magic,FACETIndex,100,,5000,3,0.864879075,0.870067014,0.934052758,0.900925212,1,0.146683094,8.85,12.15720701,0.094283104,0.004714155,20
magic,FACETIndex,100,,5000,3,0.864879075,0.870067014,0.934052758,0.900925212,1,0.146683094,8.85,11.70242023,0.09031415,0.004515707,20
magic,FACETIndex,100,,10000,3,0.864879075,0.870067014,0.934052758,0.900925212,1,0.129357706,8.2,19.7562027,0.120213747,0.006010687,20
magic,FACETIndex,100,,10000,3,0.864879075,0.870067014,0.934052758,0.900925212,1,0.129357706,8.2,19.04175091,0.118922234,0.005946112,20
magic,FACETIndex,100,,20000,3,0.864879075,0.870067014,0.934052758,0.900925212,1,0.12524639,8.3,34.33509207,0.209227562,0.010461378,20
magic,FACETIndex,100,,20000,3,0.864879075,0.870067014,0.934052758,0.900925212,1,0.12524639,8.3,33.19628644,0.205699921,0.010284996,20
magic,FACETIndex,100,,30000,3,0.864879075,0.870067014,0.934052758,0.900925212,1,0.125516673,8.2,48.31673527,0.311083078,0.015554154,20
magic,FACETIndex,100,,30000,3,0.864879075,0.870067014,0.934052758,0.900925212,1,0.125516673,8.2,47.19680667,0.304809332,0.015240467,20
magic,FACETIndex,100,,40000,3,0.864879075,0.870067014,0.934052758,0.900925212,1,0.121725761,8.2,63.84038997,0.374047041,0.018702352,20
magic,FACETIndex,100,,40000,3,0.864879075,0.870067014,0.934052758,0.900925212,1,0.121725761,8.2,61.11007762,0.362517595,0.01812588,20
magic,FACETIndex,100,,50000,3,0.864879075,0.870067014,0.934052758,0.900925212,1,0.12153848,8.2,77.29279542,0.453322887,0.022666144,20
magic,FACETIndex,100,,50000,3,0.864879075,0.870067014,0.934052758,0.900925212,1,0.12153848,8.2,75.7110157,0.440643311,0.022032166,20
magic,FACETIndex,100,,60000,3,0.864879075,0.870067014,0.934052758,0.900925212,1,0.118026517,8.3,92.73608327,0.526908636,0.026345432,20
magic,FACETIndex,100,,60000,3,0.864879075,0.870067014,0.934052758,0.900925212,1,0.118026517,8.3,89.07652688,0.5189116,0.02594558,20
magic,FACETIndex,100,,70000,3,0.864879075,0.870067014,0.934052758,0.900925212,1,0.121274833,8.45,106.0847299,0.620796204,0.03103981,20
magic,FACETIndex,100,,70000,3,0.864879075,0.870067014,0.934052758,0.900925212,1,0.121274833,8.45,103.2655661,0.608126163,0.030406308,20
magic,FACETIndex,100,,80000,3,0.864879075,0.870067014,0.934052758,0.900925212,1,0.11837924,8.15,121.2966421,0.714015245,0.035700762,20
magic,FACETIndex,100,,80000,3,0.864879075,0.870067014,0.934052758,0.900925212,1,0.11837924,8.15,116.621799,0.700326443,0.035016322,20
magic,FACETIndex,100,,90000,3,0.864879075,0.870067014,0.934052758,0.900925212,1,0.119370123,8.3,134.3775482,0.786545277,0.039327264,20
magic,FACETIndex,100,,90000,3,0.864879075,0.870067014,0.934052758,0.900925212,1,0.119370123,8.3,130.184834,0.76708293,0.038354146,20
magic,FACETIndex,100,,100000,3,0.864879075,0.870067014,0.934052758,0.900925212,1,0.120802154,8.25,149.1455221,0.887987137,0.044399357,20
magic,FACETIndex,100,,100000,3,0.864879075,0.870067014,0.934052758,0.900925212,1,0.120802154,8.25,143.4903584,0.859389782,0.042969489,20
magic,FACETIndex,100,,100,4,0.875920084,0.87831094,0.936553418,0.906497623,1,0.271930448,8.75,5.033344984,0.025552273,0.001277614,20
magic,FACETIndex,100,,1000,4,0.875920084,0.87831094,0.936553418,0.906497623,1,0.191802711,8.6,6.439066172,0.047196388,0.002359819,20
magic,FACETIndex,100,,5000,4,0.875920084,0.87831094,0.936553418,0.906497623,1,0.152789739,9,12.84629822,0.089640856,0.004482043,20
magic,FACETIndex,100,,10000,4,0.875920084,0.87831094,0.936553418,0.906497623,1,0.1462736,8.75,20.61110353,0.148690224,0.007434511,20
magic,FACETIndex,100,,20000,4,0.875920084,0.87831094,0.936553418,0.906497623,1,0.13979536,8.6,34.90464759,0.292599916,0.014629996,20
magic,FACETIndex,100,,30000,4,0.875920084,0.87831094,0.936553418,0.906497623,1,0.134434587,8.35,49.16023207,0.332851648,0.016642582,20
magic,FACETIndex,100,,40000,4,0.875920084,0.87831094,0.936553418,0.906497623,1,0.132674013,8.4,68.63781309,0.411087751,0.020554388,20
magic,FACETIndex,100,,50000,4,0.875920084,0.87831094,0.936553418,0.906497623,1,0.131915878,8.45,79.09408545,0.481583834,0.024079192,20
magic,FACETIndex,100,,60000,4,0.875920084,0.87831094,0.936553418,0.906497623,1,0.131070587,8.45,93.94125152,0.563133478,0.028156674,20
magic,FACETIndex,100,,70000,4,0.875920084,0.87831094,0.936553418,0.906497623,1,0.131498411,8.2,111.2766175,0.77298522,0.038649261,20
magic,FACETIndex,100,,80000,4,0.875920084,0.87831094,0.936553418,0.906497623,1,0.131254483,8.1,127.5419512,0.735204697,0.036760235,20
magic,FACETIndex,100,,90000,4,0.875920084,0.87831094,0.936553418,0.906497623,1,0.129206223,8.25,142.6627071,0.750287294,0.037514365,20
magic,FACETIndex,100,,100000,4,0.875920084,0.87831094,0.936553418,0.906497623,1,0.129085909,8.2,154.0756056,0.899871826,0.044993591,20
magic,FACETIndex,100,,100,5,0.878023134,0.875864719,0.941735537,0.907606531,1,0.203801624,9.45,4.942041636,0.020290613,0.001014531,20
magic,FACETIndex,100,,1000,5,0.878023134,0.875864719,0.941735537,0.907606531,1,0.124504695,9.15,6.292572498,0.023005724,0.001150286,20
magic,FACETIndex,100,,5000,5,0.878023134,0.875864719,0.941735537,0.907606531,1,0.10544288,9.05,12.28512335,0.042284012,0.002114201,20
magic,FACETIndex,100,,10000,5,0.878023134,0.875864719,0.941735537,0.907606531,1,0.100940007,9.25,19.85923529,0.06067276,0.003033638,20
magic,FACETIndex,100,,20000,5,0.878023134,0.875864719,0.941735537,0.907606531,1,0.09706865,9.05,34.4535656,0.100935459,0.005046773,20
magic,FACETIndex,100,,30000,5,0.878023134,0.875864719,0.941735537,0.907606531,1,0.095205803,8.95,48.31732821,0.142353058,0.007117653,20
magic,FACETIndex,100,,40000,5,0.878023134,0.875864719,0.941735537,0.907606531,1,0.091744035,9.05,63.62080622,0.170182943,0.008509147,20
magic,FACETIndex,100,,50000,5,0.878023134,0.875864719,0.941735537,0.907606531,1,0.092238718,9,77.56646657,0.219121456,0.010956073,20
magic,FACETIndex,100,,60000,5,0.878023134,0.875864719,0.941735537,0.907606531,1,0.091750527,8.95,91.74514675,0.25218606,0.012609303,20
magic,FACETIndex,100,,70000,5,0.878023134,0.875864719,0.941735537,0.907606531,1,0.092445192,8.95,106.9094102,0.296614408,0.01483072,20
magic,FACETIndex,100,,80000,5,0.878023134,0.875864719,0.941735537,0.907606531,1,0.090770509,8.75,121.7868953,0.339753151,0.016987658,20
magic,FACETIndex,100,,90000,5,0.878023134,0.875864719,0.941735537,0.907606531,1,0.091704065,9.15,135.0642626,0.378532887,0.018926644,20
magic,FACETIndex,100,,100000,5,0.878023134,0.875864719,0.941735537,0.907606531,1,0.089718145,8.85,148.823401,0.430316687,0.021515834,20
magic,FACETIndex,100,,100,6,0.883280757,0.891788181,0.934835076,0.912804399,1,0.238870887,9.35,4.759982347,0.020917177,0.001045859,20
magic,FACETIndex,100,,1000,6,0.883280757,0.891788181,0.934835076,0.912804399,1,0.14223018,8.8,6.022757053,0.035902739,0.001795137,20
magic,FACETIndex,100,,5000,6,0.883280757,0.891788181,0.934835076,0.912804399,1,0.120516486,8.7,11.84681892,0.066892385,0.003344619,20
magic,FACETIndex,100,,10000,6,0.883280757,0.891788181,0.934835076,0.912804399,1,0.110130933,8.15,19.35403466,0.056024551,0.002801228,20
magic,FACETIndex,100,,20000,6,0.883280757,0.891788181,0.934835076,0.912804399,1,0.103543606,8.3,33.6760664,0.094189644,0.004709482,20
magic,FACETIndex,100,,30000,6,0.883280757,0.891788181,0.934835076,0.912804399,1,0.100837661,8.15,48.36279511,0.110930443,0.005546522,20
magic,FACETIndex,100,,40000,6,0.883280757,0.891788181,0.934835076,0.912804399,1,0.094310898,8.4,63.1728642,0.13637495,0.006818748,20
magic,FACETIndex,100,,50000,6,0.883280757,0.891788181,0.934835076,0.912804399,1,0.094250161,8.1,77.52744269,0.165682316,0.008284116,20
magic,FACETIndex,100,,60000,6,0.883280757,0.891788181,0.934835076,0.912804399,1,0.093941854,8.3,92.83584809,0.193104744,0.009655237,20
magic,FACETIndex,100,,70000,6,0.883280757,0.891788181,0.934835076,0.912804399,1,0.093238749,8.05,106.774627,0.21807313,0.010903656,20
magic,FACETIndex,100,,80000,6,0.883280757,0.891788181,0.934835076,0.912804399,1,0.09141242,8.25,121.3163235,0.233141661,0.011657083,20
magic,FACETIndex,100,,90000,6,0.883280757,0.891788181,0.934835076,0.912804399,1,0.092226599,8.25,136.3411217,0.273590326,0.013679516,20
magic,FACETIndex,100,,100000,6,0.883280757,0.891788181,0.934835076,0.912804399,1,0.092707955,8.2,148.023453,0.291818857,0.014590943,20
magic,FACETIndex,100,,100,7,0.876971609,0.882219706,0.937424789,0.908984831,1,0.229688794,9.55,4.798902035,0.019808531,0.000990427,20
magic,FACETIndex,100,,1000,7,0.876971609,0.882219706,0.937424789,0.908984831,1,0.163737252,8.9,6.072916508,0.032171965,0.001608598,20
magic,FACETIndex,100,,5000,7,0.876971609,0.882219706,0.937424789,0.908984831,1,0.126656821,8.25,11.92194366,0.069003105,0.003450155,20
magic,FACETIndex,100,,10000,7,0.876971609,0.882219706,0.937424789,0.908984831,1,0.113949559,8.1,19.3752315,0.09160161,0.004580081,20
magic,FACETIndex,100,,20000,7,0.876971609,0.882219706,0.937424789,0.908984831,1,0.102396238,7.7,34.02908182,0.134972095,0.006748605,20
magic,FACETIndex,100,,30000,7,0.876971609,0.882219706,0.937424789,0.908984831,1,0.099974038,8.1,48.6740644,0.174757719,0.008737886,20
magic,FACETIndex,100,,40000,7,0.876971609,0.882219706,0.937424789,0.908984831,1,0.098792348,8.15,63.46176195,0.233707428,0.011685371,20
magic,FACETIndex,100,,50000,7,0.876971609,0.882219706,0.937424789,0.908984831,1,0.095223871,7.7,77.71806407,0.268828869,0.013441443,20
magic,FACETIndex,100,,60000,7,0.876971609,0.882219706,0.937424789,0.908984831,1,0.095972682,8.05,92.88102889,0.320575714,0.016028786,20
magic,FACETIndex,100,,70000,7,0.876971609,0.882219706,0.937424789,0.908984831,1,0.097547371,7.6,105.908071,0.359097958,0.017954898,20
magic,FACETIndex,100,,80000,7,0.876971609,0.882219706,0.937424789,0.908984831,1,0.09535725,7.85,122.169874,0.389688492,0.019484425,20
magic,FACETIndex,100,,90000,7,0.876971609,0.882219706,0.937424789,0.908984831,1,0.095405282,8.45,137.7123601,0.425941944,0.021297097,20
magic,FACETIndex,100,,100000,7,0.876971609,0.882219706,0.937424789,0.908984831,1,0.095537109,7.9,149.7651308,0.468228579,0.023411429,20
magic,FACETIndex,100,,100,8,0.887486856,0.892431809,0.940105221,0.915648404,1,0.246818633,9.05,4.852827787,0.019881248,0.000994062,20
magic,FACETIndex,100,,1000,8,0.887486856,0.892431809,0.940105221,0.915648404,1,0.175812612,9.35,6.112970829,0.030072212,0.001503611,20
magic,FACETIndex,100,,5000,8,0.887486856,0.892431809,0.940105221,0.915648404,1,0.132822404,9.05,11.9103055,0.045821667,0.002291083,20
magic,FACETIndex,100,,10000,8,0.887486856,0.892431809,0.940105221,0.915648404,1,0.118014192,8.75,19.36650252,0.055027962,0.002751398,20
magic,FACETIndex,100,,20000,8,0.887486856,0.892431809,0.940105221,0.915648404,1,0.113376107,8.75,33.80193162,0.094466686,0.004723334,20
magic,FACETIndex,100,,30000,8,0.887486856,0.892431809,0.940105221,0.915648404,1,0.111465262,8.35,48.32987428,0.13849473,0.006924736,20
magic,FACETIndex,100,,40000,8,0.887486856,0.892431809,0.940105221,0.915648404,1,0.11028695,8.35,63.18229723,0.15777564,0.007888782,20
magic,FACETIndex,100,,50000,8,0.887486856,0.892431809,0.940105221,0.915648404,1,0.11010644,8.65,77.41519952,0.196951628,0.009847581,20
magic,FACETIndex,100,,60000,8,0.887486856,0.892431809,0.940105221,0.915648404,1,0.106163369,8.8,92.40458393,0.221116304,0.011055815,20
magic,FACETIndex,100,,70000,8,0.887486856,0.892431809,0.940105221,0.915648404,1,0.107516453,8.35,106.8789883,0.277145624,0.013857281,20
magic,FACETIndex,100,,80000,8,0.887486856,0.892431809,0.940105221,0.915648404,1,0.105270756,8.4,119.6739364,0.277604103,0.013880205,20
magic,FACETIndex,100,,90000,8,0.887486856,0.892431809,0.940105221,0.915648404,1,0.108027189,8.8,136.3305001,0.337641239,0.016882062,20
magic,FACETIndex,100,,100000,8,0.887486856,0.892431809,0.940105221,0.915648404,1,0.105770945,8.5,147.704488,0.369081259,0.018454063,20
magic,FACETIndex,100,,100,9,0.887749737,0.891446107,0.94165316,0.915862069,1,0.208562163,9.35,4.779484034,0.021547318,0.001077366,20
magic,FACETIndex,100,,1000,9,0.887749737,0.891446107,0.94165316,0.915862069,1,0.147641889,9.1,6.058413506,0.036011457,0.001800573,20
magic,FACETIndex,100,,5000,9,0.887749737,0.891446107,0.94165316,0.915862069,1,0.121473962,8.2,11.87529039,0.053164244,0.002658212,20
magic,FACETIndex,100,,10000,9,0.887749737,0.891446107,0.94165316,0.915862069,1,0.110188762,8.2,19.5578618,0.072131872,0.003606594,20
magic,FACETIndex,100,,20000,9,0.887749737,0.891446107,0.94165316,0.915862069,1,0.104145863,8.15,33.91620588,0.125133991,0.0062567,20
magic,FACETIndex,100,,30000,9,0.887749737,0.891446107,0.94165316,0.915862069,1,0.100731673,8.2,48.40847969,0.188205004,0.00941025,20
magic,FACETIndex,100,,40000,9,0.887749737,0.891446107,0.94165316,0.915862069,1,0.099237145,8.45,63.36161804,0.218165874,0.010908294,20
magic,FACETIndex,100,,50000,9,0.887749737,0.891446107,0.94165316,0.915862069,1,0.099113047,8.25,77.96393251,0.268461466,0.013423073,20
magic,FACETIndex,100,,60000,9,0.887749737,0.891446107,0.94165316,0.915862069,1,0.099278062,8,92.25531268,0.329884052,0.016494203,20
magic,FACETIndex,100,,70000,9,0.887749737,0.891446107,0.94165316,0.915862069,1,0.098376136,8.4,106.6668837,0.37463212,0.018731606,20
magic,FACETIndex,100,,80000,9,0.887749737,0.891446107,0.94165316,0.915862069,1,0.098843747,8.4,120.6520677,0.42365098,0.021182549,20
magic,FACETIndex,100,,90000,9,0.887749737,0.891446107,0.94165316,0.915862069,1,0.098012249,8.35,133.9698577,0.477920532,0.023896027,20
magic,FACETIndex,100,,100000,9,0.887749737,0.891446107,0.94165316,0.915862069,1,0.098969908,8.15,148.0598307,0.528455734,0.026422787,20
spambase,FACETIndex,100,,100,0,0.958695652,0.95026178,0.95026178,0.95026178,1,0.185882049,22.1,1.277112007,0.039804697,0.001990235,20
spambase,FACETIndex,100,,1000,0,0.958695652,0.95026178,0.95026178,0.95026178,1,0.132754399,20.45,4.726193666,0.071226597,0.00356133,20
spambase,FACETIndex,100,,5000,0,0.958695652,0.95026178,0.95026178,0.95026178,1,0.106330672,19.35,20.41928482,0.136939287,0.006846964,20
spambase,FACETIndex,100,,10000,0,0.958695652,0.95026178,0.95026178,0.95026178,1,0.084559006,17.85,41.77770281,0.076381207,0.00381906,20
spambase,FACETIndex,100,,20000,0,0.958695652,0.95026178,0.95026178,0.95026178,1,0.085360286,18.25,80.31414199,0.130522728,0.006526136,20
spambase,FACETIndex,100,,30000,0,0.958695652,0.95026178,0.95026178,0.95026178,1,0.078522742,17.25,120.280582,0.137949228,0.006897461,20
spambase,FACETIndex,100,,40000,0,0.958695652,0.95026178,0.95026178,0.95026178,1,0.075747451,18.15,163.9937334,0.187679291,0.009383965,20
spambase,FACETIndex,100,,50000,0,0.958695652,0.95026178,0.95026178,0.95026178,1,0.065256807,16.7,205.6063461,0.183745146,0.009187257,20
spambase,FACETIndex,100,,60000,0,0.958695652,0.95026178,0.95026178,0.95026178,1,0.05923037,16.45,247.9576929,0.221109867,0.011055493,20
spambase,FACETIndex,100,,70000,0,0.958695652,0.95026178,0.95026178,0.95026178,1,0.075372009,16.8,287.8753188,0.267912388,0.013395619,20
spambase,FACETIndex,100,,80000,0,0.958695652,0.95026178,0.95026178,0.95026178,1,0.06232583,17.45,327.1377339,0.322393894,0.016119695,20
spambase,FACETIndex,100,,90000,0,0.958695652,0.95026178,0.95026178,0.95026178,1,0.057271316,16.5,368.514564,0.254776001,0.0127388,20
spambase,FACETIndex,100,,100000,0,0.958695652,0.95026178,0.95026178,0.95026178,1,0.066979233,16.45,408.1540015,0.297438145,0.014871907,20
spambase,FACETIndex,100,,100,1,0.955434783,0.959302326,0.924369748,0.941512126,1,0.201725757,20.95,1.292414427,0.041277885,0.002063894,20
spambase,FACETIndex,100,,1000,1,0.955434783,0.959302326,0.924369748,0.941512126,1,0.152806263,21,4.853896618,0.07924509,0.003962255,20
spambase,FACETIndex,100,,5000,1,0.955434783,0.959302326,0.924369748,0.941512126,1,0.095442575,17.55,20.80450988,0.163070679,0.008153534,20
spambase,FACETIndex,100,,10000,1,0.955434783,0.959302326,0.924369748,0.941512126,1,0.079905758,17.35,41.86236906,0.200655699,0.010032785,20
spambase,FACETIndex,100,,20000,1,0.955434783,0.959302326,0.924369748,0.941512126,1,0.068088994,17.9,82.40473747,0.220524311,0.011026216,20
spambase,FACETIndex,100,,30000,1,0.955434783,0.959302326,0.924369748,0.941512126,1,0.0608592,16.05,121.9881532,0.210878134,0.010543907,20
spambase,FACETIndex,100,,40000,1,0.955434783,0.959302326,0.924369748,0.941512126,1,0.060934291,17.55,160.6687961,0.172336817,0.008616841,20
spambase,FACETIndex,100,,50000,1,0.955434783,0.959302326,0.924369748,0.941512126,1,0.059949426,16.65,200.8326497,0.374381781,0.018719089,20
spambase,FACETIndex,100,,60000,1,0.955434783,0.959302326,0.924369748,0.941512126,1,0.059479897,16.3,243.449837,0.252834797,0.01264174,20
spambase,FACETIndex,100,,70000,1,0.955434783,0.959302326,0.924369748,0.941512126,1,0.054789279,16.95,282.3521209,0.263246059,0.013162303,20
spambase,FACETIndex,100,,80000,1,0.955434783,0.959302326,0.924369748,0.941512126,1,0.053415661,15.9,322.4000583,0.263996363,0.013199818,20
spambase,FACETIndex,100,,90000,1,0.955434783,0.959302326,0.924369748,0.941512126,1,0.051024615,15.2,365.1082666,0.502855301,0.025142765,20
spambase,FACETIndex,100,,100000,1,0.955434783,0.959302326,0.924369748,0.941512126,1,0.049112026,16.1,413.9996469,0.54164052,0.027082026,20
spambase,FACETIndex,100,,100,2,0.95326087,0.951086957,0.933333333,0.942126514,1,0.134965315,20.15,1.200835943,0.027649879,0.001382494,20
spambase,FACETIndex,100,,1000,2,0.95326087,0.951086957,0.933333333,0.942126514,1,0.098343628,20,4.585543871,0.048490524,0.002424526,20
spambase,FACETIndex,100,,5000,2,0.95326087,0.951086957,0.933333333,0.942126514,1,0.075825149,19.45,19.93960285,0.089346647,0.004467332,20
spambase,FACETIndex,100,,10000,2,0.95326087,0.951086957,0.933333333,0.942126514,1,0.065790289,17,40.27821541,0.147509813,0.007375491,20
spambase,FACETIndex,100,,20000,2,0.95326087,0.951086957,0.933333333,0.942126514,1,0.058093182,16.65,79.20202708,0.134423971,0.006721199,20
spambase,FACETIndex,100,,30000,2,0.95326087,0.951086957,0.933333333,0.942126514,1,0.056458441,15.8,119.9271986,0.337779522,0.016888976,20
spambase,FACETIndex,100,,40000,2,0.95326087,0.951086957,0.933333333,0.942126514,1,0.056872099,16.4,157.8437619,0.438636541,0.021931827,20
spambase,FACETIndex,100,,50000,2,0.95326087,0.951086957,0.933333333,0.942126514,1,0.053658132,16.4,196.7215898,0.255937338,0.012796867,20
spambase,FACETIndex,100,,60000,2,0.95326087,0.951086957,0.933333333,0.942126514,1,0.053438026,15.9,240.089505,0.304756165,0.015237808,20
spambase,FACETIndex,100,,70000,2,0.95326087,0.951086957,0.933333333,0.942126514,1,0.054068393,16.2,275.7698777,0.431330442,0.021566522,20
spambase,FACETIndex,100,,80000,2,0.95326087,0.951086957,0.933333333,0.942126514,1,0.052317036,16.05,311.9164362,0.437567949,0.021878397,20
spambase,FACETIndex,100,,90000,2,0.95326087,0.951086957,0.933333333,0.942126514,1,0.051794033,16.05,356.0465851,0.348269463,0.017413473,20
spambase,FACETIndex,100,,100000,2,0.95326087,0.951086957,0.933333333,0.942126514,1,0.050075548,15.05,393.6099923,0.927321911,0.046366096,20
spambase,FACETIndex,100,,100,4,0.945652174,0.94017094,0.919220056,0.929577465,1,0.158640959,20.85,1.25185585,0.031802416,0.001590121,20
spambase,FACETIndex,100,,1000,4,0.945652174,0.94017094,0.919220056,0.929577465,1,0.101460716,20,4.748832941,0.040875196,0.00204376,20
spambase,FACETIndex,100,,5000,4,0.945652174,0.94017094,0.919220056,0.929577465,1,0.081241124,18.5,20.76016879,0.107789993,0.0053895,20
spambase,FACETIndex,100,,10000,4,0.945652174,0.94017094,0.919220056,0.929577465,1,0.07628587,18.45,41.66913152,0.16463542,0.008231771,20
spambase,FACETIndex,100,,20000,4,0.945652174,0.94017094,0.919220056,0.929577465,1,0.072308865,17.35,79.93622637,0.212131262,0.010606563,20
spambase,FACETIndex,100,,30000,4,0.945652174,0.94017094,0.919220056,0.929577465,1,0.068990072,18.2,122.3207827,0.243385315,0.012169266,20
spambase,FACETIndex,100,,40000,4,0.945652174,0.94017094,0.919220056,0.929577465,1,0.069648417,17.45,161.1149554,0.357194662,0.017859733,20
spambase,FACETIndex,100,,50000,4,0.945652174,0.94017094,0.919220056,0.929577465,1,0.07162125,16.85,203.8669553,0.429190874,0.021459544,20
spambase,FACETIndex,100,,60000,4,0.945652174,0.94017094,0.919220056,0.929577465,1,0.066554472,16.2,244.2206643,0.397200108,0.019860005,20
spambase,FACETIndex,100,,70000,4,0.945652174,0.94017094,0.919220056,0.929577465,1,0.066491812,15.45,280.4747884,0.442124128,0.022106206,20
spambase,FACETIndex,100,,80000,4,0.945652174,0.94017094,0.919220056,0.929577465,1,0.062325048,17.35,324.6862459,0.520549059,0.026027453,20
spambase,FACETIndex,100,,90000,4,0.945652174,0.94017094,0.919220056,0.929577465,1,0.064418103,17.05,370.6897171,0.547814846,0.027390742,20
spambase,FACETIndex,100,,100000,4,0.945652174,0.94017094,0.919220056,0.929577465,1,0.061780525,16.2,404.8021119,0.49924016,0.024962008,20
spambase,FACETIndex,100,,100,5,0.963043478,0.966005666,0.939393939,0.952513966,1,0.241791632,23.25,1.286227942,0.040082455,0.002004123,20
spambase,FACETIndex,100,,1000,5,0.963043478,0.966005666,0.939393939,0.952513966,1,0.170442207,19.25,4.713392973,0.082881451,0.004144073,20
spambase,FACETIndex,100,,5000,5,0.963043478,0.966005666,0.939393939,0.952513966,1,0.14795872,20.25,20.87736702,0.135331154,0.006766558,20
spambase,FACETIndex,100,,10000,5,0.963043478,0.966005666,0.939393939,0.952513966,1,0.128435665,18.95,42.19151402,0.286093235,0.014304662,20
spambase,FACETIndex,100,,20000,5,0.963043478,0.966005666,0.939393939,0.952513966,1,0.117631315,17.6,82.36505961,0.506186962,0.025309348,20
spambase,FACETIndex,100,,30000,5,0.963043478,0.966005666,0.939393939,0.952513966,1,0.109866889,16.8,123.2480242,0.511033773,0.025551689,20
spambase,FACETIndex,100,,40000,5,0.963043478,0.966005666,0.939393939,0.952513966,1,0.11350671,17.55,161.8568425,0.848578215,0.042428911,20
spambase,FACETIndex,100,,50000,5,0.963043478,0.966005666,0.939393939,0.952513966,1,0.107915752,18.6,203.7729442,0.900624514,0.045031226,20
spambase,FACETIndex,100,,60000,5,0.963043478,0.966005666,0.939393939,0.952513966,1,0.10160182,17.7,244.2529562,0.667200089,0.033360004,20
spambase,FACETIndex,100,,70000,5,0.963043478,0.966005666,0.939393939,0.952513966,1,0.100438398,16.5,284.6124573,1.311963081,0.065598154,20
spambase,FACETIndex,100,,80000,5,0.963043478,0.966005666,0.939393939,0.952513966,1,0.09897794,16.1,322.3957121,1.182967901,0.059148395,20
spambase,FACETIndex,100,,90000,5,0.963043478,0.966005666,0.939393939,0.952513966,1,0.103208792,17.3,364.8046973,1.363776922,0.068188846,20
spambase,FACETIndex,100,,100000,5,0.963043478,0.966005666,0.939393939,0.952513966,1,0.097938567,18.05,405.9115219,0.9618752,0.04809376,20
spambase,FACETIndex,100,,100,6,0.947826087,0.954415954,0.91280654,0.933147632,1,0.123527397,19.4,1.225756645,0.031110525,0.001555526,20
spambase,FACETIndex,100,,1000,6,0.947826087,0.954415954,0.91280654,0.933147632,1,0.095618787,18.7,4.654434204,0.063168287,0.003158414,20
spambase,FACETIndex,100,,5000,6,0.947826087,0.954415954,0.91280654,0.933147632,1,0.070350357,16.55,19.98762155,0.114262342,0.005713117,20
spambase,FACETIndex,100,,10000,6,0.947826087,0.954415954,0.91280654,0.933147632,1,0.068961794,16.6,41.31980157,0.26696372,0.013348186,20
spambase,FACETIndex,100,,20000,6,0.947826087,0.954415954,0.91280654,0.933147632,1,0.063766648,16.15,80.62486672,0.360785007,0.01803925,20
spambase,FACETIndex,100,,30000,6,0.947826087,0.954415954,0.91280654,0.933147632,1,0.055703696,15.85,121.7986388,0.432689428,0.021634471,20
spambase,FACETIndex,100,,40000,6,0.947826087,0.954415954,0.91280654,0.933147632,1,0.057724756,16.2,163.0444016,0.591975689,0.029598784,20
spambase,FACETIndex,100,,50000,6,0.947826087,0.954415954,0.91280654,0.933147632,1,0.051015794,15.35,203.8085039,0.566854954,0.028342748,20
spambase,FACETIndex,100,,60000,6,0.947826087,0.954415954,0.91280654,0.933147632,1,0.048496813,13.85,234.0722055,0.607278585,0.030363929,20
spambase,FACETIndex,100,,70000,6,0.947826087,0.954415954,0.91280654,0.933147632,1,0.051507393,15.5,284.224726,0.771544695,0.038577235,20
spambase,FACETIndex,100,,80000,6,0.947826087,0.954415954,0.91280654,0.933147632,1,0.050532303,16.45,327.2298973,0.939322472,0.046966124,20
spambase,FACETIndex,100,,90000,6,0.947826087,0.954415954,0.91280654,0.933147632,1,0.051293592,15.1,369.4535575,1.061344385,0.053067219,20
spambase,FACETIndex,100,,100000,6,0.947826087,0.954415954,0.91280654,0.933147632,1,0.049057379,15.3,407.6870012,1.026887655,0.051344383,20
spambase,FACETIndex,100,,100,7,0.963043478,0.971428571,0.934065934,0.952380952,1,0.226682937,20.15,1.23241353,0.038626909,0.001931345,20
spambase,FACETIndex,100,,1000,7,0.963043478,0.971428571,0.934065934,0.952380952,1,0.136542333,19.6,4.536930323,0.050414562,0.002520728,20
spambase,FACETIndex,100,,5000,7,0.963043478,0.971428571,0.934065934,0.952380952,1,0.139843521,18.4,20.24908733,0.153691053,0.007684553,20
spambase,FACETIndex,100,,10000,7,0.963043478,0.971428571,0.934065934,0.952380952,1,0.106120545,17.6,41.00360823,0.15030551,0.007515275,20
spambase,FACETIndex,100,,20000,7,0.963043478,0.971428571,0.934065934,0.952380952,1,0.077862198,16.75,78.68447351,0.15580368,0.007790184,20
spambase,FACETIndex,100,,30000,7,0.963043478,0.971428571,0.934065934,0.952380952,1,0.084991965,16.45,120.9013035,0.31640625,0.015820313,20
spambase,FACETIndex,100,,40000,7,0.963043478,0.971428571,0.934065934,0.952380952,1,0.074491765,16,158.3313823,0.143009424,0.007150471,20
spambase,FACETIndex,100,,50000,7,0.963043478,0.971428571,0.934065934,0.952380952,1,0.081699788,16.35,199.7957544,0.361715794,0.01808579,20
spambase,FACETIndex,100,,60000,7,0.963043478,0.971428571,0.934065934,0.952380952,1,0.075062642,16.4,239.8659351,0.445132017,0.022256601,20
spambase,FACETIndex,100,,70000,7,0.963043478,0.971428571,0.934065934,0.952380952,1,0.075414536,16.3,280.4029493,0.294483423,0.014724171,20
spambase,FACETIndex,100,,80000,7,0.963043478,0.971428571,0.934065934,0.952380952,1,0.070609468,17.45,319.3491287,0.507840872,0.025392044,20
spambase,FACETIndex,100,,90000,7,0.963043478,0.971428571,0.934065934,0.952380952,1,0.070684433,16.45,358.0398896,0.392004251,0.019600213,20
spambase,FACETIndex,100,,100000,7,0.963043478,0.971428571,0.934065934,0.952380952,1,0.076926321,16.1,396.9835455,0.714075565,0.035703778,20
spambase,FACETIndex,100,,100,8,0.944565217,0.928205128,0.94025974,0.934193548,1,0.201274945,21.6,1.217983484,0.039481163,0.001974058,20
spambase,FACETIndex,100,,1000,8,0.944565217,0.928205128,0.94025974,0.934193548,1,0.161733739,20.35,4.673481464,0.075450897,0.003772545,20
spambase,FACETIndex,100,,5000,8,0.944565217,0.928205128,0.94025974,0.934193548,1,0.113578147,16.95,20.39748263,0.113871336,0.005693567,20
spambase,FACETIndex,100,,10000,8,0.944565217,0.928205128,0.94025974,0.934193548,1,0.094262931,18.6,41.16182423,0.138871431,0.006943572,20
spambase,FACETIndex,100,,20000,8,0.944565217,0.928205128,0.94025974,0.934193548,1,0.08887645,16,81.30463147,0.198064089,0.009903204,20
spambase,FACETIndex,100,,30000,8,0.944565217,0.928205128,0.94025974,0.934193548,1,0.079702514,16.9,119.3506203,0.247313499,0.012365675,20
spambase,FACETIndex,100,,40000,8,0.944565217,0.928205128,0.94025974,0.934193548,1,0.080837808,16.05,164.2641978,0.232331276,0.011616564,20
spambase,FACETIndex,100,,50000,8,0.944565217,0.928205128,0.94025974,0.934193548,1,0.08258967,16,203.5684516,0.284511328,0.014225566,20
spambase,FACETIndex,100,,60000,8,0.944565217,0.928205128,0.94025974,0.934193548,1,0.076803858,16.55,245.5740104,0.305093527,0.015254676,20
spambase,FACETIndex,100,,70000,8,0.944565217,0.928205128,0.94025974,0.934193548,1,0.083243318,16.8,285.6019018,0.450161219,0.022508061,20
spambase,FACETIndex,100,,80000,8,0.944565217,0.928205128,0.94025974,0.934193548,1,0.076563547,16.35,325.2669764,0.406866789,0.020343339,20
spambase,FACETIndex,100,,90000,8,0.944565217,0.928205128,0.94025974,0.934193548,1,0.076748768,15.3,367.3569622,0.376698732,0.018834937,20
spambase,FACETIndex,100,,100000,8,0.944565217,0.928205128,0.94025974,0.934193548,1,0.069060235,15.35,406.747843,0.369006395,0.01845032,20
spambase,FACETIndex,100,,100,9,0.94673913,0.960725076,0.898305085,0.928467153,1,0.186138666,21.65,1.224526167,0.033857584,0.001692879,20
spambase,FACETIndex,100,,1000,9,0.94673913,0.960725076,0.898305085,0.928467153,1,0.121173621,19.6,4.676612377,0.039898872,0.001994944,20
spambase,FACETIndex,100,,5000,9,0.94673913,0.960725076,0.898305085,0.928467153,1,0.091235252,18.65,20.66757703,0.065543652,0.003277183,20
spambase,FACETIndex,100,,10000,9,0.94673913,0.960725076,0.898305085,0.928467153,1,0.081302456,18.7,42.49474001,0.083673239,0.004183662,20
spambase,FACETIndex,100,,20000,9,0.94673913,0.960725076,0.898305085,0.928467153,1,0.069773754,18.2,82.71119332,0.099944592,0.00499723,20
spambase,FACETIndex,100,,30000,9,0.94673913,0.960725076,0.898305085,0.928467153,1,0.067024753,18,123.790844,0.15562892,0.007781446,20
spambase,FACETIndex,100,,40000,9,0.94673913,0.960725076,0.898305085,0.928467153,1,0.057805123,16.6,163.7513587,0.12159586,0.006079793,20
spambase,FACETIndex,100,,50000,9,0.94673913,0.960725076,0.898305085,0.928467153,1,0.059549553,16.7,204.2922306,0.157744408,0.00788722,20
spambase,FACETIndex,100,,60000,9,0.94673913,0.960725076,0.898305085,0.928467153,1,0.064032969,17.15,241.1726363,0.219782829,0.010989141,20
spambase,FACETIndex,100,,70000,9,0.94673913,0.960725076,0.898305085,0.928467153,1,0.055026912,16.9,287.8580146,0.236779928,0.011838996,20
spambase,FACETIndex,100,,80000,9,0.94673913,0.960725076,0.898305085,0.928467153,1,0.055322211,16.85,326.5702596,0.260264158,0.013013208,20
spambase,FACETIndex,100,,90000,9,0.94673913,0.960725076,0.898305085,0.928467153,1,0.050936736,15.5,367.9608521,0.215445757,0.010772288,20
spambase,FACETIndex,100,,100000,9,0.94673913,0.960725076,0.898305085,0.928467153,1,0.05182897,15.8,407.7849271,0.216156244,0.010807812,20
vertebral,FACETIndex,100,,100,0,0.822580645,0.829787234,0.928571429,0.876404494,1,0.169263828,4.75,0.200737715,0.015204906,0.000760245,20
vertebral,FACETIndex,100,,1000,0,0.822580645,0.829787234,0.928571429,0.876404494,1,0.098944405,4.5,1.241748095,0.019014597,0.00095073,20
vertebral,FACETIndex,100,,5000,0,0.822580645,0.829787234,0.928571429,0.876404494,1,0.086084594,3.8,5.766471624,0.027791262,0.001389563,20
vertebral,FACETIndex,100,,10000,0,0.822580645,0.829787234,0.928571429,0.876404494,1,0.077705565,3.85,11.35109901,0.038260698,0.001913035,20
vertebral,FACETIndex,100,,20000,0,0.822580645,0.829787234,0.928571429,0.876404494,1,0.07079258,3.7,22.58146572,0.048088074,0.002404404,20
vertebral,FACETIndex,100,,30000,0,0.822580645,0.829787234,0.928571429,0.876404494,1,0.072045766,3.4,33.51661086,0.070749521,0.003537476,20
vertebral,FACETIndex,100,,40000,0,0.822580645,0.829787234,0.928571429,0.876404494,1,0.069623675,3.1,43.8381927,0.093366623,0.004668331,20
vertebral,FACETIndex,100,,50000,0,0.822580645,0.829787234,0.928571429,0.876404494,1,0.068225961,3.3,55.57317209,0.093196392,0.00465982,20
vertebral,FACETIndex,100,,60000,0,0.822580645,0.829787234,0.928571429,0.876404494,1,0.066935502,3.5,66.47443724,0.102293968,0.005114698,20
vertebral,FACETIndex,100,,70000,0,0.822580645,0.829787234,0.928571429,0.876404494,1,0.067047161,3.4,76.95028687,0.127442837,0.006372142,20
vertebral,FACETIndex,100,,80000,0,0.822580645,0.829787234,0.928571429,0.876404494,1,0.068231562,3.3,88.27935195,0.131933689,0.006596684,20
vertebral,FACETIndex,100,,90000,0,0.822580645,0.829787234,0.928571429,0.876404494,1,0.067716881,3.7,100.0290644,0.154214382,0.007710719,20
vertebral,FACETIndex,100,,100000,0,0.822580645,0.829787234,0.928571429,0.876404494,1,0.066391825,3.25,110.4024699,0.154989243,0.007749462,20
vertebral,FACETIndex,100,,100,1,0.85483871,0.863636364,0.926829268,0.894117647,1,0.195092696,5.05,0.239448071,0.01537919,0.00076896,20
vertebral,FACETIndex,100,,1000,1,0.85483871,0.863636364,0.926829268,0.894117647,1,0.115917817,4.25,1.248084068,0.022981405,0.00114907,20
vertebral,FACETIndex,100,,5000,1,0.85483871,0.863636364,0.926829268,0.894117647,1,0.094812614,2.9,5.853757381,0.038594007,0.0019297,20
vertebral,FACETIndex,100,,10000,1,0.85483871,0.863636364,0.926829268,0.894117647,1,0.092028255,3.55,11.62145305,0.050635338,0.002531767,20
vertebral,FACETIndex,100,,20000,1,0.85483871,0.863636364,0.926829268,0.894117647,1,0.087032066,3.4,22.8165586,0.079560518,0.003978026,20
vertebral,FACETIndex,100,,30000,1,0.85483871,0.863636364,0.926829268,0.894117647,1,0.087525325,3.2,33.89353704,0.116610289,0.005830514,20
vertebral,FACETIndex,100,,40000,1,0.85483871,0.863636364,0.926829268,0.894117647,1,0.082574194,3.55,45.56621552,0.127139091,0.006356955,20
vertebral,FACETIndex,100,,50000,1,0.85483871,0.863636364,0.926829268,0.894117647,1,0.08661099,3.7,56.2567246,0.173335552,0.008666778,20
vertebral,FACETIndex,100,,60000,1,0.85483871,0.863636364,0.926829268,0.894117647,1,0.081808176,3.7,68.3077271,0.157515764,0.007875788,20
vertebral,FACETIndex,100,,70000,1,0.85483871,0.863636364,0.926829268,0.894117647,1,0.080653854,3.55,79.27091455,0.166222572,0.008311129,20
vertebral,FACETIndex,100,,80000,1,0.85483871,0.863636364,0.926829268,0.894117647,1,0.080824815,3.15,90.21020722,0.180749416,0.009037471,20
vertebral,FACETIndex,100,,90000,1,0.85483871,0.863636364,0.926829268,0.894117647,1,0.081111692,3.35,101.6081369,0.274436474,0.013721824,20
vertebral,FACETIndex,100,,100000,1,0.85483871,0.863636364,0.926829268,0.894117647,1,0.079671863,3.35,113.373872,0.233135223,0.011656761,20
vertebral,FACETIndex,100,,100,2,0.85483871,0.888888889,0.909090909,0.898876404,1,0.18517435,4.35,0.251610994,0.015188694,0.000759435,20
vertebral,FACETIndex,100,,1000,2,0.85483871,0.888888889,0.909090909,0.898876404,1,0.15099823,3.85,1.250867844,0.02749753,0.001374876,20
vertebral,FACETIndex,100,,5000,2,0.85483871,0.888888889,0.909090909,0.898876404,1,0.141657061,3.7,5.843478918,0.075039148,0.003751957,20
vertebral,FACETIndex,100,,10000,2,0.85483871,0.888888889,0.909090909,0.898876404,1,0.131645125,3.5,11.56289291,0.089911461,0.004495573,20
vertebral,FACETIndex,100,,20000,2,0.85483871,0.888888889,0.909090909,0.898876404,1,0.127339155,3.75,22.78476524,0.136894464,0.006844723,20
vertebral,FACETIndex,100,,30000,2,0.85483871,0.888888889,0.909090909,0.898876404,1,0.126488936,3.4,34.14273596,0.209403992,0.0104702,20
vertebral,FACETIndex,100,,40000,2,0.85483871,0.888888889,0.909090909,0.898876404,1,0.118931659,3.5,45.1090045,0.196134567,0.009806728,20
vertebral,FACETIndex,100,,50000,2,0.85483871,0.888888889,0.909090909,0.898876404,1,0.121402403,3.2,56.19687271,0.472798586,0.023639929,20
vertebral,FACETIndex,100,,60000,2,0.85483871,0.888888889,0.909090909,0.898876404,1,0.120930592,3.45,67.39102554,0.332517147,0.016625857,20
vertebral,FACETIndex,100,,70000,2,0.85483871,0.888888889,0.909090909,0.898876404,1,0.117193789,3.05,77.37468553,0.321589231,0.016079462,20
vertebral,FACETIndex,100,,80000,2,0.85483871,0.888888889,0.909090909,0.898876404,1,0.115435997,3.65,89.42029953,0.382023335,0.019101167,20
vertebral,FACETIndex,100,,90000,2,0.85483871,0.888888889,0.909090909,0.898876404,1,0.117748089,3.1,100.6156712,0.475316525,0.023765826,20
vertebral,FACETIndex,100,,100000,2,0.85483871,0.888888889,0.909090909,0.898876404,1,0.118054894,3.35,111.796128,0.567502499,0.028375125,20
vertebral,FACETIndex,100,,100,3,0.774193548,0.871794872,0.790697674,0.829268293,1,0.181791163,5,0.251752138,0.014651299,0.000732565,20
vertebral,FACETIndex,100,,1000,3,0.774193548,0.871794872,0.790697674,0.829268293,1,0.110705792,4.2,1.262879133,0.019447088,0.000972354,20
vertebral,FACETIndex,100,,5000,3,0.774193548,0.871794872,0.790697674,0.829268293,1,0.092663572,3.85,5.944346189,0.045436859,0.002271843,20
vertebral,FACETIndex,100,,10000,3,0.774193548,0.871794872,0.790697674,0.829268293,1,0.092568306,3.95,11.71947813,0.051840305,0.002592015,20
vertebral,FACETIndex,100,,20000,3,0.774193548,0.871794872,0.790697674,0.829268293,1,0.08492494,3.85,23.35531354,0.07657361,0.003828681,20
vertebral,FACETIndex,100,,30000,3,0.774193548,0.871794872,0.790697674,0.829268293,1,0.082466049,3.5,34.54535937,0.111840963,0.005592048,20
vertebral,FACETIndex,100,,40000,3,0.774193548,0.871794872,0.790697674,0.829268293,1,0.081699354,3.8,45.11315966,0.129076958,0.006453848,20
vertebral,FACETIndex,100,,50000,3,0.774193548,0.871794872,0.790697674,0.829268293,1,0.079597935,3.95,57.08503413,0.138478518,0.006923926,20
vertebral,FACETIndex,100,,60000,3,0.774193548,0.871794872,0.790697674,0.829268293,1,0.080151232,3.75,68.26462817,0.149707317,0.007485366,20
vertebral,FACETIndex,100,,70000,3,0.774193548,0.871794872,0.790697674,0.829268293,1,0.080841047,3.75,80.2762475,0.186191797,0.00930959,20
vertebral,FACETIndex,100,,80000,3,0.774193548,0.871794872,0.790697674,0.829268293,1,0.07780317,3.5,91.00900602,0.216134787,0.010806739,20
vertebral,FACETIndex,100,,90000,3,0.774193548,0.871794872,0.790697674,0.829268293,1,0.078630517,3.4,101.9863274,0.206732273,0.010336614,20
vertebral,FACETIndex,100,,100000,3,0.774193548,0.871794872,0.790697674,0.829268293,1,0.077488876,3.55,114.0840576,0.246788263,0.012339413,20
vertebral,FACETIndex,100,,100,4,0.822580645,0.804347826,0.948717949,0.870588235,1,0.155705558,4.3,0.253437281,0.014009714,0.000700486,20
vertebral,FACETIndex,100,,1000,4,0.822580645,0.804347826,0.948717949,0.870588235,1,0.103156587,4.2,1.262318134,0.020825148,0.001041257,20
vertebral,FACETIndex,100,,5000,4,0.822580645,0.804347826,0.948717949,0.870588235,1,0.075525121,3.65,5.960731983,0.027691603,0.00138458,20
vertebral,FACETIndex,100,,10000,4,0.822580645,0.804347826,0.948717949,0.870588235,1,0.073350822,3.4,11.71617746,0.04613018,0.002306509,20
vertebral,FACETIndex,100,,20000,4,0.822580645,0.804347826,0.948717949,0.870588235,1,0.068101748,3.55,23.13956594,0.063935041,0.003196752,20
vertebral,FACETIndex,100,,30000,4,0.822580645,0.804347826,0.948717949,0.870588235,1,0.06785599,3.5,34.48919797,0.111874104,0.005593705,20
vertebral,FACETIndex,100,,40000,4,0.822580645,0.804347826,0.948717949,0.870588235,1,0.064484125,3.9,45.96216631,0.107384443,0.005369222,20
vertebral,FACETIndex,100,,50000,4,0.822580645,0.804347826,0.948717949,0.870588235,1,0.064374928,3.75,57.09698486,0.096068859,0.004803443,20
vertebral,FACETIndex,100,,60000,4,0.822580645,0.804347826,0.948717949,0.870588235,1,0.063721627,3.6,68.05662084,0.14060545,0.007030272,20
vertebral,FACETIndex,100,,70000,4,0.822580645,0.804347826,0.948717949,0.870588235,1,0.061564579,3.6,79.53023696,0.126107931,0.006305397,20
vertebral,FACETIndex,100,,80000,4,0.822580645,0.804347826,0.948717949,0.870588235,1,0.06294119,3.65,90.81485033,0.161211967,0.008060598,20
vertebral,FACETIndex,100,,90000,4,0.822580645,0.804347826,0.948717949,0.870588235,1,0.060921947,3.85,101.8964984,0.145016909,0.007250845,20
vertebral,FACETIndex,100,,100000,4,0.822580645,0.804347826,0.948717949,0.870588235,1,0.061198109,3.6,113.0053003,0.16907835,0.008453918,20
vertebral,FACETIndex,100,,100,5,0.838709677,0.837209302,0.923076923,0.87804878,1,0.145095471,4.7,0.247074366,0.013478279,0.000673914,20
vertebral,FACETIndex,100,,1000,5,0.838709677,0.837209302,0.923076923,0.87804878,1,0.103947629,4.05,1.246349335,0.018569469,0.000928473,20
vertebral,FACETIndex,100,,5000,5,0.838709677,0.837209302,0.923076923,0.87804878,1,0.068333935,4.1,5.869763851,0.025526762,0.001276338,20
vertebral,FACETIndex,100,,10000,5,0.838709677,0.837209302,0.923076923,0.87804878,1,0.066595839,3.9,11.60240936,0.040785551,0.002039278,20
vertebral,FACETIndex,100,,20000,5,0.838709677,0.837209302,0.923076923,0.87804878,1,0.063691792,4.45,22.90949202,0.053621531,0.002681077,20
vertebral,FACETIndex,100,,30000,5,0.838709677,0.837209302,0.923076923,0.87804878,1,0.05548064,3.85,34.29142284,0.055442572,0.002772129,20
vertebral,FACETIndex,100,,40000,5,0.838709677,0.837209302,0.923076923,0.87804878,1,0.053980961,3.75,45.54513907,0.064504862,0.003225243,20
vertebral,FACETIndex,100,,50000,5,0.838709677,0.837209302,0.923076923,0.87804878,1,0.055614609,4.45,56.70247674,0.087736368,0.004386818,20
vertebral,FACETIndex,100,,60000,5,0.838709677,0.837209302,0.923076923,0.87804878,1,0.053950029,4.1,68.15837121,0.097417593,0.00487088,20
vertebral,FACETIndex,100,,70000,5,0.838709677,0.837209302,0.923076923,0.87804878,1,0.052502315,3.95,78.74776936,0.106603146,0.005330157,20
vertebral,FACETIndex,100,,80000,5,0.838709677,0.837209302,0.923076923,0.87804878,1,0.05256998,3.75,89.77328205,0.118959427,0.005947971,20
vertebral,FACETIndex,100,,90000,5,0.838709677,0.837209302,0.923076923,0.87804878,1,0.050646203,3.7,101.7874835,0.122851849,0.006142592,20
vertebral,FACETIndex,100,,100000,5,0.838709677,0.837209302,0.923076923,0.87804878,1,0.050651553,3.5,112.2406387,0.133607149,0.006680357,20
vertebral,FACETIndex,100,,100,6,0.758064516,0.711111111,0.941176471,0.810126582,1,0.18942768,4.65,0.254168034,0.015087843,0.000754392,20
vertebral,FACETIndex,100,,1000,6,0.758064516,0.711111111,0.941176471,0.810126582,1,0.123254489,4.25,1.249221563,0.019202232,0.000960112,20
vertebral,FACETIndex,100,,5000,6,0.758064516,0.711111111,0.941176471,0.810126582,1,0.094691279,3.8,5.826933384,0.030783653,0.001539183,20
vertebral,FACETIndex,100,,10000,6,0.758064516,0.711111111,0.941176471,0.810126582,1,0.088064774,4.05,11.45063925,0.043635845,0.002181792,20
vertebral,FACETIndex,100,,20000,6,0.758064516,0.711111111,0.941176471,0.810126582,1,0.090818396,3.85,22.54932547,0.082639456,0.004131973,20
vertebral,FACETIndex,100,,30000,10,0.85483871,0.888888889,0.909090909,0.898876404,1,0.080640058,4.4,34.20355654,0.085308075,0.004265404,20
vertebral,FACETIndex,100,,40000,6,0.758064516,0.711111111,0.941176471,0.810126582,1,0.083022257,3.65,44.67899108,0.127833366,0.006391668,20
vertebral,FACETIndex,100,,50000,6,0.758064516,0.711111111,0.941176471,0.810126582,1,0.076890666,3.7,55.40090084,0.174013853,0.008700693,20
vertebral,FACETIndex,100,,60000,6,0.758064516,0.711111111,0.941176471,0.810126582,1,0.080261783,3.65,66.15258026,0.213567257,0.010678363,20
vertebral,FACETIndex,100,,70000,6,0.758064516,0.711111111,0.941176471,0.810126582,1,0.079994617,3.8,76.27027535,0.24361062,0.012180531,20
vertebral,FACETIndex,100,,80000,6,0.758064516,0.711111111,0.941176471,0.810126582,1,0.076712257,3.65,88.11953712,0.222139835,0.011106992,20
vertebral,FACETIndex,100,,90000,6,0.758064516,0.711111111,0.941176471,0.810126582,1,0.076804955,3.75,98.40470624,0.27668643,0.013834321,20
vertebral,FACETIndex,100,,100000,6,0.758064516,0.711111111,0.941176471,0.810126582,1,0.07592429,3.5,108.9591219,0.320003986,0.016000199,20
vertebral,FACETIndex,100,,100,7,0.919354839,0.895833333,1,0.945054945,1,0.230589689,4.95,0.208997726,0.015496254,0.000774813,20
vertebral,FACETIndex,100,,1000,7,0.919354839,0.895833333,1,0.945054945,1,0.187555756,4.45,1.268807888,0.029650211,0.001482511,20
vertebral,FACETIndex,100,,5000,7,0.919354839,0.895833333,1,0.945054945,1,0.155933218,4.5,5.903279543,0.064511538,0.003225577,20
vertebral,FACETIndex,100,,10000,7,0.919354839,0.895833333,1,0.945054945,1,0.145875818,4.1,11.61365342,0.100498676,0.005024934,20
vertebral,FACETIndex,100,,20000,7,0.919354839,0.895833333,1,0.945054945,1,0.138097501,4.1,22.99427223,0.144292593,0.00721463,20
vertebral,FACETIndex,100,,30000,7,0.919354839,0.895833333,1,0.945054945,1,0.129591574,3.9,34.24530077,0.195224524,0.009761226,20
vertebral,FACETIndex,100,,40000,7,0.919354839,0.895833333,1,0.945054945,1,0.127579509,3.95,45.36085272,0.22995019,0.011497509,20
vertebral,FACETIndex,100,,50000,7,0.919354839,0.895833333,1,0.945054945,1,0.131291101,4.2,56.36905336,0.344421625,0.017221081,20
vertebral,FACETIndex,100,,60000,7,0.919354839,0.895833333,1,0.945054945,1,0.127591246,3.85,67.28294444,0.362217188,0.018110859,20
vertebral,FACETIndex,100,,70000,7,0.919354839,0.895833333,1,0.945054945,1,0.125103296,3.7,78.21885848,0.357655525,0.017882776,20
vertebral,FACETIndex,100,,80000,7,0.919354839,0.895833333,1,0.945054945,1,0.125464433,4.05,89.65935326,0.463535547,0.023176777,20
vertebral,FACETIndex,100,,90000,7,0.919354839,0.895833333,1,0.945054945,1,0.118860352,3.85,100.5300574,0.344992399,0.01724962,20
vertebral,FACETIndex,100,,100000,7,0.919354839,0.895833333,1,0.945054945,1,0.118832981,4.1,111.1212022,0.46748805,0.023374403,20
vertebral,FACETIndex,100,,100,8,0.903225806,0.909090909,0.952380952,0.930232558,1,0.171450876,4.75,0.204584837,0.013838291,0.000691915,20
vertebral,FACETIndex,100,,1000,8,0.903225806,0.909090909,0.952380952,0.930232558,1,0.141376829,4.05,1.297396898,0.025788546,0.001289427,20
vertebral,FACETIndex,100,,5000,8,0.903225806,0.909090909,0.952380952,0.930232558,1,0.114774904,4.05,5.950836897,0.063763857,0.003188193,20
vertebral,FACETIndex,100,,10000,8,0.903225806,0.909090909,0.952380952,0.930232558,1,0.1153604,4.35,11.78830552,0.109466076,0.005473304,20
vertebral,FACETIndex,100,,20000,8,0.903225806,0.909090909,0.952380952,0.930232558,1,0.108365426,4,23.3795774,0.196971893,0.009848595,20
vertebral,FACETIndex,100,,30000,8,0.903225806,0.909090909,0.952380952,0.930232558,1,0.105184172,4.05,34.86807227,0.275799274,0.013789964,20
vertebral,FACETIndex,100,,40000,8,0.903225806,0.909090909,0.952380952,0.930232558,1,0.102373151,3.85,45.85931849,0.329905748,0.016495287,20
vertebral,FACETIndex,100,,50000,8,0.903225806,0.909090909,0.952380952,0.930232558,1,0.105282621,3.9,56.90860677,0.439709902,0.021985495,20
vertebral,FACETIndex,100,,60000,8,0.903225806,0.909090909,0.952380952,0.930232558,1,0.100056432,3.75,68.07312918,0.469142675,0.023457134,20
vertebral,FACETIndex,100,,70000,8,0.903225806,0.909090909,0.952380952,0.930232558,1,0.100692029,3.6,79.5121367,0.55955863,0.027977931,20
vertebral,FACETIndex,100,,80000,8,0.903225806,0.909090909,0.952380952,0.930232558,1,0.098213006,3.6,90.54579234,0.4458251,0.022291255,20
vertebral,FACETIndex,100,,90000,8,0.903225806,0.909090909,0.952380952,0.930232558,1,0.100039272,3.6,101.8852451,0.704681158,0.035234058,20
vertebral,FACETIndex,100,,100000,8,0.903225806,0.909090909,0.952380952,0.930232558,1,0.099083728,3.9,113.4052155,0.369636774,0.018481839,20
vertebral,FACETIndex,100,,100,9,0.887096774,0.934782609,0.914893617,0.924731183,1,0.170142391,5,0.204538822,0.013786554,0.000689328,20
vertebral,FACETIndex,100,,1000,9,0.887096774,0.934782609,0.914893617,0.924731183,1,0.125064607,5,1.278601885,0.020764589,0.001038229,20
vertebral,FACETIndex,100,,5000,9,0.887096774,0.934782609,0.914893617,0.924731183,1,0.096476627,4.8,5.878701448,0.038080692,0.001904035,20
vertebral,FACETIndex,100,,10000,9,0.887096774,0.934782609,0.914893617,0.924731183,1,0.085230636,4.45,11.65899944,0.05203104,0.002601552,20
vertebral,FACETIndex,100,,20000,9,0.887096774,0.934782609,0.914893617,0.924731183,1,0.087916824,4.6,23.09436655,0.084830046,0.004241502,20
vertebral,FACETIndex,100,,30000,9,0.887096774,0.934782609,0.914893617,0.924731183,1,0.084736148,4.5,34.48002434,0.115363359,0.005768168,20
vertebral,FACETIndex,100,,40000,9,0.887096774,0.934782609,0.914893617,0.924731183,1,0.080809505,4.25,45.7999866,0.151014566,0.007550728,20
vertebral,FACETIndex,100,,50000,9,0.887096774,0.934782609,0.914893617,0.924731183,1,0.075438822,4.2,56.51895404,0.172674894,0.008633745,20
vertebral,FACETIndex,100,,60000,9,0.887096774,0.934782609,0.914893617,0.924731183,1,0.07462977,4.1,67.65253854,0.184041739,0.009202087,20
vertebral,FACETIndex,100,,70000,9,0.887096774,0.934782609,0.914893617,0.924731183,1,0.073970398,4.05,78.6461277,0.189339638,0.009466982,20
vertebral,FACETIndex,100,,80000,9,0.887096774,0.934782609,0.914893617,0.924731183,1,0.077627235,4.2,90.2766037,0.244592428,0.012229621,20
vertebral,FACETIndex,100,,90000,9,0.887096774,0.934782609,0.914893617,0.924731183,1,0.075488022,4.05,100.034565,0.262985468,0.013149273,20
vertebral,FACETIndex,100,,100000,9,0.887096774,0.934782609,0.914893617,0.924731183,1,0.075507829,4.35,112.4123313,0.310130596,0.01550653,20
cancer,FACETIndex,100,,100,0,0.947368421,0.951219512,0.906976744,0.928571429,1,0.436970087,15.8,0.231442928,0.035881519,0.001794076,20
cancer,FACETIndex,100,,1000,0,0.947368421,0.951219512,0.906976744,0.928571429,1,0.387210224,14.9,2.542720556,0.176288843,0.008814442,20
cancer,FACETIndex,100,,5000,0,0.947368421,0.951219512,0.906976744,0.928571429,1,0.354243815,14.25,12.48618484,0.645016909,0.032250845,20
cancer,FACETIndex,100,,10000,0,0.947368421,0.951219512,0.906976744,0.928571429,1,0.34056085,14.4,25.5672226,1.178874016,0.058943701,20
cancer,FACETIndex,100,,20000,0,0.947368421,0.951219512,0.906976744,0.928571429,1,0.331958048,14.5,50.91188002,2.166401863,0.108320093,20
cancer,FACETIndex,100,,30000,0,0.947368421,0.951219512,0.906976744,0.928571429,1,0.324475938,13.05,76.43658447,3.184165955,0.159208298,20
cancer,FACETIndex,100,,40000,0,0.947368421,0.951219512,0.906976744,0.928571429,1,0.32821579,13,98.3589716,4.146934509,0.207346725,20
cancer,FACETIndex,100,,50000,0,0.947368421,0.951219512,0.906976744,0.928571429,1,0.31106034,13.7,126.8350959,4.869469404,0.24347347,20
cancer,FACETIndex,100,,60000,0,0.947368421,0.951219512,0.906976744,0.928571429,1,0.308041476,13.3,152.5041697,5.949265957,0.297463298,20
cancer,FACETIndex,100,,70000,0,0.947368421,0.951219512,0.906976744,0.928571429,1,0.297848294,13.15,176.7662897,6.376490593,0.31882453,20
cancer,FACETIndex,100,,80000,0,0.947368421,0.951219512,0.906976744,0.928571429,1,0.304330217,12.55,201.4566963,7.385544538,0.369277227,20
cancer,FACETIndex,100,,90000,0,0.947368421,0.951219512,0.906976744,0.928571429,1,0.302019811,13.1,222.7439578,8.40314126,0.420157063,20
cancer,FACETIndex,100,,100000,0,0.947368421,0.951219512,0.906976744,0.928571429,1,0.2959841,12.65,251.6949868,8.987242222,0.449362111,20
cancer,FACETIndex,100,,100,1,0.956140351,0.939393939,0.911764706,0.925373134,1,0.400556085,14.25,0.2976439,0.038887978,0.001944399,20
cancer,FACETIndex,100,,1000,1,0.956140351,0.939393939,0.911764706,0.925373134,1,0.36208763,12.95,2.52943778,0.16202116,0.008101058,20
cancer,FACETIndex,100,,5000,1,0.956140351,0.939393939,0.911764706,0.925373134,1,0.316630711,12.75,12.68473577,0.641607285,0.032080364,20
cancer,FACETIndex,100,,10000,1,0.956140351,0.939393939,0.911764706,0.925373134,1,0.306682352,12.3,25.44727206,1.227215767,0.061360788,20
cancer,FACETIndex,100,,20000,1,0.956140351,0.939393939,0.911764706,0.925373134,1,0.297354468,12.1,50.3265624,2.240833759,0.112041688,20
cancer,FACETIndex,100,,30000,1,0.956140351,0.939393939,0.911764706,0.925373134,1,0.284095407,12.8,76.43129849,2.847590685,0.142379534,20
cancer,FACETIndex,100,,40000,1,0.956140351,0.939393939,0.911764706,0.925373134,1,0.285536822,11.45,99.94724202,3.74831152,0.187415576,20
cancer,FACETIndex,100,,50000,1,0.956140351,0.939393939,0.911764706,0.925373134,1,0.280785107,11.25,125.730154,4.581038237,0.229051912,20
cancer,FACETIndex,100,,60000,1,0.956140351,0.939393939,0.911764706,0.925373134,1,0.273771801,12.45,150.3115821,5.37254262,0.268627131,20
cancer,FACETIndex,100,,70000,1,0.956140351,0.939393939,0.911764706,0.925373134,1,0.267575734,12.05,174.0553043,5.866597176,0.293329859,20
cancer,FACETIndex,100,,80000,1,0.956140351,0.939393939,0.911764706,0.925373134,1,0.272967437,11,201.9333026,7.290392399,0.36451962,20
cancer,FACETIndex,100,,90000,1,0.956140351,0.939393939,0.911764706,0.925373134,1,0.263458761,11.6,226.1428227,7.614388227,0.380719411,20
cancer,FACETIndex,100,,100000,1,0.956140351,0.939393939,0.911764706,0.925373134,1,0.259740131,10.8,250.168371,8.600246906,0.430012345,20
cancer,FACETIndex,100,,100,2,0.98245614,1,0.956521739,0.977777778,1,0.564687147,16.35,0.252780676,0.054660082,0.002733004,20
cancer,FACETIndex,100,,1000,2,0.98245614,1,0.956521739,0.977777778,1,0.44813406,14.6,2.637971878,0.241077662,0.012053883,20
cancer,FACETIndex,100,,5000,2,0.98245614,1,0.956521739,0.977777778,1,0.414932016,12.95,13.43727827,0.955508471,0.047775424,20
cancer,FACETIndex,100,,10000,2,0.98245614,1,0.956521739,0.977777778,1,0.377230221,12.7,25.802423,1.659870148,0.082993507,20
cancer,FACETIndex,100,,20000,2,0.98245614,1,0.956521739,0.977777778,1,0.361690249,12.55,50.33370519,3.126944304,0.156347215,20
cancer,FACETIndex,100,,30000,2,0.98245614,1,0.956521739,0.977777778,1,0.366268834,12.25,76.01425862,4.462979078,0.223148954,20
cancer,FACETIndex,100,,40000,2,0.98245614,1,0.956521739,0.977777778,1,0.370999803,13.15,101.7616906,5.978036642,0.298901832,20
cancer,FACETIndex,100,,50000,2,0.98245614,1,0.956521739,0.977777778,1,0.35497585,12.5,127.2750895,7.003484488,0.350174224,20
cancer,FACETIndex,100,,60000,2,0.98245614,1,0.956521739,0.977777778,1,0.354815923,12,153.0641785,8.602092505,0.430104625,20
cancer,FACETIndex,100,,70000,2,0.98245614,1,0.956521739,0.977777778,1,0.352466738,12.45,177.534152,10.12672853,0.506336427,20
cancer,FACETIndex,100,,80000,2,0.98245614,1,0.956521739,0.977777778,1,0.352286944,12.7,205.8305638,10.14807367,0.507403684,20
cancer,FACETIndex,100,,90000,2,0.98245614,1,0.956521739,0.977777778,1,0.353918041,12.2,229.1197853,13.27770424,0.663885212,20
cancer,FACETIndex,100,,100000,2,0.98245614,1,0.956521739,0.977777778,1,0.348154101,12.7,254.655582,13.68593574,0.684296787,20
cancer,FACETIndex,100,,100,3,0.903508772,0.871794872,0.85,0.860759494,1,0.534305615,15.1,0.189043522,0.039376974,0.001968849,20
cancer,FACETIndex,100,,1000,3,0.903508772,0.871794872,0.85,0.860759494,1,0.454417824,15.05,2.457374573,0.211331844,0.010566592,20
cancer,FACETIndex,100,,5000,3,0.903508772,0.871794872,0.85,0.860759494,1,0.399136627,13.75,12.65471935,0.757455587,0.037872779,20
cancer,FACETIndex,100,,10000,3,0.903508772,0.871794872,0.85,0.860759494,1,0.388375404,13.45,25.12270522,1.322371721,0.066118586,20
cancer,FACETIndex,100,,20000,3,0.903508772,0.871794872,0.85,0.860759494,1,0.375482598,12.55,49.60674667,2.510029078,0.125501454,20
cancer,FACETIndex,100,,30000,3,0.903508772,0.871794872,0.85,0.860759494,1,0.386052662,13.6,74.81831789,3.588464022,0.179423201,20
cancer,FACETIndex,100,,40000,3,0.903508772,0.871794872,0.85,0.860759494,1,0.378277999,13.4,98.72671771,5.039506912,0.251975346,20
cancer,FACETIndex,100,,50000,3,0.903508772,0.871794872,0.85,0.860759494,1,0.366333808,12.55,123.8747187,5.881741047,0.294087052,20
cancer,FACETIndex,100,,60000,3,0.903508772,0.871794872,0.85,0.860759494,1,0.361557087,13.1,148.9420657,6.935581923,0.346779096,20
cancer,FACETIndex,100,,70000,3,0.903508772,0.871794872,0.85,0.860759494,1,0.360233377,13.6,173.0339329,8.189203978,0.409460199,20
cancer,FACETIndex,100,,80000,3,0.903508772,0.871794872,0.85,0.860759494,1,0.369055351,13.35,198.4339733,9.634557486,0.481727874,20
cancer,FACETIndex,100,,90000,3,0.903508772,0.871794872,0.85,0.860759494,1,0.35548271,13.15,224.6261137,9.807258129,0.490362906,20
cancer,FACETIndex,100,,100000,3,0.903508772,0.871794872,0.85,0.860759494,1,0.363322055,13.4,247.1995113,11.94467402,0.597233701,20
cancer,FACETIndex,100,,100,4,0.956140351,0.951219512,0.928571429,0.939759036,1,0.528933874,14.4,0.25664258,0.047374487,0.002368724,20
cancer,FACETIndex,100,,1000,4,0.956140351,0.951219512,0.928571429,0.939759036,1,0.434748349,14.5,2.654410601,0.209754229,0.010487711,20
cancer,FACETIndex,100,,5000,4,0.956140351,0.951219512,0.928571429,0.939759036,1,0.395658385,14.05,12.5442524,0.847301483,0.042365074,20
cancer,FACETIndex,100,,10000,4,0.956140351,0.951219512,0.928571429,0.939759036,1,0.380299593,13.75,25.28970885,1.602778435,0.080138922,20
cancer,FACETIndex,100,,20000,4,0.956140351,0.951219512,0.928571429,0.939759036,1,0.373819893,13.35,50.09831023,3.032422543,0.151621127,20
cancer,FACETIndex,100,,30000,4,0.956140351,0.951219512,0.928571429,0.939759036,1,0.36027771,11.8,75.9204154,4.231652737,0.211582637,20
cancer,FACETIndex,100,,40000,4,0.956140351,0.951219512,0.928571429,0.939759036,1,0.362638727,12.95,101.0435436,5.497179508,0.274858975,20
cancer,FACETIndex,100,,50000,4,0.956140351,0.951219512,0.928571429,0.939759036,1,0.347692282,12.3,124.5296001,6.55329895,0.327664948,20
cancer,FACETIndex,100,,60000,4,0.956140351,0.951219512,0.928571429,0.939759036,1,0.351072811,12.95,145.948112,8.108536005,0.4054268,20
cancer,FACETIndex,100,,70000,4,0.956140351,0.951219512,0.928571429,0.939759036,1,0.347233808,12.55,174.6703701,9.225754976,0.461287749,20
cancer,FACETIndex,100,,80000,4,0.956140351,0.951219512,0.928571429,0.939759036,1,0.344509928,11.9,200.6435668,10.34189558,0.517094779,20
cancer,FACETIndex,100,,90000,4,0.956140351,0.951219512,0.928571429,0.939759036,1,0.349039639,13.2,223.241852,11.38427544,0.569213772,20
cancer,FACETIndex,100,,100000,4,0.956140351,0.951219512,0.928571429,0.939759036,1,0.33900927,11.6,249.0154583,12.41143417,0.620571709,20
cancer,FACETIndex,100,,100,5,0.956140351,0.931818182,0.953488372,0.942528736,1,0.491729848,15,0.237659216,0.045853615,0.002292681,20
cancer,FACETIndex,100,,1000,5,0.956140351,0.931818182,0.953488372,0.942528736,1,0.384955848,11.65,2.523906469,0.155050039,0.007752502,20
cancer,FACETIndex,100,,5000,5,0.956140351,0.931818182,0.953488372,0.942528736,1,0.377733875,13.15,12.54638529,0.59128046,0.029564023,20
cancer,FACETIndex,100,,10000,5,0.956140351,0.931818182,0.953488372,0.942528736,1,0.365045848,11.9,25.35964727,1.037145615,0.051857281,20
cancer,FACETIndex,100,,20000,5,0.956140351,0.931818182,0.953488372,0.942528736,1,0.351885216,12.5,50.88240576,2.023189068,0.101159453,20
cancer,FACETIndex,100,,30000,5,0.956140351,0.931818182,0.953488372,0.942528736,1,0.332005715,10.55,74.83392787,2.812654972,0.140632749,20
cancer,FACETIndex,100,,40000,5,0.956140351,0.931818182,0.953488372,0.942528736,1,0.327617111,11.85,100.1101635,3.493939877,0.174696994,20
cancer,FACETIndex,100,,50000,5,0.956140351,0.931818182,0.953488372,0.942528736,1,0.31237448,10.5,125.1354678,4.250894308,0.212544715,20
cancer,FACETIndex,100,,60000,5,0.956140351,0.931818182,0.953488372,0.942528736,1,0.318929058,11.95,151.2346961,5.370095491,0.268504775,20
cancer,FACETIndex,100,,70000,5,0.956140351,0.931818182,0.953488372,0.942528736,1,0.32396517,10.8,173.4642248,6.13948679,0.306974339,20
cancer,FACETIndex,100,,80000,5,0.956140351,0.931818182,0.953488372,0.942528736,1,0.316330236,11.45,200.1579282,6.501632452,0.325081623,20
cancer,FACETIndex,100,,90000,5,0.956140351,0.931818182,0.953488372,0.942528736,1,0.307449793,11,225.7550085,7.446424961,0.372321248,20
cancer,FACETIndex,100,,100000,5,0.956140351,0.931818182,0.953488372,0.942528736,1,0.322292451,11.25,247.3895373,8.508588791,0.42542944,20
cancer,FACETIndex,100,,100,6,0.964912281,0.948717949,0.948717949,0.948717949,1,0.426325426,15,0.222082615,0.099436045,0.004971802,20
cancer,FACETIndex,100,,1000,6,0.964912281,0.948717949,0.948717949,0.948717949,1,0.360427026,14.85,2.600547075,0.203001738,0.010150087,20
cancer,FACETIndex,100,,5000,6,0.964912281,0.948717949,0.948717949,0.948717949,1,0.333948629,13.7,12.70387506,0.820476294,0.041023815,20
cancer,FACETIndex,100,,10000,6,0.964912281,0.948717949,0.948717949,0.948717949,1,0.314686721,13.6,25.51969337,1.437173367,0.071858668,20
cancer,FACETIndex,100,,20000,6,0.964912281,0.948717949,0.948717949,0.948717949,1,0.30237124,14.25,50.66418147,2.647736073,0.132386804,20
cancer,FACETIndex,100,,30000,6,0.964912281,0.948717949,0.948717949,0.948717949,1,0.29579807,13.45,75.22391748,3.76151228,0.188075614,20
cancer,FACETIndex,100,,40000,6,0.964912281,0.948717949,0.948717949,0.948717949,1,0.286444742,13.2,100.5060225,4.446845531,0.222342277,20
cancer,FACETIndex,100,,50000,6,0.964912281,0.948717949,0.948717949,0.948717949,1,0.285999124,13.85,124.8032887,5.641463041,0.282073152,20
cancer,FACETIndex,100,,60000,6,0.964912281,0.948717949,0.948717949,0.948717949,1,0.28101115,13.05,150.4639301,6.865490198,0.34327451,20
cancer,FACETIndex,100,,70000,6,0.964912281,0.948717949,0.948717949,0.948717949,1,0.286282118,13.85,175.7678041,8.263730288,0.413186514,20
cancer,FACETIndex,100,,80000,6,0.964912281,0.948717949,0.948717949,0.948717949,1,0.281192093,12.5,198.7639625,8.982001305,0.449100065,20
cancer,FACETIndex,100,,90000,6,0.964912281,0.948717949,0.948717949,0.948717949,1,0.277638433,12.9,225.52775,10.06892681,0.503446341,20
cancer,FACETIndex,100,,100000,6,0.964912281,0.948717949,0.948717949,0.948717949,1,0.275971778,12.55,250.6918828,11.41463256,0.570731628,20
cancer,FACETIndex,100,,100,7,0.964912281,0.944444444,0.944444444,0.944444444,1,0.417396978,14.65,0.235068083,0.034419537,0.001720977,20
cancer,FACETIndex,100,,1000,7,0.964912281,0.944444444,0.944444444,0.944444444,1,0.384331535,14.85,2.581330299,0.177283049,0.008864152,20
cancer,FACETIndex,100,,5000,7,0.964912281,0.944444444,0.944444444,0.944444444,1,0.337503173,14.1,12.19729424,0.635961294,0.031798065,20
cancer,FACETIndex,100,,10000,7,0.964912281,0.944444444,0.944444444,0.944444444,1,0.327304008,13.15,25.47120881,1.229847908,0.061492395,20
cancer,FACETIndex,100,,20000,7,0.964912281,0.944444444,0.944444444,0.944444444,1,0.311717728,13.05,50.71654391,2.300419569,0.115020978,20
cancer,FACETIndex,100,,30000,7,0.964912281,0.944444444,0.944444444,0.944444444,1,0.30141314,12.85,75.73979568,3.285244465,0.164262223,20
cancer,FACETIndex,100,,40000,7,0.964912281,0.944444444,0.944444444,0.944444444,1,0.290415037,12.55,101.2833586,3.918773651,0.195938683,20
cancer,FACETIndex,100,,50000,7,0.964912281,0.944444444,0.944444444,0.944444444,1,0.28955986,12,125.5527132,4.834183693,0.241709185,20
cancer,FACETIndex,100,,60000,7,0.964912281,0.944444444,0.944444444,0.944444444,1,0.290544349,13,149.6661835,5.716632605,0.28583163,20
cancer,FACETIndex,100,,70000,7,0.964912281,0.944444444,0.944444444,0.944444444,1,0.285026697,12.05,175.8289669,6.507147551,0.325357378,20
cancer,FACETIndex,100,,80000,7,0.964912281,0.944444444,0.944444444,0.944444444,1,0.284788168,12.15,200.0523622,7.147902727,0.357395136,20
cancer,FACETIndex,100,,90000,7,0.964912281,0.944444444,0.944444444,0.944444444,1,0.281995887,13.3,226.3381014,8.173755407,0.40868777,20
cancer,FACETIndex,100,,100000,7,0.964912281,0.944444444,0.944444444,0.944444444,1,0.284075433,12.15,248.9710829,8.96201396,0.448100698,20
cancer,FACETIndex,100,,100,8,0.964912281,0.9375,0.97826087,0.957446809,1,0.490268186,15.2,0.219648838,0.040765285,0.002038264,20
cancer,FACETIndex,100,,1000,8,0.964912281,0.9375,0.97826087,0.957446809,1,0.461247168,15.35,2.514540672,0.218204021,0.010910201,20
cancer,FACETIndex,100,,5000,8,0.964912281,0.9375,0.97826087,0.957446809,1,0.413527305,15.05,12.56129408,0.847508907,0.042375445,20
cancer,FACETIndex,100,,10000,8,0.964912281,0.9375,0.97826087,0.957446809,1,0.396224906,13.9,25.45458651,1.622187853,0.081109393,20
cancer,FACETIndex,100,,20000,8,0.964912281,0.9375,0.97826087,0.957446809,1,0.381550862,13.6,50.28268433,2.7795012,0.13897506,20
cancer,FACETIndex,100,,30000,8,0.964912281,0.9375,0.97826087,0.957446809,1,0.376040045,13.75,75.10347795,4.122589588,0.206129479,20
cancer,FACETIndex,100,,40000,8,0.964912281,0.9375,0.97826087,0.957446809,1,0.359209757,13.1,99.7854991,5.080114126,0.254005706,20
cancer,FACETIndex,100,,50000,8,0.964912281,0.9375,0.97826087,0.957446809,1,0.352966281,13.75,124.4846585,5.937064171,0.296853209,20
cancer,FACETIndex,100,,60000,8,0.964912281,0.9375,0.97826087,0.957446809,1,0.347631271,12.7,148.2633154,6.908653259,0.345432663,20
cancer,FACETIndex,100,,70000,8,0.964912281,0.9375,0.97826087,0.957446809,1,0.348941303,13.3,172.7821577,7.862297535,0.393114877,20
cancer,FACETIndex,100,,80000,8,0.964912281,0.9375,0.97826087,0.957446809,1,0.354617193,13.35,200.4971473,9.702156782,0.485107839,20
cancer,FACETIndex,100,,90000,8,0.964912281,0.9375,0.97826087,0.957446809,1,0.34781977,12.4,224.3309851,10.42522311,0.521261156,20
cancer,FACETIndex,100,,100000,8,0.964912281,0.9375,0.97826087,0.957446809,1,0.344066191,13.35,249.6057427,10.51078939,0.52553947,20
cancer,FACETIndex,100,,100,9,0.956140351,1,0.88372093,0.938271605,1,0.476464077,13.1,0.223972321,0.042467356,0.002123368,20
cancer,FACETIndex,100,,1000,9,0.956140351,1,0.88372093,0.938271605,1,0.404129398,12.3,2.392851353,0.140141726,0.007007086,20
cancer,FACETIndex,100,,5000,9,0.956140351,1,0.88372093,0.938271605,1,0.383574242,12.75,12.3197031,0.612130404,0.03060652,20
cancer,FACETIndex,100,,10000,9,0.956140351,1,0.88372093,0.938271605,1,0.352097204,11.35,24.78687096,1.002287626,0.050114381,20
cancer,FACETIndex,100,,20000,9,0.956140351,1,0.88372093,0.938271605,1,0.349443884,11.4,50.2603271,1.748800516,0.087440026,20
cancer,FACETIndex,100,,30000,9,0.956140351,1,0.88372093,0.938271605,1,0.333394486,12,73.77645993,2.555516958,0.127775848,20
cancer,FACETIndex,100,,40000,9,0.956140351,1,0.88372093,0.938271605,1,0.32757602,11.9,99.28364921,3.317852736,0.165892637,20
cancer,FACETIndex,100,,50000,9,0.956140351,1,0.88372093,0.938271605,1,0.323877843,11.9,123.0874052,3.874847651,0.193742383,20
cancer,FACETIndex,100,,60000,9,0.956140351,1,0.88372093,0.938271605,1,0.317566674,11.25,147.240339,4.234578371,0.211728919,20
cancer,FACETIndex,100,,70000,9,0.956140351,1,0.88372093,0.938271605,1,0.323471444,11.35,171.5107629,5.485017061,0.274250853,20
cancer,FACETIndex,100,,80000,9,0.956140351,1,0.88372093,0.938271605,1,0.328792534,11.55,191.344738,6.049303293,0.302465165,20
cancer,FACETIndex,100,,90000,9,0.956140351,1,0.88372093,0.938271605,1,0.32011686,12.3,221.0493832,6.70344305,0.335172153,20
cancer,FACETIndex,100,,100000,9,0.956140351,1,0.88372093,0.938271605,1,0.309938742,12.4,247.0984497,7.344963074,0.367248154,20
