dataset,explainer,n_trees,max_depth,nconstr,iteration,accuracy,precision,recall,f1,per_valid,avg_dist,avg_length,prep_time,explain_time,sample_time,n_explain
glass,FACETIndex,100,,0,0,0.8484848484848485,0.85,0.8947368421052632,0.8717948717948718,1.0,0.30289505632460545,5.85,16.931375980377197,0.333629846572876,0.0166814923286438,20
glass,FACETIndex,100,,2,0,0.8484848484848485,0.85,0.8947368421052632,0.8717948717948718,1.0,0.3053695291462749,5.95,16.931375980377197,0.24234271049499512,0.012117135524749755,20
glass,FACETIndex,100,,4,0,0.8484848484848485,0.85,0.8947368421052632,0.8717948717948718,1.0,0.5906420339362185,6.5,16.931375980377197,0.4536619186401367,0.022683095932006837,20
glass,FACETIndex,100,,6,0,0.8484848484848485,0.85,0.8947368421052632,0.8717948717948718,1.0,0.3562274413278533,7.1,16.931375980377197,0.2965250015258789,0.014826250076293946,20
glass,FACETIndex,100,,8,0,0.8484848484848485,0.85,0.8947368421052632,0.8717948717948718,0.9,0.5598841009505588,7.944444444444445,16.931375980377197,0.1209723949432373,0.006048619747161865,20
glass,FACETIndex,100,,10,0,0.8484848484848485,0.85,0.8947368421052632,0.8717948717948718,0.95,0.5269129958147114,7.315789473684211,16.931375980377197,0.11060762405395508,0.0055303812026977536,20
glass,FACETIndex,100,,12,0,0.8484848484848485,0.85,0.8947368421052632,0.8717948717948718,0.55,0.51117219776215,7.818181818181818,16.931375980377197,0.10545063018798828,0.005272531509399414,20
glass,FACETIndex,100,,14,0,0.8484848484848485,0.85,0.8947368421052632,0.8717948717948718,0.55,0.49193354526527316,6.818181818181818,16.931375980377197,0.07996892929077148,0.003998446464538574,20
glass,FACETIndex,100,,16,0,0.8484848484848485,0.85,0.8947368421052632,0.8717948717948718,0.55,0.7054395289035227,7.181818181818182,16.931375980377197,0.03573274612426758,0.0017866373062133789,20
glass,FACETIndex,100,,18,0,0.8484848484848485,0.85,0.8947368421052632,0.8717948717948718,0.55,0.5224864263628349,7.636363636363637,16.931375980377197,0.056096553802490234,0.0028048276901245115,20
cancer,FACETIndex,100,,0,0,0.9473684210526315,0.9512195121951219,0.9069767441860465,0.9285714285714286,1.0,0.4517246879235345,14.35,33.5203320980072,4.095132112503052,0.20475660562515258,20
cancer,FACETIndex,100,,2,0,0.9473684210526315,0.9512195121951219,0.9069767441860465,0.9285714285714286,1.0,0.4770859869551024,14.65,33.5203320980072,2.6441714763641357,0.13220857381820678,20
glass,FACETIndex,100,,0,1,0.7575757575757576,0.7142857142857143,0.8823529411764706,0.7894736842105262,0.95,0.28437365771948775,5.473684210526316,16.966002464294434,0.4433557987213135,0.022167789936065673,20
glass,FACETIndex,100,,2,1,0.7575757575757576,0.7142857142857143,0.8823529411764706,0.7894736842105262,0.95,0.2856970987039446,5.578947368421052,16.966002464294434,0.41559410095214844,0.02077970504760742,20
glass,FACETIndex,100,,4,1,0.7575757575757576,0.7142857142857143,0.8823529411764706,0.7894736842105262,0.95,0.28958479778151663,5.684210526315789,16.966002464294434,0.3008856773376465,0.015044283866882325,20
glass,FACETIndex,100,,6,1,0.7575757575757576,0.7142857142857143,0.8823529411764706,0.7894736842105262,0.95,0.3477542945429805,6.052631578947368,16.966002464294434,0.267805814743042,0.013390290737152099,20
glass,FACETIndex,100,,8,1,0.7575757575757576,0.7142857142857143,0.8823529411764706,0.7894736842105262,0.55,0.47342541964753243,6.090909090909091,16.966002464294434,0.14325809478759766,0.007162904739379883,20
glass,FACETIndex,100,,10,1,0.7575757575757576,0.7142857142857143,0.8823529411764706,0.7894736842105262,0.95,0.4245768936400539,6.684210526315789,16.966002464294434,0.17230463027954102,0.008615231513977051,20
glass,FACETIndex,100,,12,1,0.7575757575757576,0.7142857142857143,0.8823529411764706,0.7894736842105262,0.55,0.3788884376683354,7.363636363636363,16.966002464294434,0.10080957412719727,0.005040478706359863,20
glass,FACETIndex,100,,14,1,0.7575757575757576,0.7142857142857143,0.8823529411764706,0.7894736842105262,0.55,0.5371406369917675,7.818181818181818,16.966002464294434,0.06289386749267578,0.003144693374633789,20
glass,FACETIndex,100,,16,1,0.7575757575757576,0.7142857142857143,0.8823529411764706,0.7894736842105262,0.95,0.47362185594052025,7.526315789473684,16.966002464294434,0.13467121124267578,0.006733560562133789,20
glass,FACETIndex,100,,18,1,0.7575757575757576,0.7142857142857143,0.8823529411764706,0.7894736842105262,0.55,0.5572314687735624,8.272727272727273,16.966002464294434,0.06152749061584473,0.0030763745307922363,20
cancer,FACETIndex,100,,4,0,0.9473684210526315,0.9512195121951219,0.9069767441860465,0.9285714285714286,1.0,0.4517246879235345,14.35,33.5203320980072,4.06815242767334,0.203407621383667,20
cancer,FACETIndex,100,,6,0,0.9473684210526315,0.9512195121951219,0.9069767441860465,0.9285714285714286,1.0,0.5127557233479457,15.15,33.5203320980072,0.6942579746246338,0.03471289873123169,20
vertebral,FACETIndex,100,,0,0,0.8225806451612904,0.8297872340425532,0.9285714285714286,0.8764044943820225,1.0,0.2269913653800991,4.55,16.479044437408447,0.07484102249145508,0.0037420511245727537,20
vertebral,FACETIndex,100,,2,0,0.8225806451612904,0.8297872340425532,0.9285714285714286,0.8764044943820225,1.0,0.2269913653800991,4.55,16.479044437408447,0.07381343841552734,0.003690671920776367,20
vertebral,FACETIndex,100,,4,0,0.8225806451612904,0.8297872340425532,0.9285714285714286,0.8764044943820225,1.0,0.2546343875049083,5.1,16.479044437408447,0.06118917465209961,0.0030594587326049803,20
vertebral,FACETIndex,100,,6,0,0.8225806451612904,0.8297872340425532,0.9285714285714286,0.8764044943820225,0.25,0.19241042083649304,4.4,16.479044437408447,0.04285240173339844,0.0021426200866699217,20
vertebral,FACETIndex,100,,8,0,0.8225806451612904,0.8297872340425532,0.9285714285714286,0.8764044943820225,1.0,0.3523429348056168,4.95,16.479044437408447,0.038745880126953125,0.0019372940063476563,20
vertebral,FACETIndex,100,,10,0,0.8225806451612904,0.8297872340425532,0.9285714285714286,0.8764044943820225,0.25,0.6323622736731978,4.4,16.479044437408447,0.01933598518371582,0.0009667992591857911,20
vertebral,FACETIndex,100,,12,0,0.8225806451612904,0.8297872340425532,0.9285714285714286,0.8764044943820225,0.25,0.5131227547246461,4.8,16.479044437408447,0.04375433921813965,0.0021877169609069826,20
cancer,FACETIndex,100,,8,0,0.9473684210526315,0.9512195121951219,0.9069767441860465,0.9285714285714286,1.0,0.5828304751927327,16.55,33.5203320980072,0.9759411811828613,0.04879705905914307,20
cancer,FACETIndex,100,,10,0,0.9473684210526315,0.9512195121951219,0.9069767441860465,0.9285714285714286,1.0,0.6070560631296298,15.75,33.5203320980072,0.3448333740234375,0.017241668701171876,20
cancer,FACETIndex,100,,12,0,0.9473684210526315,0.9512195121951219,0.9069767441860465,0.9285714285714286,1.0,0.5758655091789924,16.25,33.5203320980072,0.34850001335144043,0.01742500066757202,20
cancer,FACETIndex,100,,14,0,0.9473684210526315,0.9512195121951219,0.9069767441860465,0.9285714285714286,1.0,0.6589242504900993,16.1,33.5203320980072,0.4618971347808838,0.02309485673904419,20
cancer,FACETIndex,100,,16,0,0.9473684210526315,0.9512195121951219,0.9069767441860465,0.9285714285714286,1.0,0.7852722572347842,16.65,33.5203320980072,0.6039164066314697,0.030195820331573486,20
cancer,FACETIndex,100,,18,0,0.9473684210526315,0.9512195121951219,0.9069767441860465,0.9285714285714286,1.0,0.7472695748263466,17.65,33.5203320980072,0.19904041290283203,0.009952020645141602,20
magic,FACETIndex,100,,0,0,0.8738170347003155,0.8788699690402477,0.9315012305168171,0.90442054958184,1.0,0.46051869753131164,8.65,21.94751238822937,0.3202803134918213,0.016014015674591063,20
magic,FACETIndex,100,,2,0,0.8738170347003155,0.8788699690402477,0.9315012305168171,0.90442054958184,1.0,0.49293690898896936,8.55,21.94751238822937,0.2677724361419678,0.013388621807098388,20
magic,FACETIndex,100,,4,0,0.8738170347003155,0.8788699690402477,0.9315012305168171,0.90442054958184,0.95,0.5417219566479634,8.789473684210526,21.94751238822937,0.21172785758972168,0.010586392879486085,20
magic,FACETIndex,100,,6,0,0.8738170347003155,0.8788699690402477,0.9315012305168171,0.90442054958184,0.75,0.635601162097572,8.666666666666666,21.94751238822937,0.15147805213928223,0.007573902606964111,20
magic,FACETIndex,100,,8,0,0.8738170347003155,0.8788699690402477,0.9315012305168171,0.90442054958184,0.55,0.6263232415914132,8.545454545454545,21.94751238822937,0.061723947525024414,0.003086197376251221,20
magic,FACETIndex,100,,10,0,0.8738170347003155,0.8788699690402477,0.9315012305168171,0.90442054958184,0.85,0.6849214424311695,8.294117647058824,21.94751238822937,0.11054062843322754,0.005527031421661377,20
magic,FACETIndex,100,,12,0,0.8738170347003155,0.8788699690402477,0.9315012305168171,0.90442054958184,0.6,0.6323424065756686,9.666666666666666,21.94751238822937,0.07736945152282715,0.0038684725761413572,20
magic,FACETIndex,100,,14,0,0.8738170347003155,0.8788699690402477,0.9315012305168171,0.90442054958184,0.30000000000000004,0.8818911129968328,9.0,21.94751238822937,0.05453300476074219,0.0027266502380371093,20
magic,FACETIndex,100,,16,0,0.8738170347003155,0.8788699690402477,0.9315012305168171,0.90442054958184,0.09999999999999998,0.909149100271389,8.5,21.94751238822937,0.03755927085876465,0.0018779635429382324,20
magic,FACETIndex,100,,18,0,0.8738170347003155,0.8788699690402477,0.9315012305168171,0.90442054958184,0.0,,,21.94751238822937,0.031260013580322266,0.0015630006790161132,20
magic,FACETIndex,100,,20,0,0.8738170347003155,0.8788699690402477,0.9315012305168171,0.90442054958184,0.0,,,21.94751238822937,0.028243303298950195,0.0014121651649475098,20
glass,FACETIndex,100,,0,2,0.8787878787878788,0.8636363636363636,0.95,0.9047619047619048,1.0,0.26636128728570807,6.65,17.021893739700317,0.5673620700836182,0.028368103504180908,20
vertebral,FACETIndex,100,,0,1,0.8548387096774194,0.8636363636363636,0.926829268292683,0.8941176470588236,1.0,0.19204720158775967,4.15,16.466848134994507,0.08804917335510254,0.004402458667755127,20
vertebral,FACETIndex,100,,2,1,0.8548387096774194,0.8636363636363636,0.926829268292683,0.8941176470588236,0.44999999999999996,0.2568881624672479,4.555555555555555,16.466848134994507,0.09082365036010742,0.004541182518005371,20
glass,FACETIndex,100,,2,2,0.8787878787878788,0.8636363636363636,0.95,0.9047619047619048,1.0,0.26636128728570807,6.65,17.021893739700317,0.5419399738311768,0.02709699869155884,20
vertebral,FACETIndex,100,,4,1,0.8548387096774194,0.8636363636363636,0.926829268292683,0.8941176470588236,1.0,0.25980535804748517,4.15,16.466848134994507,0.06948447227478027,0.003474223613739014,20
vertebral,FACETIndex,100,,6,1,0.8548387096774194,0.8636363636363636,0.926829268292683,0.8941176470588236,1.0,0.2510533561277292,4.4,16.466848134994507,0.0513913631439209,0.0025695681571960447,20
vertebral,FACETIndex,100,,8,1,0.8548387096774194,0.8636363636363636,0.926829268292683,0.8941176470588236,0.44999999999999996,0.4708171123100198,4.666666666666667,16.466848134994507,0.11757183074951172,0.005878591537475586,20
vertebral,FACETIndex,100,,10,1,0.8548387096774194,0.8636363636363636,0.926829268292683,0.8941176470588236,1.0,0.3868934811750856,4.65,16.466848134994507,0.03577113151550293,0.0017885565757751465,20
glass,FACETIndex,100,,4,2,0.8787878787878788,0.8636363636363636,0.95,0.9047619047619048,1.0,0.39840995282828434,6.95,17.021893739700317,0.2909257411956787,0.014546287059783936,20
vertebral,FACETIndex,100,,12,1,0.8548387096774194,0.8636363636363636,0.926829268292683,0.8941176470588236,0.44999999999999996,0.4879912941535036,4.777777777777778,16.466848134994507,0.053124427795410156,0.002656221389770508,20
glass,FACETIndex,100,,6,2,0.8787878787878788,0.8636363636363636,0.95,0.9047619047619048,1.0,0.5764765833898589,7.6,17.021893739700317,0.6398782730102539,0.0319939136505127,20
glass,FACETIndex,100,,8,2,0.8787878787878788,0.8636363636363636,0.95,0.9047619047619048,1.0,0.4069006146336168,6.95,17.021893739700317,0.2246711254119873,0.011233556270599365,20
glass,FACETIndex,100,,10,2,0.8787878787878788,0.8636363636363636,0.95,0.9047619047619048,1.0,0.5067968444279394,7.5,17.021893739700317,0.14617586135864258,0.007308793067932129,20
glass,FACETIndex,100,,12,2,0.8787878787878788,0.8636363636363636,0.95,0.9047619047619048,0.65,0.4993452270817913,7.384615384615385,17.021893739700317,0.07904267311096191,0.003952133655548096,20
glass,FACETIndex,100,,14,2,0.8787878787878788,0.8636363636363636,0.95,0.9047619047619048,1.0,0.5021394185594401,8.25,17.021893739700317,0.23661375045776367,0.011830687522888184,20
glass,FACETIndex,100,,16,2,0.8787878787878788,0.8636363636363636,0.95,0.9047619047619048,0.65,0.5882735755363984,7.076923076923077,17.021893739700317,0.029329776763916016,0.0014664888381958007,20
glass,FACETIndex,100,,18,2,0.8787878787878788,0.8636363636363636,0.95,0.9047619047619048,0.65,0.6734350703685522,7.3076923076923075,17.021893739700317,0.11946940422058105,0.0059734702110290526,20
vertebral,FACETIndex,100,,0,2,0.8548387096774194,0.8888888888888888,0.9090909090909091,0.8988764044943819,1.0,0.2640980314513553,4.5,16.42646050453186,0.06990242004394531,0.0034951210021972657,20
vertebral,FACETIndex,100,,2,2,0.8548387096774194,0.8888888888888888,0.9090909090909091,0.8988764044943819,0.95,0.25902073534473435,4.842105263157895,16.42646050453186,0.0577082633972168,0.0028854131698608397,20
vertebral,FACETIndex,100,,4,2,0.8548387096774194,0.8888888888888888,0.9090909090909091,0.8988764044943819,0.95,0.23956658279690082,4.7368421052631575,16.42646050453186,0.06287479400634766,0.0031437397003173826,20
vertebral,FACETIndex,100,,6,2,0.8548387096774194,0.8888888888888888,0.9090909090909091,0.8988764044943819,0.35,0.5818953661755739,4.714285714285714,16.42646050453186,0.03808760643005371,0.0019043803215026856,20
vertebral,FACETIndex,100,,8,2,0.8548387096774194,0.8888888888888888,0.9090909090909091,0.8988764044943819,0.35,0.23715398995663772,4.714285714285714,16.42646050453186,0.034604549407958984,0.0017302274703979493,20
vertebral,FACETIndex,100,,10,2,0.8548387096774194,0.8888888888888888,0.9090909090909091,0.8988764044943819,0.35,0.39968994296508187,5.0,16.42646050453186,0.04187273979187012,0.002093636989593506,20
vertebral,FACETIndex,100,,12,2,0.8548387096774194,0.8888888888888888,0.9090909090909091,0.8988764044943819,0.35,0.29311276547472265,4.714285714285714,16.42646050453186,0.03222036361694336,0.001611018180847168,20
spambase,FACETIndex,100,,0,0,0.9586956521739131,0.9502617801047121,0.9502617801047121,0.9502617801047121,1.0,0.1762976871185078,20.95,49.999189138412476,1.0603587627410889,0.053017938137054445,20
magic,FACETIndex,100,,0,1,0.8832807570977917,0.8879245283018868,0.9412,0.9137864077669904,1.0,0.41531764206215777,8.65,21.87735104560852,0.3189990520477295,0.015949952602386474,20
glass,FACETIndex,100,,0,3,0.9090909090909091,0.9130434782608695,0.9545454545454546,0.9333333333333332,1.0,0.26038526701948894,6.45,17.10146689414978,0.5718719959259033,0.028593599796295166,20
magic,FACETIndex,100,,2,1,0.8832807570977917,0.8879245283018868,0.9412,0.9137864077669904,1.0,0.5275893546200959,8.9,21.87735104560852,0.22959160804748535,0.011479580402374267,20
magic,FACETIndex,100,,4,1,0.8832807570977917,0.8879245283018868,0.9412,0.9137864077669904,0.8,0.6136640352345744,8.8125,21.87735104560852,0.20228266716003418,0.010114133358001709,20
magic,FACETIndex,100,,6,1,0.8832807570977917,0.8879245283018868,0.9412,0.9137864077669904,0.95,0.5351067551074323,9.105263157894736,21.87735104560852,0.15056228637695312,0.007528114318847656,20
glass,FACETIndex,100,,2,3,0.9090909090909091,0.9130434782608695,0.9545454545454546,0.9333333333333332,1.0,0.44793574502471556,7.05,17.10146689414978,0.5102875232696533,0.025514376163482667,20
magic,FACETIndex,100,,8,1,0.8832807570977917,0.8879245283018868,0.9412,0.9137864077669904,0.75,0.693206817659632,7.933333333333334,21.87735104560852,0.11545920372009277,0.0057729601860046385,20
magic,FACETIndex,100,,10,1,0.8832807570977917,0.8879245283018868,0.9412,0.9137864077669904,0.55,0.686033753645051,7.7272727272727275,21.87735104560852,0.03063678741455078,0.001531839370727539,20
magic,FACETIndex,100,,12,1,0.8832807570977917,0.8879245283018868,0.9412,0.9137864077669904,0.7,0.7129770545335635,9.214285714285714,21.87735104560852,0.05761003494262695,0.002880501747131348,20
magic,FACETIndex,100,,14,1,0.8832807570977917,0.8879245283018868,0.9412,0.9137864077669904,0.7,0.8217967247521212,9.285714285714286,21.87735104560852,0.1084136962890625,0.005420684814453125,20
magic,FACETIndex,100,,16,1,0.8832807570977917,0.8879245283018868,0.9412,0.9137864077669904,0.4,0.6437658401408993,8.875,21.87735104560852,0.04253363609313965,0.0021266818046569826,20
glass,FACETIndex,100,,4,3,0.9090909090909091,0.9130434782608695,0.9545454545454546,0.9333333333333332,1.0,0.5321914312992113,7.35,17.10146689414978,0.36419105529785156,0.018209552764892577,20
magic,FACETIndex,100,,18,1,0.8832807570977917,0.8879245283018868,0.9412,0.9137864077669904,0.0,,,21.87735104560852,0.05190300941467285,0.0025951504707336427,20
magic,FACETIndex,100,,20,1,0.8832807570977917,0.8879245283018868,0.9412,0.9137864077669904,0.0,,,21.87735104560852,0.027571916580200195,0.0013785958290100098,20
glass,FACETIndex,100,,6,3,0.9090909090909091,0.9130434782608695,0.9545454545454546,0.9333333333333332,1.0,0.3498082804603712,7.45,17.10146689414978,0.2809419631958008,0.01404709815979004,20
glass,FACETIndex,100,,8,3,0.9090909090909091,0.9130434782608695,0.9545454545454546,0.9333333333333332,1.0,0.46268625805249053,6.7,17.10146689414978,0.12403512001037598,0.006201756000518799,20
glass,FACETIndex,100,,10,3,0.9090909090909091,0.9130434782608695,0.9545454545454546,0.9333333333333332,0.75,0.5031499900699247,8.4,17.10146689414978,0.1836233139038086,0.00918116569519043,20
glass,FACETIndex,100,,12,3,0.9090909090909091,0.9130434782608695,0.9545454545454546,0.9333333333333332,0.75,0.6396296335469688,8.6,17.10146689414978,0.09450817108154297,0.004725408554077148,20
glass,FACETIndex,100,,14,3,0.9090909090909091,0.9130434782608695,0.9545454545454546,0.9333333333333332,0.75,0.5743167970240444,8.333333333333334,17.10146689414978,0.0963597297668457,0.004817986488342285,20
glass,FACETIndex,100,,16,3,0.9090909090909091,0.9130434782608695,0.9545454545454546,0.9333333333333332,0.75,0.6182119962583544,8.533333333333333,17.10146689414978,0.06477546691894531,0.0032387733459472655,20
spambase,FACETIndex,100,,2,0,0.9586956521739131,0.9502617801047121,0.9502617801047121,0.9502617801047121,1.0,0.47164394143941857,21.45,49.999189138412476,3.843535900115967,0.19217679500579835,20
glass,FACETIndex,100,,18,3,0.9090909090909091,0.9130434782608695,0.9545454545454546,0.9333333333333332,0.75,0.5571651924965871,8.533333333333333,17.10146689414978,0.10565471649169922,0.005282735824584961,20
cancer,FACETIndex,100,,0,1,0.956140350877193,0.9393939393939394,0.9117647058823529,0.9253731343283583,0.95,0.36666583139277426,13.31578947368421,33.30686020851135,3.739248752593994,0.18696243762969972,20
spambase,FACETIndex,100,,4,0,0.9586956521739131,0.9502617801047121,0.9502617801047121,0.9502617801047121,1.0,0.4178722203269463,22.85,49.999189138412476,3.372030258178711,0.16860151290893555,20
cancer,FACETIndex,100,,2,1,0.956140350877193,0.9393939393939394,0.9117647058823529,0.9253731343283583,0.95,0.4080584355168313,14.052631578947368,33.30686020851135,3.1199865341186523,0.1559993267059326,20
spambase,FACETIndex,100,,6,0,0.9586956521739131,0.9502617801047121,0.9502617801047121,0.9502617801047121,1.0,0.5838219439005503,22.45,49.999189138412476,1.2658751010894775,0.06329375505447388,20
spambase,FACETIndex,100,,8,0,0.9586956521739131,0.9502617801047121,0.9502617801047121,0.9502617801047121,1.0,0.29323949004310307,23.1,49.999189138412476,0.6109433174133301,0.030547165870666505,20
spambase,FACETIndex,100,,10,0,0.9586956521739131,0.9502617801047121,0.9502617801047121,0.9502617801047121,1.0,0.6680817370134489,25.9,49.999189138412476,0.6123409271240234,0.03061704635620117,20
spambase,FACETIndex,100,,12,0,0.9586956521739131,0.9502617801047121,0.9502617801047121,0.9502617801047121,1.0,0.7382576299598854,23.95,49.999189138412476,0.22967171669006348,0.011483585834503174,20
spambase,FACETIndex,100,,14,0,0.9586956521739131,0.9502617801047121,0.9502617801047121,0.9502617801047121,1.0,0.700850588061457,26.05,49.999189138412476,0.5279245376586914,0.02639622688293457,20
cancer,FACETIndex,100,,4,1,0.956140350877193,0.9393939393939394,0.9117647058823529,0.9253731343283583,0.95,0.4195075855193818,14.894736842105264,33.30686020851135,2.2097856998443604,0.11048928499221802,20
spambase,FACETIndex,100,,16,0,0.9586956521739131,0.9502617801047121,0.9502617801047121,0.9502617801047121,1.0,0.6724448522276616,25.75,49.999189138412476,0.09083271026611328,0.004541635513305664,20
spambase,FACETIndex,100,,18,0,0.9586956521739131,0.9502617801047121,0.9502617801047121,0.9502617801047121,1.0,0.81132835573102,26.45,49.999189138412476,0.1280536651611328,0.0064026832580566405,20
spambase,FACETIndex,100,,20,0,0.9586956521739131,0.9502617801047121,0.9502617801047121,0.9502617801047121,1.0,0.7505763089791613,28.2,49.999189138412476,0.1173095703125,0.005865478515625,20
cancer,FACETIndex,100,,6,1,0.956140350877193,0.9393939393939394,0.9117647058823529,0.9253731343283583,0.95,0.45035319019403536,13.842105263157896,33.30686020851135,1.715590238571167,0.08577951192855834,20
cancer,FACETIndex,100,,8,1,0.956140350877193,0.9393939393939394,0.9117647058823529,0.9253731343283583,0.95,0.4167644996672745,13.842105263157896,33.30686020851135,1.9154078960418701,0.09577039480209351,20
cancer,FACETIndex,100,,10,1,0.956140350877193,0.9393939393939394,0.9117647058823529,0.9253731343283583,0.95,0.4518855737542562,14.736842105263158,33.30686020851135,1.6701436042785645,0.08350718021392822,20
vertebral,FACETIndex,100,,0,3,0.7741935483870968,0.8717948717948718,0.7906976744186046,0.8292682926829267,1.0,0.2217960182870164,4.75,16.504713773727417,0.06885170936584473,0.0034425854682922363,20
vertebral,FACETIndex,100,,2,3,0.7741935483870968,0.8717948717948718,0.7906976744186046,0.8292682926829267,1.0,0.2943642676251933,4.5,16.504713773727417,0.05378317832946777,0.0026891589164733886,20
vertebral,FACETIndex,100,,4,3,0.7741935483870968,0.8717948717948718,0.7906976744186046,0.8292682926829267,0.44999999999999996,0.25896209974766543,4.888888888888889,16.504713773727417,0.04203176498413086,0.002101588249206543,20
vertebral,FACETIndex,100,,6,3,0.7741935483870968,0.8717948717948718,0.7906976744186046,0.8292682926829267,0.44999999999999996,0.46640139760495636,5.0,16.504713773727417,0.05989646911621094,0.002994823455810547,20
vertebral,FACETIndex,100,,8,3,0.7741935483870968,0.8717948717948718,0.7906976744186046,0.8292682926829267,1.0,0.371559480187518,5.15,16.504713773727417,0.042855024337768555,0.002142751216888428,20
vertebral,FACETIndex,100,,10,3,0.7741935483870968,0.8717948717948718,0.7906976744186046,0.8292682926829267,0.44999999999999996,0.5450257110692074,5.555555555555555,16.504713773727417,0.03350663185119629,0.0016753315925598145,20
cancer,FACETIndex,100,,12,1,0.956140350877193,0.9393939393939394,0.9117647058823529,0.9253731343283583,0.95,0.6388491650648992,15.368421052631579,33.30686020851135,0.6648468971252441,0.03324234485626221,20
vertebral,FACETIndex,100,,12,3,0.7741935483870968,0.8717948717948718,0.7906976744186046,0.8292682926829267,0.4,0.5219493752787063,5.625,16.504713773727417,0.019230127334594727,0.0009615063667297363,20
cancer,FACETIndex,100,,14,1,0.956140350877193,0.9393939393939394,0.9117647058823529,0.9253731343283583,0.95,0.4953830960351979,15.263157894736842,33.30686020851135,0.820382833480835,0.04101914167404175,20
cancer,FACETIndex,100,,16,1,0.956140350877193,0.9393939393939394,0.9117647058823529,0.9253731343283583,0.95,0.656407428668547,17.894736842105264,33.30686020851135,0.31197619438171387,0.015598809719085694,20
cancer,FACETIndex,100,,18,1,0.956140350877193,0.9393939393939394,0.9117647058823529,0.9253731343283583,0.95,0.6304914132448867,16.68421052631579,33.30686020851135,0.8749184608459473,0.043745923042297366,20
glass,FACETIndex,100,,0,4,0.8484848484848485,1.0,0.8,0.888888888888889,1.0,0.2713971656494699,6.65,17.061271905899048,0.4251210689544678,0.02125605344772339,20
glass,FACETIndex,100,,2,4,0.8484848484848485,1.0,0.8,0.888888888888889,1.0,0.279995331810022,6.75,17.061271905899048,0.30106329917907715,0.015053164958953858,20
glass,FACETIndex,100,,4,4,0.8484848484848485,1.0,0.8,0.888888888888889,1.0,0.5511606462619161,6.55,17.061271905899048,0.299274206161499,0.01496371030807495,20
glass,FACETIndex,100,,6,4,0.8484848484848485,1.0,0.8,0.888888888888889,0.65,0.41393322623797224,6.6923076923076925,17.061271905899048,0.26209592819213867,0.013104796409606934,20
glass,FACETIndex,100,,8,4,0.8484848484848485,1.0,0.8,0.888888888888889,0.65,0.5895816846184612,7.538461538461538,17.061271905899048,0.1457681655883789,0.007288408279418945,20
glass,FACETIndex,100,,10,4,0.8484848484848485,1.0,0.8,0.888888888888889,1.0,0.5766163106645051,8.4,17.061271905899048,0.16664838790893555,0.008332419395446777,20
glass,FACETIndex,100,,12,4,0.8484848484848485,1.0,0.8,0.888888888888889,0.95,0.5851525038031287,8.421052631578947,17.061271905899048,0.24071979522705078,0.012035989761352539,20
glass,FACETIndex,100,,14,4,0.8484848484848485,1.0,0.8,0.888888888888889,0.65,0.6407444648184273,7.384615384615385,17.061271905899048,0.07242393493652344,0.003621196746826172,20
glass,FACETIndex,100,,16,4,0.8484848484848485,1.0,0.8,0.888888888888889,0.65,0.49710952631010347,8.384615384615385,17.061271905899048,0.07129120826721191,0.003564560413360596,20
glass,FACETIndex,100,,18,4,0.8484848484848485,1.0,0.8,0.888888888888889,0.65,0.4969459920168649,8.461538461538462,17.061271905899048,0.07464337348937988,0.0037321686744689942,20
magic,FACETIndex,100,,0,2,0.8777602523659306,0.8819684736639753,0.935562805872757,0.9079754601226995,1.0,0.46410673243557,9.0,21.82801103591919,0.4263651371002197,0.021318256855010986,20
magic,FACETIndex,100,,2,2,0.8777602523659306,0.8819684736639753,0.935562805872757,0.9079754601226995,1.0,0.5265093669993842,9.0,21.82801103591919,0.2102034091949463,0.010510170459747314,20
magic,FACETIndex,100,,4,2,0.8777602523659306,0.8819684736639753,0.935562805872757,0.9079754601226995,1.0,0.5802514656693777,9.0,21.82801103591919,0.27042222023010254,0.013521111011505127,20
magic,FACETIndex,100,,6,2,0.8777602523659306,0.8819684736639753,0.935562805872757,0.9079754601226995,1.0,0.5991059888591196,8.9,21.82801103591919,0.1830284595489502,0.00915142297744751,20
magic,FACETIndex,100,,8,2,0.8777602523659306,0.8819684736639753,0.935562805872757,0.9079754601226995,0.44999999999999996,0.6224831907086923,9.222222222222221,21.82801103591919,0.05806589126586914,0.002903294563293457,20
magic,FACETIndex,100,,10,2,0.8777602523659306,0.8819684736639753,0.935562805872757,0.9079754601226995,0.85,0.7426158778880986,9.411764705882353,21.82801103591919,0.06691527366638184,0.0033457636833190917,20
magic,FACETIndex,100,,12,2,0.8777602523659306,0.8819684736639753,0.935562805872757,0.9079754601226995,0.0,,,21.82801103591919,0.0343327522277832,0.0017166376113891602,20
magic,FACETIndex,100,,14,2,0.8777602523659306,0.8819684736639753,0.935562805872757,0.9079754601226995,0.4,0.7604258535905608,9.625,21.82801103591919,0.03978276252746582,0.001989138126373291,20
magic,FACETIndex,100,,16,2,0.8777602523659306,0.8819684736639753,0.935562805872757,0.9079754601226995,0.0,,,21.82801103591919,0.024178743362426758,0.0012089371681213378,20
magic,FACETIndex,100,,18,2,0.8777602523659306,0.8819684736639753,0.935562805872757,0.9079754601226995,0.19999999999999996,0.8830369973032342,9.5,21.82801103591919,0.03465843200683594,0.0017329216003417968,20
magic,FACETIndex,100,,20,2,0.8777602523659306,0.8819684736639753,0.935562805872757,0.9079754601226995,0.25,0.8055568016136387,9.6,21.82801103591919,0.03665947914123535,0.0018329739570617676,20
vertebral,FACETIndex,100,,0,4,0.8225806451612904,0.8043478260869565,0.9487179487179487,0.8705882352941177,1.0,0.19567077351737627,4.5,16.396934509277344,0.062349796295166016,0.003117489814758301,20
vertebral,FACETIndex,100,,2,4,0.8225806451612904,0.8043478260869565,0.9487179487179487,0.8705882352941177,1.0,0.19567077351737627,4.5,16.396934509277344,0.06245112419128418,0.003122556209564209,20
vertebral,FACETIndex,100,,4,4,0.8225806451612904,0.8043478260869565,0.9487179487179487,0.8705882352941177,0.35,0.46752282020013813,3.142857142857143,16.396934509277344,0.060501813888549805,0.00302509069442749,20
vertebral,FACETIndex,100,,6,4,0.8225806451612904,0.8043478260869565,0.9487179487179487,0.8705882352941177,0.35,0.46577212899600456,4.0,16.396934509277344,0.054717063903808594,0.0027358531951904297,20
vertebral,FACETIndex,100,,8,4,0.8225806451612904,0.8043478260869565,0.9487179487179487,0.8705882352941177,1.0,0.21402325917468618,4.55,16.396934509277344,0.05869746208190918,0.002934873104095459,20
vertebral,FACETIndex,100,,10,4,0.8225806451612904,0.8043478260869565,0.9487179487179487,0.8705882352941177,1.0,0.4132010202947064,5.35,16.396934509277344,0.037400007247924805,0.0018700003623962403,20
vertebral,FACETIndex,100,,12,4,0.8225806451612904,0.8043478260869565,0.9487179487179487,0.8705882352941177,0.35,0.47632575527182086,4.857142857142857,16.396934509277344,0.05987954139709473,0.0029939770698547362,20
glass,FACETIndex,100,,0,5,0.8484848484848485,0.8421052631578947,0.8888888888888888,0.8648648648648649,1.0,0.26305097452905524,5.9,16.968908548355103,0.22280097007751465,0.011140048503875732,20
glass,FACETIndex,100,,2,5,0.8484848484848485,0.8421052631578947,0.8888888888888888,0.8648648648648649,1.0,0.2632974037272985,5.95,16.968908548355103,0.2232050895690918,0.01116025447845459,20
glass,FACETIndex,100,,4,5,0.8484848484848485,0.8421052631578947,0.8888888888888888,0.8648648648648649,1.0,0.548928813350118,6.8,16.968908548355103,0.654839277267456,0.0327419638633728,20
glass,FACETIndex,100,,6,5,0.8484848484848485,0.8421052631578947,0.8888888888888888,0.8648648648648649,0.55,0.38540731486764274,5.909090909090909,16.968908548355103,0.0972285270690918,0.00486142635345459,20
glass,FACETIndex,100,,8,5,0.8484848484848485,0.8421052631578947,0.8888888888888888,0.8648648648648649,0.55,0.35766687722319673,7.636363636363637,16.968908548355103,0.1803297996520996,0.00901648998260498,20
glass,FACETIndex,100,,10,5,0.8484848484848485,0.8421052631578947,0.8888888888888888,0.8648648648648649,1.0,0.49868589971437965,7.2,16.968908548355103,0.06347990036010742,0.0031739950180053713,20
glass,FACETIndex,100,,12,5,0.8484848484848485,0.8421052631578947,0.8888888888888888,0.8648648648648649,0.55,0.43399065946199983,5.636363636363637,16.968908548355103,0.05821871757507324,0.002910935878753662,20
glass,FACETIndex,100,,14,5,0.8484848484848485,0.8421052631578947,0.8888888888888888,0.8648648648648649,0.55,0.5671108330605285,6.181818181818182,16.968908548355103,0.04576396942138672,0.002288198471069336,20
glass,FACETIndex,100,,16,5,0.8484848484848485,0.8421052631578947,0.8888888888888888,0.8648648648648649,1.0,0.44090071984787615,7.4,16.968908548355103,0.05946207046508789,0.0029731035232543946,20
glass,FACETIndex,100,,18,5,0.8484848484848485,0.8421052631578947,0.8888888888888888,0.8648648648648649,0.5,0.40755713038679103,8.5,16.968908548355103,0.04257988929748535,0.0021289944648742675,20
vertebral,FACETIndex,100,,0,5,0.8387096774193549,0.8372093023255814,0.9230769230769231,0.878048780487805,1.0,0.2178772273498732,5.05,16.293256759643555,0.07897400856018066,0.003948700428009033,20
vertebral,FACETIndex,100,,2,5,0.8387096774193549,0.8372093023255814,0.9230769230769231,0.878048780487805,1.0,0.25189945679854364,4.95,16.293256759643555,0.051833391189575195,0.0025916695594787598,20
vertebral,FACETIndex,100,,4,5,0.8387096774193549,0.8372093023255814,0.9230769230769231,0.878048780487805,1.0,0.2702047351106548,5.15,16.293256759643555,0.04585433006286621,0.0022927165031433106,20
vertebral,FACETIndex,100,,6,5,0.8387096774193549,0.8372093023255814,0.9230769230769231,0.878048780487805,1.0,0.26918484712235785,5.0,16.293256759643555,0.06487631797790527,0.0032438158988952635,20
vertebral,FACETIndex,100,,8,5,0.8387096774193549,0.8372093023255814,0.9230769230769231,0.878048780487805,0.44999999999999996,0.5401508938430183,4.777777777777778,16.293256759643555,0.04149651527404785,0.0020748257637023928,20
vertebral,FACETIndex,100,,10,5,0.8387096774193549,0.8372093023255814,0.9230769230769231,0.878048780487805,1.0,0.5285706238135437,5.0,16.293256759643555,0.03103351593017578,0.001551675796508789,20
vertebral,FACETIndex,100,,12,5,0.8387096774193549,0.8372093023255814,0.9230769230769231,0.878048780487805,0.44999999999999996,0.40235611861882015,5.444444444444445,16.293256759643555,0.0485987663269043,0.0024299383163452148,20
magic,FACETIndex,100,,0,3,0.8648790746582544,0.8700670141474312,0.934052757793765,0.9009252120277564,1.0,0.4041472072106661,8.45,21.735883712768555,0.3470497131347656,0.017352485656738283,20
magic,FACETIndex,100,,2,3,0.8648790746582544,0.8700670141474312,0.934052757793765,0.9009252120277564,0.85,0.48130193335843985,8.117647058823529,21.735883712768555,0.15988492965698242,0.007994246482849122,20
magic,FACETIndex,100,,4,3,0.8648790746582544,0.8700670141474312,0.934052757793765,0.9009252120277564,1.0,0.44512095934439877,8.3,21.735883712768555,0.22611498832702637,0.011305749416351318,20
cancer,FACETIndex,100,,0,2,0.9824561403508771,1.0,0.9565217391304348,0.9777777777777777,1.0,0.46021242273513996,12.65,33.37879419326782,5.045953750610352,0.25229768753051757,20
magic,FACETIndex,100,,6,3,0.8648790746582544,0.8700670141474312,0.934052757793765,0.9009252120277564,0.9,0.48842324871602677,8.5,21.735883712768555,0.14426875114440918,0.007213437557220459,20
magic,FACETIndex,100,,8,3,0.8648790746582544,0.8700670141474312,0.934052757793765,0.9009252120277564,0.85,0.5671224506297774,8.705882352941176,21.735883712768555,0.10422825813293457,0.0052114129066467285,20
magic,FACETIndex,100,,10,3,0.8648790746582544,0.8700670141474312,0.934052757793765,0.9009252120277564,0.75,0.6038743779870619,9.8,21.735883712768555,0.07106161117553711,0.0035530805587768556,20
magic,FACETIndex,100,,12,3,0.8648790746582544,0.8700670141474312,0.934052757793765,0.9009252120277564,0.7,0.5636574977145886,9.571428571428571,21.735883712768555,0.04711604118347168,0.002355802059173584,20
magic,FACETIndex,100,,14,3,0.8648790746582544,0.8700670141474312,0.934052757793765,0.9009252120277564,0.0,,,21.735883712768555,0.04172015190124512,0.002086007595062256,20
magic,FACETIndex,100,,16,3,0.8648790746582544,0.8700670141474312,0.934052757793765,0.9009252120277564,0.0,,,21.735883712768555,0.02804112434387207,0.0014020562171936034,20
magic,FACETIndex,100,,18,3,0.8648790746582544,0.8700670141474312,0.934052757793765,0.9009252120277564,0.0,,,21.735883712768555,0.03443431854248047,0.0017217159271240234,20
magic,FACETIndex,100,,20,3,0.8648790746582544,0.8700670141474312,0.934052757793765,0.9009252120277564,0.0,,,21.735883712768555,0.03067326545715332,0.001533663272857666,20
glass,FACETIndex,100,,0,6,0.8787878787878788,0.9333333333333333,0.8235294117647058,0.8749999999999999,1.0,0.29105737523142844,6.15,17.002874851226807,0.2505333423614502,0.01252666711807251,20
glass,FACETIndex,100,,2,6,0.8787878787878788,0.9333333333333333,0.8235294117647058,0.8749999999999999,1.0,0.47927646086801945,6.65,17.002874851226807,0.29085302352905273,0.014542651176452637,20
glass,FACETIndex,100,,4,6,0.8787878787878788,0.9333333333333333,0.8235294117647058,0.8749999999999999,1.0,0.4413494998829977,6.15,17.002874851226807,0.17719388008117676,0.008859694004058838,20
glass,FACETIndex,100,,6,6,0.8787878787878788,0.9333333333333333,0.8235294117647058,0.8749999999999999,1.0,0.41284298456191726,7.05,17.002874851226807,0.1627492904663086,0.00813746452331543,20
glass,FACETIndex,100,,8,6,0.8787878787878788,0.9333333333333333,0.8235294117647058,0.8749999999999999,0.44999999999999996,0.5049284905138736,7.444444444444445,17.002874851226807,0.20452499389648438,0.010226249694824219,20
glass,FACETIndex,100,,10,6,0.8787878787878788,0.9333333333333333,0.8235294117647058,0.8749999999999999,0.44999999999999996,0.5388295298293548,6.0,17.002874851226807,0.05264878273010254,0.002632439136505127,20
glass,FACETIndex,100,,12,6,0.8787878787878788,0.9333333333333333,0.8235294117647058,0.8749999999999999,0.44999999999999996,0.6104807457160008,7.0,17.002874851226807,0.08620262145996094,0.004310131072998047,20
glass,FACETIndex,100,,14,6,0.8787878787878788,0.9333333333333333,0.8235294117647058,0.8749999999999999,1.0,0.408473674906642,7.7,17.002874851226807,0.0880131721496582,0.00440065860748291,20
glass,FACETIndex,100,,16,6,0.8787878787878788,0.9333333333333333,0.8235294117647058,0.8749999999999999,0.35,0.6535900725305953,7.142857142857143,17.002874851226807,0.05581045150756836,0.002790522575378418,20
glass,FACETIndex,100,,18,6,0.8787878787878788,0.9333333333333333,0.8235294117647058,0.8749999999999999,0.0,,,17.002874851226807,0.02994060516357422,0.001497030258178711,20
spambase,FACETIndex,100,,0,1,0.9554347826086956,0.9593023255813954,0.9243697478991597,0.9415121255349501,1.0,0.18623370158598823,19.7,49.48767948150635,1.0883028507232666,0.05441514253616333,20
cancer,FACETIndex,100,,2,2,0.9824561403508771,1.0,0.9565217391304348,0.9777777777777777,1.0,0.46021242273513996,12.65,33.37879419326782,5.067063570022583,0.25335317850112915,20
cancer,FACETIndex,100,,4,2,0.9824561403508771,1.0,0.9565217391304348,0.9777777777777777,1.0,0.5484591245802334,13.85,33.37879419326782,1.4486117362976074,0.07243058681488038,20
cancer,FACETIndex,100,,6,2,0.9824561403508771,1.0,0.9565217391304348,0.9777777777777777,1.0,0.511242633058236,14.3,33.37879419326782,1.7039968967437744,0.08519984483718872,20
spambase,FACETIndex,100,,2,1,0.9554347826086956,0.9593023255813954,0.9243697478991597,0.9415121255349501,1.0,0.4440654844321556,21.15,49.48767948150635,3.5005407333374023,0.1750270366668701,20
vertebral,FACETIndex,100,,0,6,0.7580645161290323,0.7111111111111111,0.9411764705882353,0.8101265822784811,1.0,0.23567690480249487,4.4,16.348580837249756,0.05759096145629883,0.0028795480728149416,20
vertebral,FACETIndex,100,,2,6,0.7580645161290323,0.7111111111111111,0.9411764705882353,0.8101265822784811,1.0,0.28358091220117804,4.6,16.348580837249756,0.06403446197509766,0.003201723098754883,20
vertebral,FACETIndex,100,,4,6,0.7580645161290323,0.7111111111111111,0.9411764705882353,0.8101265822784811,1.0,0.23610057245879207,4.45,16.348580837249756,0.056366920471191406,0.0028183460235595703,20
vertebral,FACETIndex,100,,6,6,0.7580645161290323,0.7111111111111111,0.9411764705882353,0.8101265822784811,1.0,0.3301040639144714,5.0,16.348580837249756,0.031625986099243164,0.0015812993049621582,20
spambase,FACETIndex,100,,4,1,0.9554347826086956,0.9593023255813954,0.9243697478991597,0.9415121255349501,1.0,0.529401972385261,20.55,49.48767948150635,1.6159658432006836,0.08079829216003417,20
vertebral,FACETIndex,100,,8,6,0.7580645161290323,0.7111111111111111,0.9411764705882353,0.8101265822784811,1.0,0.3164880009990644,4.85,16.348580837249756,0.041544437408447266,0.0020772218704223633,20
vertebral,FACETIndex,100,,10,6,0.7580645161290323,0.7111111111111111,0.9411764705882353,0.8101265822784811,0.25,0.2324742059359206,5.0,16.348580837249756,0.03974771499633789,0.0019873857498168947,20
vertebral,FACETIndex,100,,12,6,0.7580645161290323,0.7111111111111111,0.9411764705882353,0.8101265822784811,0.25,0.3802181453108583,4.6,16.348580837249756,0.02949976921081543,0.0014749884605407715,20
cancer,FACETIndex,100,,8,2,0.9824561403508771,1.0,0.9565217391304348,0.9777777777777777,1.0,0.6289479810591315,14.95,33.37879419326782,1.9734127521514893,0.09867063760757447,20
spambase,FACETIndex,100,,6,1,0.9554347826086956,0.9593023255813954,0.9243697478991597,0.9415121255349501,1.0,0.3533146071148507,23.0,49.48767948150635,1.0996897220611572,0.05498448610305786,20
cancer,FACETIndex,100,,10,2,0.9824561403508771,1.0,0.9565217391304348,0.9777777777777777,1.0,0.6424834466383429,13.05,33.37879419326782,1.3485181331634521,0.06742590665817261,20
spambase,FACETIndex,100,,8,1,0.9554347826086956,0.9593023255813954,0.9243697478991597,0.9415121255349501,1.0,0.4963883735795389,23.3,49.48767948150635,0.9478409290313721,0.0473920464515686,20
cancer,FACETIndex,100,,12,2,0.9824561403508771,1.0,0.9565217391304348,0.9777777777777777,1.0,0.5223984526751846,13.8,33.37879419326782,0.5751481056213379,0.028757405281066895,20
spambase,FACETIndex,100,,10,1,0.9554347826086956,0.9593023255813954,0.9243697478991597,0.9415121255349501,1.0,0.34467291324716837,24.05,49.48767948150635,0.8879835605621338,0.04439917802810669,20
cancer,FACETIndex,100,,14,2,0.9824561403508771,1.0,0.9565217391304348,0.9777777777777777,1.0,0.6514947885330764,15.25,33.37879419326782,0.8633675575256348,0.043168377876281736,20
spambase,FACETIndex,100,,12,1,0.9554347826086956,0.9593023255813954,0.9243697478991597,0.9415121255349501,1.0,0.4383726351615132,24.15,49.48767948150635,0.3730638027191162,0.01865319013595581,20
cancer,FACETIndex,100,,16,2,0.9824561403508771,1.0,0.9565217391304348,0.9777777777777777,0.95,0.6472359291397309,15.157894736842104,33.37879419326782,0.21462464332580566,0.010731232166290284,20
cancer,FACETIndex,100,,18,2,0.9824561403508771,1.0,0.9565217391304348,0.9777777777777777,1.0,0.6199469000930031,16.7,33.37879419326782,0.2541372776031494,0.01270686388015747,20
spambase,FACETIndex,100,,14,1,0.9554347826086956,0.9593023255813954,0.9243697478991597,0.9415121255349501,0.95,0.8414550921972009,25.42105263157895,49.48767948150635,0.41058850288391113,0.020529425144195555,20
spambase,FACETIndex,100,,16,1,0.9554347826086956,0.9593023255813954,0.9243697478991597,0.9415121255349501,1.0,0.7992842738204124,27.15,49.48767948150635,0.24394512176513672,0.012197256088256836,20
spambase,FACETIndex,100,,18,1,0.9554347826086956,0.9593023255813954,0.9243697478991597,0.9415121255349501,1.0,0.8892365825565831,26.5,49.48767948150635,0.18534374237060547,0.009267187118530274,20
spambase,FACETIndex,100,,20,1,0.9554347826086956,0.9593023255813954,0.9243697478991597,0.9415121255349501,1.0,0.8384896179220958,27.35,49.48767948150635,0.08251953125,0.0041259765625,20
glass,FACETIndex,100,,0,7,0.7878787878787878,0.6875,0.8461538461538461,0.7586206896551724,1.0,0.2658647382880621,5.3,17.010149002075195,0.1753380298614502,0.00876690149307251,20
glass,FACETIndex,100,,2,7,0.7878787878787878,0.6875,0.8461538461538461,0.7586206896551724,1.0,0.27186663636603986,5.4,17.010149002075195,0.1766951084136963,0.008834755420684815,20
glass,FACETIndex,100,,4,7,0.7878787878787878,0.6875,0.8461538461538461,0.7586206896551724,1.0,0.4080236591781781,6.25,17.010149002075195,0.16741132736206055,0.008370566368103027,20
glass,FACETIndex,100,,6,7,0.7878787878787878,0.6875,0.8461538461538461,0.7586206896551724,1.0,0.29074371516432934,5.85,17.010149002075195,0.14765524864196777,0.0073827624320983885,20
glass,FACETIndex,100,,8,7,0.7878787878787878,0.6875,0.8461538461538461,0.7586206896551724,1.0,0.552361757849622,7.15,17.010149002075195,0.10240960121154785,0.005120480060577392,20
glass,FACETIndex,100,,10,7,0.7878787878787878,0.6875,0.8461538461538461,0.7586206896551724,0.95,0.5177987779016759,7.2631578947368425,17.010149002075195,0.2334296703338623,0.011671483516693115,20
glass,FACETIndex,100,,12,7,0.7878787878787878,0.6875,0.8461538461538461,0.7586206896551724,0.55,0.6514950286971753,7.636363636363637,17.010149002075195,0.05329608917236328,0.002664804458618164,20
glass,FACETIndex,100,,14,7,0.7878787878787878,0.6875,0.8461538461538461,0.7586206896551724,0.5,0.7117652649207036,8.2,17.010149002075195,0.0334467887878418,0.0016723394393920899,20
glass,FACETIndex,100,,16,7,0.7878787878787878,0.6875,0.8461538461538461,0.7586206896551724,0.25,0.7679528142565343,7.4,17.010149002075195,0.025624990463256836,0.0012812495231628418,20
glass,FACETIndex,100,,18,7,0.7878787878787878,0.6875,0.8461538461538461,0.7586206896551724,0.55,0.6662548104223412,8.0,17.010149002075195,0.033704519271850586,0.0016852259635925294,20
vertebral,FACETIndex,100,,0,7,0.9193548387096774,0.8958333333333334,1.0,0.945054945054945,1.0,0.2665192721906086,4.45,16.534781217575073,0.05304551124572754,0.002652275562286377,20
vertebral,FACETIndex,100,,2,7,0.9193548387096774,0.8958333333333334,1.0,0.945054945054945,1.0,0.3218355520584114,4.85,16.534781217575073,0.042136430740356445,0.002106821537017822,20
vertebral,FACETIndex,100,,4,7,0.9193548387096774,0.8958333333333334,1.0,0.945054945054945,1.0,0.3138146839542736,4.6,16.534781217575073,0.04007601737976074,0.002003800868988037,20
vertebral,FACETIndex,100,,6,7,0.9193548387096774,0.8958333333333334,1.0,0.945054945054945,0.15000000000000002,0.39759232765455405,4.666666666666667,16.534781217575073,0.040561676025390625,0.002028083801269531,20
vertebral,FACETIndex,100,,8,7,0.9193548387096774,0.8958333333333334,1.0,0.945054945054945,0.15000000000000002,0.26363542257419065,4.666666666666667,16.534781217575073,0.03510451316833496,0.001755225658416748,20
vertebral,FACETIndex,100,,10,7,0.9193548387096774,0.8958333333333334,1.0,0.945054945054945,0.95,0.30067025268139413,4.894736842105263,16.534781217575073,0.03957819938659668,0.001978909969329834,20
magic,FACETIndex,100,,0,4,0.8759200841219769,0.8783109404990403,0.9365534179287761,0.9064976228209193,1.0,0.4119285645827314,8.6,21.83755612373352,0.38713908195495605,0.019356954097747802,20
vertebral,FACETIndex,100,,12,7,0.9193548387096774,0.8958333333333334,1.0,0.945054945054945,0.15000000000000002,0.46770778846644223,5.333333333333333,16.534781217575073,0.02709364891052246,0.001354682445526123,20
magic,FACETIndex,100,,2,4,0.8759200841219769,0.8783109404990403,0.9365534179287761,0.9064976228209193,1.0,0.5232793815006418,9.05,21.83755612373352,0.35517454147338867,0.017758727073669434,20
magic,FACETIndex,100,,4,4,0.8759200841219769,0.8783109404990403,0.9365534179287761,0.9064976228209193,1.0,0.581126896675505,7.85,21.83755612373352,0.25162601470947266,0.012581300735473634,20
magic,FACETIndex,100,,6,4,0.8759200841219769,0.8783109404990403,0.9365534179287761,0.9064976228209193,1.0,0.49803323803875765,8.6,21.83755612373352,0.1446387767791748,0.00723193883895874,20
magic,FACETIndex,100,,8,4,0.8759200841219769,0.8783109404990403,0.9365534179287761,0.9064976228209193,1.0,0.653538219587135,9.3,21.83755612373352,0.10340189933776855,0.005170094966888428,20
magic,FACETIndex,100,,10,4,0.8759200841219769,0.8783109404990403,0.9365534179287761,0.9064976228209193,0.75,0.6652772191120592,10.0,21.83755612373352,0.07037019729614258,0.003518509864807129,20
magic,FACETIndex,100,,12,4,0.8759200841219769,0.8783109404990403,0.9365534179287761,0.9064976228209193,0.7,0.7180930626476405,7.857142857142857,21.83755612373352,0.0546572208404541,0.0027328610420227053,20
magic,FACETIndex,100,,14,4,0.8759200841219769,0.8783109404990403,0.9365534179287761,0.9064976228209193,0.0,,,21.83755612373352,0.04819297790527344,0.0024096488952636717,20
magic,FACETIndex,100,,16,4,0.8759200841219769,0.8783109404990403,0.9365534179287761,0.9064976228209193,0.0,,,21.83755612373352,0.030359983444213867,0.0015179991722106933,20
magic,FACETIndex,100,,18,4,0.8759200841219769,0.8783109404990403,0.9365534179287761,0.9064976228209193,0.0,,,21.83755612373352,0.04252052307128906,0.0021260261535644533,20
magic,FACETIndex,100,,20,4,0.8759200841219769,0.8783109404990403,0.9365534179287761,0.9064976228209193,0.0,,,21.83755612373352,0.023546457290649414,0.0011773228645324707,20
glass,FACETIndex,100,,0,8,0.8787878787878788,0.95,0.8636363636363636,0.9047619047619048,1.0,0.27459384456235586,5.55,17.023906230926514,0.2628605365753174,0.013143026828765869,20
glass,FACETIndex,100,,2,8,0.8787878787878788,0.95,0.8636363636363636,0.9047619047619048,1.0,0.5371553788767518,7.2,17.023906230926514,0.2803635597229004,0.01401817798614502,20
glass,FACETIndex,100,,4,8,0.8787878787878788,0.95,0.8636363636363636,0.9047619047619048,1.0,0.3987332076155321,7.25,17.023906230926514,0.4668877124786377,0.023344385623931884,20
glass,FACETIndex,100,,6,8,0.8787878787878788,0.95,0.8636363636363636,0.9047619047619048,1.0,0.5166925020841618,7.25,17.023906230926514,0.24444270133972168,0.012222135066986084,20
glass,FACETIndex,100,,8,8,0.8787878787878788,0.95,0.8636363636363636,0.9047619047619048,0.6,0.5755104115194998,5.75,17.023906230926514,0.21878957748413086,0.010939478874206543,20
glass,FACETIndex,100,,10,8,0.8787878787878788,0.95,0.8636363636363636,0.9047619047619048,1.0,0.3701382908666952,6.8,17.023906230926514,0.09422755241394043,0.004711377620697022,20
glass,FACETIndex,100,,12,8,0.8787878787878788,0.95,0.8636363636363636,0.9047619047619048,0.6,0.5100841692991325,7.166666666666667,17.023906230926514,0.13515472412109375,0.0067577362060546875,20
glass,FACETIndex,100,,14,8,0.8787878787878788,0.95,0.8636363636363636,0.9047619047619048,0.6,0.44279412093107723,5.333333333333333,17.023906230926514,0.07330513000488281,0.003665256500244141,20
glass,FACETIndex,100,,16,8,0.8787878787878788,0.95,0.8636363636363636,0.9047619047619048,0.6,0.623751191677221,8.0,17.023906230926514,0.0935206413269043,0.004676032066345215,20
glass,FACETIndex,100,,18,8,0.8787878787878788,0.95,0.8636363636363636,0.9047619047619048,0.6,0.7539021534086,8.5,17.023906230926514,0.055350303649902344,0.002767515182495117,20
vertebral,FACETIndex,100,,0,8,0.9032258064516129,0.9090909090909091,0.9523809523809523,0.9302325581395349,1.0,0.28532896701202826,5.3,16.558995962142944,0.10601282119750977,0.005300641059875488,20
vertebral,FACETIndex,100,,2,8,0.9032258064516129,0.9090909090909091,0.9523809523809523,0.9302325581395349,0.30000000000000004,0.28511759738887416,5.166666666666667,16.558995962142944,0.06606554985046387,0.0033032774925231935,20
vertebral,FACETIndex,100,,4,8,0.9032258064516129,0.9090909090909091,0.9523809523809523,0.9302325581395349,0.30000000000000004,0.2870722635580727,5.166666666666667,16.558995962142944,0.06818366050720215,0.0034091830253601073,20
vertebral,FACETIndex,100,,6,8,0.9032258064516129,0.9090909090909091,0.9523809523809523,0.9302325581395349,1.0,0.339479039937976,5.15,16.558995962142944,0.06501221656799316,0.003250610828399658,20
vertebral,FACETIndex,100,,8,8,0.9032258064516129,0.9090909090909091,0.9523809523809523,0.9302325581395349,0.95,0.5804810602070731,5.421052631578948,16.558995962142944,0.025931358337402344,0.0012965679168701171,20
vertebral,FACETIndex,100,,10,8,0.9032258064516129,0.9090909090909091,0.9523809523809523,0.9302325581395349,0.30000000000000004,0.30933248988984813,5.833333333333333,16.558995962142944,0.05286121368408203,0.0026430606842041014,20
vertebral,FACETIndex,100,,12,8,0.9032258064516129,0.9090909090909091,0.9523809523809523,0.9302325581395349,0.30000000000000004,0.47017610547553623,5.333333333333333,16.558995962142944,0.021216630935668945,0.0010608315467834472,20
cancer,FACETIndex,100,,0,3,0.9035087719298246,0.8717948717948718,0.85,0.8607594936708861,1.0,0.46682297457391836,12.6,33.128355741500854,3.8522870540618896,0.1926143527030945,20
magic,FACETIndex,100,,0,5,0.8780231335436383,0.8758647194465795,0.9417355371900826,0.9076065312624452,1.0,0.49749471527778766,8.9,21.678694248199463,0.23145294189453125,0.011572647094726562,20
cancer,FACETIndex,100,,2,3,0.9035087719298246,0.8717948717948718,0.85,0.8607594936708861,1.0,0.4668231268322046,12.65,33.128355741500854,3.863773822784424,0.19318869113922119,20
magic,FACETIndex,100,,2,5,0.8780231335436383,0.8758647194465795,0.9417355371900826,0.9076065312624452,1.0,0.5639151465499619,8.3,21.678694248199463,0.18852615356445312,0.009426307678222657,20
magic,FACETIndex,100,,4,5,0.8780231335436383,0.8758647194465795,0.9417355371900826,0.9076065312624452,1.0,0.5738852428844062,8.65,21.678694248199463,0.16018342971801758,0.00800917148590088,20
magic,FACETIndex,100,,6,5,0.8780231335436383,0.8758647194465795,0.9417355371900826,0.9076065312624452,0.35,0.6623922140150003,9.714285714285714,21.678694248199463,0.0529942512512207,0.0026497125625610353,20
magic,FACETIndex,100,,8,5,0.8780231335436383,0.8758647194465795,0.9417355371900826,0.9076065312624452,1.0,0.7300253296729114,9.0,21.678694248199463,0.06916570663452148,0.0034582853317260743,20
magic,FACETIndex,100,,10,5,0.8780231335436383,0.8758647194465795,0.9417355371900826,0.9076065312624452,0.15000000000000002,0.7568826769352901,10.0,21.678694248199463,0.03774547576904297,0.0018872737884521485,20
magic,FACETIndex,100,,12,5,0.8780231335436383,0.8758647194465795,0.9417355371900826,0.9076065312624452,0.30000000000000004,0.642856823186485,9.333333333333334,21.678694248199463,0.04094552993774414,0.002047276496887207,20
magic,FACETIndex,100,,14,5,0.8780231335436383,0.8758647194465795,0.9417355371900826,0.9076065312624452,0.35,0.5926327417586404,9.0,21.678694248199463,0.05127096176147461,0.0025635480880737303,20
magic,FACETIndex,100,,16,5,0.8780231335436383,0.8758647194465795,0.9417355371900826,0.9076065312624452,0.09999999999999998,0.77534306618154,10.0,21.678694248199463,0.04582047462463379,0.0022910237312316895,20
magic,FACETIndex,100,,18,5,0.8780231335436383,0.8758647194465795,0.9417355371900826,0.9076065312624452,0.050000000000000044,0.6911870817112119,10.0,21.678694248199463,0.039789676666259766,0.0019894838333129883,20
magic,FACETIndex,100,,20,5,0.8780231335436383,0.8758647194465795,0.9417355371900826,0.9076065312624452,0.0,,,21.678694248199463,0.0331723690032959,0.001658618450164795,20
cancer,FACETIndex,100,,4,3,0.9035087719298246,0.8717948717948718,0.85,0.8607594936708861,0.95,0.4519113061917,12.631578947368421,33.128355741500854,3.0892603397369385,0.15446301698684692,20
glass,FACETIndex,100,,0,9,0.9090909090909091,0.9411764705882353,0.8888888888888888,0.9142857142857143,0.95,0.30966763491600746,6.368421052631579,17.10453486442566,0.21053814888000488,0.010526907444000245,20
glass,FACETIndex,100,,2,9,0.9090909090909091,0.9411764705882353,0.8888888888888888,0.9142857142857143,0.95,0.3112768499633362,6.421052631578948,17.10453486442566,0.20898175239562988,0.010449087619781494,20
glass,FACETIndex,100,,4,9,0.9090909090909091,0.9411764705882353,0.8888888888888888,0.9142857142857143,0.95,0.31077211085335976,6.473684210526316,17.10453486442566,0.14769768714904785,0.007384884357452393,20
glass,FACETIndex,100,,6,9,0.9090909090909091,0.9411764705882353,0.8888888888888888,0.9142857142857143,0.44999999999999996,0.4875729019170804,6.666666666666667,17.10453486442566,0.12243318557739258,0.0061216592788696286,20
glass,FACETIndex,100,,8,9,0.9090909090909091,0.9411764705882353,0.8888888888888888,0.9142857142857143,0.44999999999999996,0.4923917282296048,6.444444444444445,17.10453486442566,0.08406567573547363,0.004203283786773681,20
glass,FACETIndex,100,,10,9,0.9090909090909091,0.9411764705882353,0.8888888888888888,0.9142857142857143,0.44999999999999996,0.5657019164754827,6.333333333333333,17.10453486442566,0.07117271423339844,0.003558635711669922,20
cancer,FACETIndex,100,,6,3,0.9035087719298246,0.8717948717948718,0.85,0.8607594936708861,0.95,0.5641352756942322,14.631578947368421,33.128355741500854,1.4238345623016357,0.07119172811508179,20
glass,FACETIndex,100,,12,9,0.9090909090909091,0.9411764705882353,0.8888888888888888,0.9142857142857143,0.44999999999999996,0.32383251674975544,6.333333333333333,17.10453486442566,0.11081671714782715,0.005540835857391358,20
glass,FACETIndex,100,,14,9,0.9090909090909091,0.9411764705882353,0.8888888888888888,0.9142857142857143,0.95,0.4826576683306872,7.052631578947368,17.10453486442566,0.1744251251220703,0.008721256256103515,20
glass,FACETIndex,100,,16,9,0.9090909090909091,0.9411764705882353,0.8888888888888888,0.9142857142857143,0.9,0.5961728196281662,8.222222222222221,17.10453486442566,0.0907285213470459,0.004536426067352295,20
glass,FACETIndex,100,,18,9,0.9090909090909091,0.9411764705882353,0.8888888888888888,0.9142857142857143,0.44999999999999996,0.49431330448636834,7.444444444444445,17.10453486442566,0.053339481353759766,0.0026669740676879884,20
cancer,FACETIndex,100,,8,3,0.9035087719298246,0.8717948717948718,0.85,0.8607594936708861,0.9,0.5675263564336424,14.555555555555555,33.128355741500854,1.4563305377960205,0.07281652688980103,20
vertebral,FACETIndex,100,,0,9,0.8870967741935484,0.9347826086956522,0.9148936170212766,0.924731182795699,1.0,0.28068585747907904,5.0,16.420080184936523,0.10376691818237305,0.005188345909118652,20
vertebral,FACETIndex,100,,2,9,0.8870967741935484,0.9347826086956522,0.9148936170212766,0.924731182795699,0.9,0.44966533847718115,5.444444444444445,16.420080184936523,0.06306958198547363,0.0031534790992736816,20
vertebral,FACETIndex,100,,4,9,0.8870967741935484,0.9347826086956522,0.9148936170212766,0.924731182795699,0.35,0.3613346201500165,5.142857142857143,16.420080184936523,0.07416939735412598,0.003708469867706299,20
vertebral,FACETIndex,100,,6,9,0.8870967741935484,0.9347826086956522,0.9148936170212766,0.924731182795699,1.0,0.4088733549660157,5.6,16.420080184936523,0.08788275718688965,0.004394137859344482,20
vertebral,FACETIndex,100,,8,9,0.8870967741935484,0.9347826086956522,0.9148936170212766,0.924731182795699,0.35,0.2690818334261536,5.428571428571429,16.420080184936523,0.03809380531311035,0.0019046902656555177,20
vertebral,FACETIndex,100,,10,9,0.8870967741935484,0.9347826086956522,0.9148936170212766,0.924731182795699,0.35,0.4456406855412683,5.428571428571429,16.420080184936523,0.03884601593017578,0.0019423007965087891,20
vertebral,FACETIndex,100,,12,9,0.8870967741935484,0.9347826086956522,0.9148936170212766,0.924731182795699,0.35,0.4871522966221234,5.571428571428571,16.420080184936523,0.01949596405029297,0.0009747982025146484,20
cancer,FACETIndex,100,,10,3,0.9035087719298246,0.8717948717948718,0.85,0.8607594936708861,0.95,0.5968407791842447,15.526315789473685,33.128355741500854,0.9397974014282227,0.04698987007141113,20
cancer,FACETIndex,100,,12,3,0.9035087719298246,0.8717948717948718,0.85,0.8607594936708861,0.9,0.6682257760526142,16.055555555555557,33.128355741500854,0.5902290344238281,0.029511451721191406,20
cancer,FACETIndex,100,,14,3,0.9035087719298246,0.8717948717948718,0.85,0.8607594936708861,0.95,0.6614802015127239,15.157894736842104,33.128355741500854,0.4995300769805908,0.02497650384902954,20
cancer,FACETIndex,100,,16,3,0.9035087719298246,0.8717948717948718,0.85,0.8607594936708861,0.85,0.6793425833091996,16.647058823529413,33.128355741500854,0.47373533248901367,0.023686766624450684,20
cancer,FACETIndex,100,,18,3,0.9035087719298246,0.8717948717948718,0.85,0.8607594936708861,0.95,0.6338395614844692,15.789473684210526,33.128355741500854,0.15920591354370117,0.007960295677185059,20
spambase,FACETIndex,100,,0,2,0.9532608695652174,0.9510869565217391,0.9333333333333333,0.9421265141318979,1.0,0.19628311696018816,20.75,50.20577788352966,0.6785809993743896,0.03392904996871948,20
spambase,FACETIndex,100,,2,2,0.9532608695652174,0.9510869565217391,0.9333333333333333,0.9421265141318979,1.0,0.1990897158039534,21.55,50.20577788352966,0.5839934349060059,0.029199671745300294,20
spambase,FACETIndex,100,,4,2,0.9532608695652174,0.9510869565217391,0.9333333333333333,0.9421265141318979,1.0,0.24026871661032997,22.55,50.20577788352966,0.5401320457458496,0.02700660228729248,20
spambase,FACETIndex,100,,6,2,0.9532608695652174,0.9510869565217391,0.9333333333333333,0.9421265141318979,1.0,0.44150792769070024,24.15,50.20577788352966,2.4309020042419434,0.12154510021209716,20
spambase,FACETIndex,100,,8,2,0.9532608695652174,0.9510869565217391,0.9333333333333333,0.9421265141318979,1.0,0.5027595575839496,24.65,50.20577788352966,1.1007285118103027,0.05503642559051514,20
spambase,FACETIndex,100,,10,2,0.9532608695652174,0.9510869565217391,0.9333333333333333,0.9421265141318979,1.0,0.7763728381715274,26.1,50.20577788352966,0.5528428554534912,0.02764214277267456,20
spambase,FACETIndex,100,,12,2,0.9532608695652174,0.9510869565217391,0.9333333333333333,0.9421265141318979,1.0,0.5989931548884307,27.05,50.20577788352966,0.4745826721191406,0.02372913360595703,20
spambase,FACETIndex,100,,14,2,0.9532608695652174,0.9510869565217391,0.9333333333333333,0.9421265141318979,1.0,0.8540298478058738,27.9,50.20577788352966,0.29224324226379395,0.014612162113189697,20
spambase,FACETIndex,100,,16,2,0.9532608695652174,0.9510869565217391,0.9333333333333333,0.9421265141318979,1.0,0.7974889722704661,27.1,50.20577788352966,0.28075146675109863,0.014037573337554931,20
spambase,FACETIndex,100,,18,2,0.9532608695652174,0.9510869565217391,0.9333333333333333,0.9421265141318979,0.25,0.9862571119577576,28.2,50.20577788352966,0.07038545608520508,0.003519272804260254,20
spambase,FACETIndex,100,,20,2,0.9532608695652174,0.9510869565217391,0.9333333333333333,0.9421265141318979,1.0,0.8039047982424664,28.0,50.20577788352966,0.11348676681518555,0.005674338340759278,20
magic,FACETIndex,100,,0,6,0.8832807570977917,0.8917881811204912,0.9348350764279968,0.9128043990573449,1.0,0.4547262338611312,9.45,21.77036762237549,0.4969956874847412,0.02484978437423706,20
magic,FACETIndex,100,,2,6,0.8832807570977917,0.8917881811204912,0.9348350764279968,0.9128043990573449,1.0,0.5043154450416221,9.7,21.77036762237549,0.3697531223297119,0.018487656116485597,20
magic,FACETIndex,100,,4,6,0.8832807570977917,0.8917881811204912,0.9348350764279968,0.9128043990573449,0.85,0.5851154938229344,9.705882352941176,21.77036762237549,0.25142955780029297,0.012571477890014648,20
magic,FACETIndex,100,,6,6,0.8832807570977917,0.8917881811204912,0.9348350764279968,0.9128043990573449,0.8,0.6800861750379652,8.5625,21.77036762237549,0.19942760467529297,0.009971380233764648,20
magic,FACETIndex,100,,8,6,0.8832807570977917,0.8917881811204912,0.9348350764279968,0.9128043990573449,0.8,0.6727584476012676,8.9375,21.77036762237549,0.1018378734588623,0.005091893672943115,20
magic,FACETIndex,100,,10,6,0.8832807570977917,0.8917881811204912,0.9348350764279968,0.9128043990573449,1.0,0.497349352079825,9.35,21.77036762237549,0.22707200050354004,0.011353600025177001,20
magic,FACETIndex,100,,12,6,0.8832807570977917,0.8917881811204912,0.9348350764279968,0.9128043990573449,0.75,0.6336562134692147,9.733333333333333,21.77036762237549,0.06873297691345215,0.0034366488456726075,20
magic,FACETIndex,100,,14,6,0.8832807570977917,0.8917881811204912,0.9348350764279968,0.9128043990573449,0.15000000000000002,0.9414019078274668,9.0,21.77036762237549,0.0422513484954834,0.00211256742477417,20
magic,FACETIndex,100,,16,6,0.8832807570977917,0.8917881811204912,0.9348350764279968,0.9128043990573449,0.050000000000000044,0.7220628171034292,8.0,21.77036762237549,0.04681205749511719,0.0023406028747558595,20
magic,FACETIndex,100,,18,6,0.8832807570977917,0.8917881811204912,0.9348350764279968,0.9128043990573449,0.0,,,21.77036762237549,0.03522467613220215,0.0017612338066101073,20
magic,FACETIndex,100,,20,6,0.8832807570977917,0.8917881811204912,0.9348350764279968,0.9128043990573449,0.0,,,21.77036762237549,0.0196840763092041,0.0009842038154602051,20
cancer,FACETIndex,100,,0,4,0.956140350877193,0.9512195121951219,0.9285714285714286,0.9397590361445782,1.0,0.5103627224380634,13.7,32.705036640167236,5.174278020858765,0.25871390104293823,20
cancer,FACETIndex,100,,2,4,0.956140350877193,0.9512195121951219,0.9285714285714286,0.9397590361445782,1.0,0.514193317053685,14.1,32.705036640167236,5.115382432937622,0.2557691216468811,20
cancer,FACETIndex,100,,4,4,0.956140350877193,0.9512195121951219,0.9285714285714286,0.9397590361445782,0.95,0.5685447267367741,14.105263157894736,32.705036640167236,2.1223506927490234,0.10611753463745117,20
magic,FACETIndex,100,,0,7,0.8769716088328076,0.8822197055492639,0.937424789410349,0.9089848308051343,1.0,0.4232324132145556,9.1,21.883535385131836,0.4980018138885498,0.02490009069442749,20
magic,FACETIndex,100,,2,7,0.8769716088328076,0.8822197055492639,0.937424789410349,0.9089848308051343,1.0,0.5398861638427777,9.5,21.883535385131836,0.23859548568725586,0.011929774284362793,20
magic,FACETIndex,100,,4,7,0.8769716088328076,0.8822197055492639,0.937424789410349,0.9089848308051343,1.0,0.506850619268709,9.05,21.883535385131836,0.20276141166687012,0.010138070583343506,20
magic,FACETIndex,100,,6,7,0.8769716088328076,0.8822197055492639,0.937424789410349,0.9089848308051343,1.0,0.5170894767275813,9.45,21.883535385131836,0.1369779109954834,0.00684889554977417,20
magic,FACETIndex,100,,8,7,0.8769716088328076,0.8822197055492639,0.937424789410349,0.9089848308051343,1.0,0.5224519474213307,9.05,21.883535385131836,0.1878664493560791,0.009393322467803954,20
magic,FACETIndex,100,,10,7,0.8769716088328076,0.8822197055492639,0.937424789410349,0.9089848308051343,0.19999999999999996,0.847357669443896,9.75,21.883535385131836,0.10091066360473633,0.005045533180236816,20
magic,FACETIndex,100,,12,7,0.8769716088328076,0.8822197055492639,0.937424789410349,0.9089848308051343,0.4,0.8200503567985602,9.25,21.883535385131836,0.08125448226928711,0.004062724113464355,20
magic,FACETIndex,100,,14,7,0.8769716088328076,0.8822197055492639,0.937424789410349,0.9089848308051343,0.75,0.6072693950335594,8.4,21.883535385131836,0.0745236873626709,0.003726184368133545,20
magic,FACETIndex,100,,16,7,0.8769716088328076,0.8822197055492639,0.937424789410349,0.9089848308051343,0.30000000000000004,0.6914866109269856,9.166666666666666,21.883535385131836,0.029079437255859375,0.0014539718627929687,20
magic,FACETIndex,100,,18,7,0.8769716088328076,0.8822197055492639,0.937424789410349,0.9089848308051343,0.0,,,21.883535385131836,0.022580623626708984,0.0011290311813354492,20
magic,FACETIndex,100,,20,7,0.8769716088328076,0.8822197055492639,0.937424789410349,0.9089848308051343,0.25,0.6869035073596883,8.6,21.883535385131836,0.026979446411132812,0.0013489723205566406,20
cancer,FACETIndex,100,,6,4,0.956140350877193,0.9512195121951219,0.9285714285714286,0.9397590361445782,0.95,0.507703676254861,14.368421052631579,32.705036640167236,3.627868890762329,0.18139344453811646,20
cancer,FACETIndex,100,,8,4,0.956140350877193,0.9512195121951219,0.9285714285714286,0.9397590361445782,1.0,0.5515543686098205,14.95,32.705036640167236,2.2473721504211426,0.11236860752105712,20
cancer,FACETIndex,100,,10,4,0.956140350877193,0.9512195121951219,0.9285714285714286,0.9397590361445782,0.95,0.6759505222842752,16.68421052631579,32.705036640167236,0.7449119091033936,0.03724559545516968,20
cancer,FACETIndex,100,,12,4,0.956140350877193,0.9512195121951219,0.9285714285714286,0.9397590361445782,0.9,0.7071574524467771,16.944444444444443,32.705036640167236,0.5265405178070068,0.026327025890350342,20
cancer,FACETIndex,100,,14,4,0.956140350877193,0.9512195121951219,0.9285714285714286,0.9397590361445782,0.95,0.6184066968180244,15.947368421052632,32.705036640167236,1.040355920791626,0.0520177960395813,20
cancer,FACETIndex,100,,16,4,0.956140350877193,0.9512195121951219,0.9285714285714286,0.9397590361445782,0.85,0.7014901821369655,16.11764705882353,32.705036640167236,1.028512954711914,0.0514256477355957,20
cancer,FACETIndex,100,,18,4,0.956140350877193,0.9512195121951219,0.9285714285714286,0.9397590361445782,0.9,0.7121966352907346,16.944444444444443,32.705036640167236,0.15463471412658691,0.007731735706329346,20
spambase,FACETIndex,100,,0,3,0.9521739130434783,0.9387755102040817,0.9333333333333333,0.9360465116279071,1.0,0.19892767839723574,23.4,50.402965784072876,1.1368463039398193,0.05684231519699097,20
spambase,FACETIndex,100,,2,3,0.9521739130434783,0.9387755102040817,0.9333333333333333,0.9360465116279071,1.0,0.23465946604120064,24.55,50.402965784072876,1.0679931640625,0.053399658203125,20
spambase,FACETIndex,100,,4,3,0.9521739130434783,0.9387755102040817,0.9333333333333333,0.9360465116279071,1.0,0.36140347141471574,25.2,50.402965784072876,1.9719560146331787,0.09859780073165894,20
spambase,FACETIndex,100,,6,3,0.9521739130434783,0.9387755102040817,0.9333333333333333,0.9360465116279071,1.0,0.6922726237290278,24.15,50.402965784072876,1.2226409912109375,0.061132049560546874,20
spambase,FACETIndex,100,,8,3,0.9521739130434783,0.9387755102040817,0.9333333333333333,0.9360465116279071,1.0,0.42455032702216144,24.25,50.402965784072876,0.4117870330810547,0.020589351654052734,20
spambase,FACETIndex,100,,10,3,0.9521739130434783,0.9387755102040817,0.9333333333333333,0.9360465116279071,1.0,0.36836634385888445,26.0,50.402965784072876,0.517848014831543,0.02589240074157715,20
spambase,FACETIndex,100,,12,3,0.9521739130434783,0.9387755102040817,0.9333333333333333,0.9360465116279071,1.0,0.6980253248151145,24.4,50.402965784072876,0.23970556259155273,0.011985278129577637,20
spambase,FACETIndex,100,,14,3,0.9521739130434783,0.9387755102040817,0.9333333333333333,0.9360465116279071,1.0,0.906578228295837,25.75,50.402965784072876,0.12308907508850098,0.006154453754425049,20
spambase,FACETIndex,100,,16,3,0.9521739130434783,0.9387755102040817,0.9333333333333333,0.9360465116279071,1.0,0.7763518146333522,27.55,50.402965784072876,0.04459810256958008,0.002229905128479004,20
spambase,FACETIndex,100,,18,3,0.9521739130434783,0.9387755102040817,0.9333333333333333,0.9360465116279071,0.95,0.9023360912444216,28.789473684210527,50.402965784072876,0.09319138526916504,0.004659569263458252,20
spambase,FACETIndex,100,,20,3,0.9521739130434783,0.9387755102040817,0.9333333333333333,0.9360465116279071,1.0,0.7667180430912052,28.9,50.402965784072876,0.03764176368713379,0.0018820881843566895,20
magic,FACETIndex,100,,0,8,0.8874868559411146,0.8924318094506339,0.9401052205584783,0.9156484036263303,1.0,0.48169295375439614,8.4,21.93103051185608,0.3717312812805176,0.018586564064025878,20
magic,FACETIndex,100,,2,8,0.8874868559411146,0.8924318094506339,0.9401052205584783,0.9156484036263303,1.0,0.5005799839032219,8.5,21.93103051185608,0.20604205131530762,0.010302102565765381,20
magic,FACETIndex,100,,4,8,0.8874868559411146,0.8924318094506339,0.9401052205584783,0.9156484036263303,0.95,0.5745184118500756,8.473684210526315,21.93103051185608,0.21896076202392578,0.01094803810119629,20
magic,FACETIndex,100,,6,8,0.8874868559411146,0.8924318094506339,0.9401052205584783,0.9156484036263303,0.65,0.7176511809658886,9.461538461538462,21.93103051185608,0.10464119911193848,0.0052320599555969235,20
magic,FACETIndex,100,,8,8,0.8874868559411146,0.8924318094506339,0.9401052205584783,0.9156484036263303,0.75,0.5466889177692572,9.2,21.93103051185608,0.17336106300354004,0.008668053150177001,20
magic,FACETIndex,100,,10,8,0.8874868559411146,0.8924318094506339,0.9401052205584783,0.9156484036263303,0.55,0.7333389665558285,9.0,21.93103051185608,0.06064248085021973,0.0030321240425109862,20
magic,FACETIndex,100,,12,8,0.8874868559411146,0.8924318094506339,0.9401052205584783,0.9156484036263303,0.0,,,21.93103051185608,0.032221317291259766,0.0016110658645629883,20
magic,FACETIndex,100,,14,8,0.8874868559411146,0.8924318094506339,0.9401052205584783,0.9156484036263303,0.0,,,21.93103051185608,0.037706613540649414,0.0018853306770324706,20
magic,FACETIndex,100,,16,8,0.8874868559411146,0.8924318094506339,0.9401052205584783,0.9156484036263303,0.09999999999999998,0.8526600360224416,8.5,21.93103051185608,0.042765140533447266,0.0021382570266723633,20
magic,FACETIndex,100,,18,8,0.8874868559411146,0.8924318094506339,0.9401052205584783,0.9156484036263303,0.0,,,21.93103051185608,0.028356552124023438,0.001417827606201172,20
magic,FACETIndex,100,,20,8,0.8874868559411146,0.8924318094506339,0.9401052205584783,0.9156484036263303,0.0,,,21.93103051185608,0.02861166000366211,0.0014305830001831055,20
cancer,FACETIndex,100,,0,5,0.956140350877193,0.9318181818181818,0.9534883720930233,0.942528735632184,0.95,0.4243795915517409,13.473684210526315,33.29574704170227,5.146544456481934,0.2573272228240967,20
cancer,FACETIndex,100,,2,5,0.956140350877193,0.9318181818181818,0.9534883720930233,0.942528735632184,0.95,0.541297200086446,13.789473684210526,33.29574704170227,4.150959491729736,0.20754797458648683,20
cancer,FACETIndex,100,,4,5,0.956140350877193,0.9318181818181818,0.9534883720930233,0.942528735632184,0.9,0.6051970834433988,13.166666666666666,33.29574704170227,3.3378140926361084,0.16689070463180541,20
magic,FACETIndex,100,,0,9,0.8877497371188223,0.89144610663598,0.9416531604538088,0.9158620689655173,1.0,0.3921319057037949,9.15,21.949759244918823,0.3547194004058838,0.01773597002029419,20
magic,FACETIndex,100,,2,9,0.8877497371188223,0.89144610663598,0.9416531604538088,0.9158620689655173,1.0,0.4688282253106902,8.75,21.949759244918823,0.33175158500671387,0.016587579250335695,20
magic,FACETIndex,100,,4,9,0.8877497371188223,0.89144610663598,0.9416531604538088,0.9158620689655173,1.0,0.4997318683769934,9.1,21.949759244918823,0.10875892639160156,0.0054379463195800785,20
magic,FACETIndex,100,,6,9,0.8877497371188223,0.89144610663598,0.9416531604538088,0.9158620689655173,1.0,0.6292049931665489,9.0,21.949759244918823,0.09510970115661621,0.004755485057830811,20
magic,FACETIndex,100,,8,9,0.8877497371188223,0.89144610663598,0.9416531604538088,0.9158620689655173,1.0,0.5311783241372676,9.25,21.949759244918823,0.1416478157043457,0.007082390785217285,20
magic,FACETIndex,100,,10,9,0.8877497371188223,0.89144610663598,0.9416531604538088,0.9158620689655173,0.65,0.541923966083887,8.307692307692308,21.949759244918823,0.04546642303466797,0.0022733211517333984,20
magic,FACETIndex,100,,12,9,0.8877497371188223,0.89144610663598,0.9416531604538088,0.9158620689655173,0.5,0.8483509030089882,9.7,21.949759244918823,0.04212045669555664,0.002106022834777832,20
magic,FACETIndex,100,,14,9,0.8877497371188223,0.89144610663598,0.9416531604538088,0.9158620689655173,0.35,0.6953060402325862,10.0,21.949759244918823,0.05377960205078125,0.0026889801025390624,20
magic,FACETIndex,100,,16,9,0.8877497371188223,0.89144610663598,0.9416531604538088,0.9158620689655173,0.5,0.8014781061209388,9.1,21.949759244918823,0.03307366371154785,0.0016536831855773926,20
magic,FACETIndex,100,,18,9,0.8877497371188223,0.89144610663598,0.9416531604538088,0.9158620689655173,0.0,,,21.949759244918823,0.04478263854980469,0.0022391319274902345,20
magic,FACETIndex,100,,20,9,0.8877497371188223,0.89144610663598,0.9416531604538088,0.9158620689655173,0.25,0.7919261104313198,8.0,21.949759244918823,0.04517245292663574,0.002258622646331787,20
cancer,FACETIndex,100,,6,5,0.956140350877193,0.9318181818181818,0.9534883720930233,0.942528735632184,0.95,0.4371739208193457,14.473684210526315,33.29574704170227,4.4646642208099365,0.22323321104049682,20
cancer,FACETIndex,100,,8,5,0.956140350877193,0.9318181818181818,0.9534883720930233,0.942528735632184,0.95,0.49063848127268345,14.68421052631579,33.29574704170227,1.2871296405792236,0.06435648202896119,20
cancer,FACETIndex,100,,10,5,0.956140350877193,0.9318181818181818,0.9534883720930233,0.942528735632184,0.95,0.5934586416023154,15.894736842105264,33.29574704170227,1.1570584774017334,0.05785292387008667,20
cancer,FACETIndex,100,,12,5,0.956140350877193,0.9318181818181818,0.9534883720930233,0.942528735632184,0.95,0.468648964032108,14.210526315789474,33.29574704170227,2.8374977111816406,0.14187488555908204,20
cancer,FACETIndex,100,,14,5,0.956140350877193,0.9318181818181818,0.9534883720930233,0.942528735632184,0.9,0.5897549195620448,14.833333333333334,33.29574704170227,1.5712254047393799,0.07856127023696899,20
cancer,FACETIndex,100,,16,5,0.956140350877193,0.9318181818181818,0.9534883720930233,0.942528735632184,0.9,0.6511436765084406,15.61111111111111,33.29574704170227,0.5676209926605225,0.028381049633026123,20
cancer,FACETIndex,100,,18,5,0.956140350877193,0.9318181818181818,0.9534883720930233,0.942528735632184,0.85,0.6902877402043303,15.764705882352942,33.29574704170227,0.2474510669708252,0.01237255334854126,20
spambase,FACETIndex,100,,0,4,0.9456521739130435,0.9401709401709402,0.9192200557103064,0.9295774647887323,1.0,0.19182340624955554,21.3,48.98674440383911,0.4431905746459961,0.022159528732299805,20
spambase,FACETIndex,100,,2,4,0.9456521739130435,0.9401709401709402,0.9192200557103064,0.9295774647887323,1.0,0.294695262599903,21.9,48.98674440383911,1.5982787609100342,0.0799139380455017,20
spambase,FACETIndex,100,,4,4,0.9456521739130435,0.9401709401709402,0.9192200557103064,0.9295774647887323,1.0,0.588297488825872,22.85,48.98674440383911,1.38460373878479,0.0692301869392395,20
spambase,FACETIndex,100,,6,4,0.9456521739130435,0.9401709401709402,0.9192200557103064,0.9295774647887323,1.0,0.4905389973556041,23.75,48.98674440383911,3.0888712406158447,0.15444356203079224,20
spambase,FACETIndex,100,,8,4,0.9456521739130435,0.9401709401709402,0.9192200557103064,0.9295774647887323,1.0,0.5585165724037793,25.0,48.98674440383911,1.2046582698822021,0.060232913494110106,20
spambase,FACETIndex,100,,10,4,0.9456521739130435,0.9401709401709402,0.9192200557103064,0.9295774647887323,1.0,0.8379307682922065,26.55,48.98674440383911,0.7281951904296875,0.036409759521484376,20
spambase,FACETIndex,100,,12,4,0.9456521739130435,0.9401709401709402,0.9192200557103064,0.9295774647887323,1.0,0.65281862136199,24.15,48.98674440383911,0.3469712734222412,0.01734856367111206,20
spambase,FACETIndex,100,,14,4,0.9456521739130435,0.9401709401709402,0.9192200557103064,0.9295774647887323,1.0,0.8205147691491618,25.4,48.98674440383911,0.37688255310058594,0.018844127655029297,20
spambase,FACETIndex,100,,16,4,0.9456521739130435,0.9401709401709402,0.9192200557103064,0.9295774647887323,1.0,0.6767521667082697,26.55,48.98674440383911,0.19701600074768066,0.009850800037384033,20
spambase,FACETIndex,100,,18,4,0.9456521739130435,0.9401709401709402,0.9192200557103064,0.9295774647887323,0.0,,,48.98674440383911,0.043360233306884766,0.002168011665344238,20
spambase,FACETIndex,100,,20,4,0.9456521739130435,0.9401709401709402,0.9192200557103064,0.9295774647887323,0.35,0.826683711030723,24.0,48.98674440383911,0.06026315689086914,0.003013157844543457,20
cancer,FACETIndex,100,,0,6,0.9649122807017544,0.9487179487179487,0.9487179487179487,0.9487179487179487,1.0,0.4061752229042053,14.05,33.333117723464966,5.007204055786133,0.25036020278930665,20
cancer,FACETIndex,100,,2,6,0.9649122807017544,0.9487179487179487,0.9487179487179487,0.9487179487179487,1.0,0.40708867369731366,14.2,33.333117723464966,4.170597791671753,0.20852988958358765,20
cancer,FACETIndex,100,,4,6,0.9649122807017544,0.9487179487179487,0.9487179487179487,0.9487179487179487,1.0,0.5024780646336675,15.25,33.333117723464966,1.9635496139526367,0.09817748069763184,20
cancer,FACETIndex,100,,6,6,0.9649122807017544,0.9487179487179487,0.9487179487179487,0.9487179487179487,1.0,0.4955375845922506,15.35,33.333117723464966,1.7372994422912598,0.08686497211456298,20
cancer,FACETIndex,100,,8,6,0.9649122807017544,0.9487179487179487,0.9487179487179487,0.9487179487179487,1.0,0.47816870021114316,14.6,33.333117723464966,1.5379338264465332,0.07689669132232665,20
cancer,FACETIndex,100,,10,6,0.9649122807017544,0.9487179487179487,0.9487179487179487,0.9487179487179487,1.0,0.47706115842879815,15.05,33.333117723464966,0.6828527450561523,0.03414263725280762,20
cancer,FACETIndex,100,,12,6,0.9649122807017544,0.9487179487179487,0.9487179487179487,0.9487179487179487,1.0,0.5827581925974503,17.15,33.333117723464966,0.23316049575805664,0.011658024787902833,20
cancer,FACETIndex,100,,14,6,0.9649122807017544,0.9487179487179487,0.9487179487179487,0.9487179487179487,1.0,0.49879864110255606,15.9,33.333117723464966,0.8668222427368164,0.04334111213684082,20
cancer,FACETIndex,100,,16,6,0.9649122807017544,0.9487179487179487,0.9487179487179487,0.9487179487179487,1.0,0.7415867403751502,18.0,33.333117723464966,0.15285754203796387,0.007642877101898193,20
cancer,FACETIndex,100,,18,6,0.9649122807017544,0.9487179487179487,0.9487179487179487,0.9487179487179487,0.95,0.7953627376804345,17.842105263157894,33.333117723464966,0.16430878639221191,0.008215439319610596,20
spambase,FACETIndex,100,,0,5,0.9630434782608696,0.9660056657223796,0.9393939393939394,0.952513966480447,1.0,0.2170803466741662,20.55,48.31939387321472,0.8561384677886963,0.042806923389434814,20
spambase,FACETIndex,100,,2,5,0.9630434782608696,0.9660056657223796,0.9393939393939394,0.952513966480447,1.0,0.35416633879985926,21.45,48.31939387321472,2.9008781909942627,0.14504390954971313,20
spambase,FACETIndex,100,,4,5,0.9630434782608696,0.9660056657223796,0.9393939393939394,0.952513966480447,1.0,0.586459770883895,22.7,48.31939387321472,2.336482286453247,0.11682411432266235,20
spambase,FACETIndex,100,,6,5,0.9630434782608696,0.9660056657223796,0.9393939393939394,0.952513966480447,1.0,0.43384891527811115,24.8,48.31939387321472,1.5712342262268066,0.07856171131134033,20
spambase,FACETIndex,100,,8,5,0.9630434782608696,0.9660056657223796,0.9393939393939394,0.952513966480447,1.0,0.6534569534281783,24.55,48.31939387321472,1.7310969829559326,0.08655484914779663,20
spambase,FACETIndex,100,,10,5,0.9630434782608696,0.9660056657223796,0.9393939393939394,0.952513966480447,1.0,0.5932341962923664,25.3,48.31939387321472,0.6370673179626465,0.03185336589813233,20
spambase,FACETIndex,100,,12,5,0.9630434782608696,0.9660056657223796,0.9393939393939394,0.952513966480447,1.0,0.72980771026506,26.0,48.31939387321472,0.20179009437561035,0.010089504718780517,20
spambase,FACETIndex,100,,14,5,0.9630434782608696,0.9660056657223796,0.9393939393939394,0.952513966480447,1.0,0.7601926490535178,26.35,48.31939387321472,0.24930500984191895,0.012465250492095948,20
spambase,FACETIndex,100,,16,5,0.9630434782608696,0.9660056657223796,0.9393939393939394,0.952513966480447,0.9,0.8811243387799441,26.833333333333332,48.31939387321472,0.06627249717712402,0.0033136248588562013,20
spambase,FACETIndex,100,,18,5,0.9630434782608696,0.9660056657223796,0.9393939393939394,0.952513966480447,1.0,0.8101692793583931,27.3,48.31939387321472,0.13094067573547363,0.006547033786773682,20
spambase,FACETIndex,100,,20,5,0.9630434782608696,0.9660056657223796,0.9393939393939394,0.952513966480447,1.0,0.6924971061878205,25.3,48.31939387321472,0.0522921085357666,0.0026146054267883303,20
cancer,FACETIndex,100,,0,7,0.9649122807017544,0.9444444444444444,0.9444444444444444,0.9444444444444444,1.0,0.4080790829550228,14.0,33.6550395488739,4.0248939990997314,0.20124469995498656,20
cancer,FACETIndex,100,,2,7,0.9649122807017544,0.9444444444444444,0.9444444444444444,0.9444444444444444,1.0,0.4080790829550228,14.0,33.6550395488739,4.035501956939697,0.20177509784698486,20
cancer,FACETIndex,100,,4,7,0.9649122807017544,0.9444444444444444,0.9444444444444444,0.9444444444444444,1.0,0.4228263300893357,13.85,33.6550395488739,2.3285062313079834,0.11642531156539918,20
cancer,FACETIndex,100,,6,7,0.9649122807017544,0.9444444444444444,0.9444444444444444,0.9444444444444444,1.0,0.41833317559549094,14.75,33.6550395488739,3.242814064025879,0.16214070320129395,20
cancer,FACETIndex,100,,8,7,0.9649122807017544,0.9444444444444444,0.9444444444444444,0.9444444444444444,1.0,0.4690950076140471,14.65,33.6550395488739,1.585752248764038,0.0792876124382019,20
cancer,FACETIndex,100,,10,7,0.9649122807017544,0.9444444444444444,0.9444444444444444,0.9444444444444444,1.0,0.4432143544313819,14.1,33.6550395488739,1.465209722518921,0.07326048612594604,20
cancer,FACETIndex,100,,12,7,0.9649122807017544,0.9444444444444444,0.9444444444444444,0.9444444444444444,1.0,0.6650950231101416,15.2,33.6550395488739,0.46721887588500977,0.023360943794250487,20
cancer,FACETIndex,100,,14,7,0.9649122807017544,0.9444444444444444,0.9444444444444444,0.9444444444444444,1.0,0.69322926943592,17.25,33.6550395488739,0.1960585117340088,0.009802925586700439,20
cancer,FACETIndex,100,,16,7,0.9649122807017544,0.9444444444444444,0.9444444444444444,0.9444444444444444,1.0,0.5051708351504695,14.9,33.6550395488739,0.6425259113311768,0.03212629556655884,20
cancer,FACETIndex,100,,18,7,0.9649122807017544,0.9444444444444444,0.9444444444444444,0.9444444444444444,0.95,0.6417397554023341,17.157894736842106,33.6550395488739,0.15641093254089355,0.007820546627044678,20
spambase,FACETIndex,100,,0,6,0.9478260869565217,0.9544159544159544,0.9128065395095368,0.9331476323119777,1.0,0.18518483979928244,21.3,48.35961580276489,0.6893377304077148,0.034466886520385744,20
spambase,FACETIndex,100,,2,6,0.9478260869565217,0.9544159544159544,0.9128065395095368,0.9331476323119777,1.0,0.2766722366003364,21.8,48.35961580276489,1.641244888305664,0.0820622444152832,20
spambase,FACETIndex,100,,4,6,0.9478260869565217,0.9544159544159544,0.9128065395095368,0.9331476323119777,1.0,0.5023734862931383,23.05,48.35961580276489,3.823089361190796,0.19115446805953978,20
spambase,FACETIndex,100,,6,6,0.9478260869565217,0.9544159544159544,0.9128065395095368,0.9331476323119777,1.0,0.4281983595503016,22.7,48.35961580276489,1.9663612842559814,0.09831806421279907,20
spambase,FACETIndex,100,,8,6,0.9478260869565217,0.9544159544159544,0.9128065395095368,0.9331476323119777,1.0,0.6212597749441899,24.6,48.35961580276489,1.3201160430908203,0.06600580215454102,20
spambase,FACETIndex,100,,10,6,0.9478260869565217,0.9544159544159544,0.9128065395095368,0.9331476323119777,1.0,0.5236706065445922,26.4,48.35961580276489,0.8125729560852051,0.04062864780426025,20
spambase,FACETIndex,100,,12,6,0.9478260869565217,0.9544159544159544,0.9128065395095368,0.9331476323119777,1.0,0.49702231831805543,27.05,48.35961580276489,0.43924665451049805,0.0219623327255249,20
spambase,FACETIndex,100,,14,6,0.9478260869565217,0.9544159544159544,0.9128065395095368,0.9331476323119777,0.44999999999999996,0.9614342488339501,26.666666666666668,48.35961580276489,0.37869834899902344,0.018934917449951173,20
spambase,FACETIndex,100,,16,6,0.9478260869565217,0.9544159544159544,0.9128065395095368,0.9331476323119777,1.0,0.6450862979108035,27.85,48.35961580276489,0.22470378875732422,0.011235189437866212,20
spambase,FACETIndex,100,,18,6,0.9478260869565217,0.9544159544159544,0.9128065395095368,0.9331476323119777,1.0,0.9354937904937758,25.25,48.35961580276489,0.06742334365844727,0.0033711671829223635,20
spambase,FACETIndex,100,,20,6,0.9478260869565217,0.9544159544159544,0.9128065395095368,0.9331476323119777,1.0,0.7600717939642893,29.85,48.35961580276489,0.06842803955078125,0.0034214019775390624,20
cancer,FACETIndex,100,,0,8,0.9649122807017544,0.9375,0.9782608695652174,0.9574468085106383,0.95,0.48897831523118,15.0,32.37728571891785,5.529385328292847,0.2764692664146423,20
cancer,FACETIndex,100,,2,8,0.9649122807017544,0.9375,0.9782608695652174,0.9574468085106383,0.95,0.4951843276799732,15.105263157894736,32.37728571891785,2.1893489360809326,0.10946744680404663,20
cancer,FACETIndex,100,,4,8,0.9649122807017544,0.9375,0.9782608695652174,0.9574468085106383,0.95,0.5015087734446283,15.842105263157896,32.37728571891785,2.79325008392334,0.139662504196167,20
cancer,FACETIndex,100,,6,8,0.9649122807017544,0.9375,0.9782608695652174,0.9574468085106383,0.95,0.5825363602884854,16.36842105263158,32.37728571891785,1.6951684951782227,0.08475842475891113,20
cancer,FACETIndex,100,,8,8,0.9649122807017544,0.9375,0.9782608695652174,0.9574468085106383,0.9,0.5893264426372764,17.11111111111111,32.37728571891785,1.3112683296203613,0.06556341648101807,20
cancer,FACETIndex,100,,10,8,0.9649122807017544,0.9375,0.9782608695652174,0.9574468085106383,0.95,0.6080321430504675,15.368421052631579,32.37728571891785,1.365013837814331,0.06825069189071656,20
cancer,FACETIndex,100,,12,8,0.9649122807017544,0.9375,0.9782608695652174,0.9574468085106383,0.95,0.6518775653278418,17.210526315789473,32.37728571891785,1.030668020248413,0.051533401012420654,20
cancer,FACETIndex,100,,14,8,0.9649122807017544,0.9375,0.9782608695652174,0.9574468085106383,0.95,0.6276479383510177,16.94736842105263,32.37728571891785,1.1143743991851807,0.05571871995925903,20
cancer,FACETIndex,100,,16,8,0.9649122807017544,0.9375,0.9782608695652174,0.9574468085106383,0.9,0.6743619026745319,18.27777777777778,32.37728571891785,0.23147916793823242,0.01157395839691162,20
cancer,FACETIndex,100,,18,8,0.9649122807017544,0.9375,0.9782608695652174,0.9574468085106383,0.55,0.7147241018337105,17.454545454545453,32.37728571891785,0.16051840782165527,0.008025920391082764,20
spambase,FACETIndex,100,,0,7,0.9630434782608696,0.9714285714285714,0.9340659340659341,0.9523809523809523,1.0,0.2069152689586488,21.0,49.76327848434448,0.8625705242156982,0.04312852621078491,20
spambase,FACETIndex,100,,2,7,0.9630434782608696,0.9714285714285714,0.9340659340659341,0.9523809523809523,1.0,0.4040933555176921,22.4,49.76327848434448,3.3916430473327637,0.16958215236663818,20
cancer,FACETIndex,100,,0,9,0.956140350877193,1.0,0.8837209302325582,0.9382716049382717,1.0,0.4638343110134997,12.95,32.342851400375366,4.29522705078125,0.2147613525390625,20
spambase,FACETIndex,100,,4,7,0.9630434782608696,0.9714285714285714,0.9340659340659341,0.9523809523809523,1.0,0.42347136961288784,22.85,49.76327848434448,2.148954391479492,0.10744771957397461,20
spambase,FACETIndex,100,,6,7,0.9630434782608696,0.9714285714285714,0.9340659340659341,0.9523809523809523,1.0,0.6180680155700865,22.6,49.76327848434448,0.7293295860290527,0.03646647930145264,20
spambase,FACETIndex,100,,8,7,0.9630434782608696,0.9714285714285714,0.9340659340659341,0.9523809523809523,1.0,0.668066874585718,23.2,49.76327848434448,0.376476526260376,0.0188238263130188,20
spambase,FACETIndex,100,,10,7,0.9630434782608696,0.9714285714285714,0.9340659340659341,0.9523809523809523,1.0,0.4783565541489687,25.0,49.76327848434448,0.43846964836120605,0.021923482418060303,20
spambase,FACETIndex,100,,12,7,0.9630434782608696,0.9714285714285714,0.9340659340659341,0.9523809523809523,1.0,0.6987884900048082,25.65,49.76327848434448,0.48447489738464355,0.024223744869232178,20
spambase,FACETIndex,100,,14,7,0.9630434782608696,0.9714285714285714,0.9340659340659341,0.9523809523809523,0.95,0.7108635599950731,28.36842105263158,49.76327848434448,0.1360795497894287,0.006803977489471436,20
spambase,FACETIndex,100,,16,7,0.9630434782608696,0.9714285714285714,0.9340659340659341,0.9523809523809523,1.0,0.7010590332439822,25.5,49.76327848434448,0.28693246841430664,0.014346623420715332,20
spambase,FACETIndex,100,,18,7,0.9630434782608696,0.9714285714285714,0.9340659340659341,0.9523809523809523,0.050000000000000044,1.1009049500001309,24.0,49.76327848434448,0.06355738639831543,0.0031778693199157717,20
spambase,FACETIndex,100,,20,7,0.9630434782608696,0.9714285714285714,0.9340659340659341,0.9523809523809523,1.0,0.5067936647690923,28.95,49.76327848434448,0.08445072174072266,0.0042225360870361325,20
cancer,FACETIndex,100,,2,9,0.956140350877193,1.0,0.8837209302325582,0.9382716049382717,1.0,0.48389039067115497,13.9,32.342851400375366,3.332026481628418,0.1666013240814209,20
cancer,FACETIndex,100,,4,9,0.956140350877193,1.0,0.8837209302325582,0.9382716049382717,1.0,0.5224162841428213,14.25,32.342851400375366,2.1796905994415283,0.10898452997207642,20
cancer,FACETIndex,100,,6,9,0.956140350877193,1.0,0.8837209302325582,0.9382716049382717,1.0,0.5036116386671872,13.95,32.342851400375366,1.5183417797088623,0.07591708898544311,20
cancer,FACETIndex,100,,8,9,0.956140350877193,1.0,0.8837209302325582,0.9382716049382717,0.95,0.4633613612847297,14.31578947368421,32.342851400375366,2.386861801147461,0.11934309005737305,20
cancer,FACETIndex,100,,10,9,0.956140350877193,1.0,0.8837209302325582,0.9382716049382717,1.0,0.6318368686914317,15.1,32.342851400375366,2.033646821975708,0.1016823410987854,20
cancer,FACETIndex,100,,12,9,0.956140350877193,1.0,0.8837209302325582,0.9382716049382717,0.95,0.6547684172529391,14.736842105263158,32.342851400375366,0.5136415958404541,0.025682079792022704,20
cancer,FACETIndex,100,,14,9,0.956140350877193,1.0,0.8837209302325582,0.9382716049382717,0.95,0.5110826822274822,15.368421052631579,32.342851400375366,1.4225964546203613,0.07112982273101806,20
cancer,FACETIndex,100,,16,9,0.956140350877193,1.0,0.8837209302325582,0.9382716049382717,0.95,0.6611559952335003,15.68421052631579,32.342851400375366,0.6565356254577637,0.032826781272888184,20
cancer,FACETIndex,100,,18,9,0.956140350877193,1.0,0.8837209302325582,0.9382716049382717,0.75,0.7971146527645192,16.866666666666667,32.342851400375366,0.13475275039672852,0.006737637519836426,20
spambase,FACETIndex,100,,0,8,0.9445652173913044,0.9282051282051282,0.9402597402597402,0.9341935483870969,1.0,0.16405798278952904,20.7,49.343849420547485,0.39852142333984375,0.019926071166992188,20
spambase,FACETIndex,100,,2,8,0.9445652173913044,0.9282051282051282,0.9402597402597402,0.9341935483870969,1.0,0.20178171367095468,21.9,49.343849420547485,1.0371685028076172,0.05185842514038086,20
spambase,FACETIndex,100,,4,8,0.9445652173913044,0.9282051282051282,0.9402597402597402,0.9341935483870969,1.0,0.2704989567019507,22.8,49.343849420547485,1.0815470218658447,0.05407735109329224,20
spambase,FACETIndex,100,,6,8,0.9445652173913044,0.9282051282051282,0.9402597402597402,0.9341935483870969,1.0,0.6991157751046484,22.65,49.343849420547485,1.633723258972168,0.08168616294860839,20
spambase,FACETIndex,100,,8,8,0.9445652173913044,0.9282051282051282,0.9402597402597402,0.9341935483870969,1.0,0.6426912994631714,24.2,49.343849420547485,1.5389618873596191,0.07694809436798096,20
spambase,FACETIndex,100,,10,8,0.9445652173913044,0.9282051282051282,0.9402597402597402,0.9341935483870969,1.0,0.72319207734036,26.1,49.343849420547485,0.742203950881958,0.0371101975440979,20
spambase,FACETIndex,100,,12,8,0.9445652173913044,0.9282051282051282,0.9402597402597402,0.9341935483870969,1.0,0.7307220029067614,26.1,49.343849420547485,0.5417141914367676,0.027085709571838378,20
spambase,FACETIndex,100,,14,8,0.9445652173913044,0.9282051282051282,0.9402597402597402,0.9341935483870969,1.0,0.8132955374298542,27.0,49.343849420547485,0.30037569999694824,0.015018784999847412,20
spambase,FACETIndex,100,,16,8,0.9445652173913044,0.9282051282051282,0.9402597402597402,0.9341935483870969,0.95,0.790260443336544,26.842105263157894,49.343849420547485,0.061602115631103516,0.0030801057815551757,20
spambase,FACETIndex,100,,18,8,0.9445652173913044,0.9282051282051282,0.9402597402597402,0.9341935483870969,0.95,0.8655782544319998,26.157894736842106,49.343849420547485,0.08057165145874023,0.004028582572937011,20
spambase,FACETIndex,100,,20,8,0.9445652173913044,0.9282051282051282,0.9402597402597402,0.9341935483870969,0.95,0.7699257413464821,27.789473684210527,49.343849420547485,0.09849357604980469,0.004924678802490234,20
spambase,FACETIndex,100,,0,9,0.9467391304347826,0.9607250755287009,0.8983050847457628,0.9284671532846716,1.0,0.1978275809020498,23.25,49.73915767669678,0.8822536468505859,0.0441126823425293,20
spambase,FACETIndex,100,,2,9,0.9467391304347826,0.9607250755287009,0.8983050847457628,0.9284671532846716,1.0,0.4410378009070005,23.0,49.73915767669678,2.043383836746216,0.1021691918373108,20
spambase,FACETIndex,100,,4,9,0.9467391304347826,0.9607250755287009,0.8983050847457628,0.9284671532846716,1.0,0.48647246900985647,23.4,49.73915767669678,1.5185680389404297,0.07592840194702148,20
spambase,FACETIndex,100,,6,9,0.9467391304347826,0.9607250755287009,0.8983050847457628,0.9284671532846716,1.0,0.6061685551117343,23.2,49.73915767669678,0.8552873134613037,0.042764365673065186,20
spambase,FACETIndex,100,,8,9,0.9467391304347826,0.9607250755287009,0.8983050847457628,0.9284671532846716,1.0,0.3802742531115665,25.75,49.73915767669678,0.5770983695983887,0.028854918479919434,20
spambase,FACETIndex,100,,10,9,0.9467391304347826,0.9607250755287009,0.8983050847457628,0.9284671532846716,1.0,0.6118989344240283,25.75,49.73915767669678,0.8027558326721191,0.04013779163360596,20
spambase,FACETIndex,100,,12,9,0.9467391304347826,0.9607250755287009,0.8983050847457628,0.9284671532846716,1.0,0.633237674010074,25.8,49.73915767669678,0.16552519798278809,0.008276259899139405,20
spambase,FACETIndex,100,,14,9,0.9467391304347826,0.9607250755287009,0.8983050847457628,0.9284671532846716,1.0,0.86862356865057,31.5,49.73915767669678,0.4012131690979004,0.02006065845489502,20
spambase,FACETIndex,100,,16,9,0.9467391304347826,0.9607250755287009,0.8983050847457628,0.9284671532846716,1.0,0.4978552434259223,25.45,49.73915767669678,0.11086130142211914,0.005543065071105957,20
spambase,FACETIndex,100,,18,9,0.9467391304347826,0.9607250755287009,0.8983050847457628,0.9284671532846716,0.9,0.8661689528460836,29.77777777777778,49.73915767669678,0.06145048141479492,0.003072524070739746,20
spambase,FACETIndex,100,,20,9,0.9467391304347826,0.9607250755287009,0.8983050847457628,0.9284671532846716,0.30000000000000004,0.9912843672543624,26.5,49.73915767669678,0.034684181213378906,0.0017342090606689454,20
