dataset,explainer,n_trees,iteration,max_depth,accuracy,precision,recall,f1,per_valid,avg_dist,avg_length,prep_time,explain_time,sample_time,n_explain
cancer,FACETIndex,10,5,5,0.956140351,0.931818182,0.953488372,0.942528736,1,0.156365211,4.55,4.476918936,0.242416859,0.012120843,20
cancer,FACETIndex,10,0,5,0.938596491,0.95,0.88372093,0.915662651,1,0.144570508,3.85,5.026995182,0.283665657,0.014183283,20
cancer,FACETIndex,50,5,5,0.964912281,0.953488372,0.953488372,0.953488372,1,0.281087736,8.65,16.34379673,1.655127525,0.082756376,20
cancer,FACETIndex,50,0,5,0.956140351,0.975,0.906976744,0.939759036,1,0.291493771,10.15,16.68075347,1.965050697,0.098252535,20
cancer,FACETIndex,100,5,5,0.956140351,0.931818182,0.953488372,0.942528736,1,0.351766442,12,24.77239299,2.401294708,0.120064735,20
cancer,FACETIndex,100,0,5,0.947368421,0.951219512,0.906976744,0.928571429,1,0.327947715,12.45,24.78427291,2.42036128,0.121018064,20
cancer,FACETIndex,200,5,5,0.956140351,0.931818182,0.953488372,0.942528736,1,0.410370642,15.55,40.4370203,3.040520668,0.152026033,20
cancer,FACETIndex,200,0,5,0.964912281,1,0.906976744,0.951219512,1,0.372987896,15.75,40.79458547,3.046447039,0.152322352,20
cancer,FACETIndex,300,5,5,0.956140351,0.931818182,0.953488372,0.942528736,1,0.437381356,17.25,56.15086794,3.473597527,0.173679876,20
cancer,FACETIndex,300,0,5,0.964912281,1,0.906976744,0.951219512,1,0.408180345,18.65,56.08302259,3.479486704,0.173974335,20
glass,FACETIndex,10,0,5,0.787878788,0.8,0.842105263,0.820512821,1,0.128255149,3.2,2.553875685,0.030693293,0.001534665,20
glass,FACETIndex,50,0,5,0.848484848,0.85,0.894736842,0.871794872,1,0.175499441,4.25,9.709525108,0.26520443,0.013260221,20
glass,FACETIndex,10,0,5,0.787878788,0.8,0.842105263,0.820512821,1,0.128255149,3.2,2.547078371,0.029912233,0.001495612,20
glass,FACETIndex,100,0,5,0.878787879,0.894736842,0.894736842,0.894736842,1,0.190821179,5.7,18.37165689,0.540357351,0.027017868,20
glass,FACETIndex,50,0,5,0.848484848,0.85,0.894736842,0.871794872,1,0.175499441,4.25,9.627218008,0.265730858,0.013286543,20
glass,FACETIndex,100,0,5,0.878787879,0.894736842,0.894736842,0.894736842,1,0.190821179,5.7,18.23188949,0.528399706,0.026419985,20
glass,FACETIndex,200,0,5,0.878787879,0.894736842,0.894736842,0.894736842,1,0.222812897,6.25,34.79629564,0.853462219,0.042673111,20
cancer,FACETIndex,400,5,5,0.947368421,0.930232558,0.930232558,0.930232558,1,0.451470575,18,72.04884958,3.463203192,0.17316016,20
cancer,FACETIndex,400,0,5,0.964912281,1,0.906976744,0.951219512,1,0.42719333,19.15,72.24280524,3.506946087,0.175347304,20
glass,FACETIndex,200,0,5,0.878787879,0.894736842,0.894736842,0.894736842,1,0.222812897,6.25,34.46920109,0.844805717,0.042240286,20
glass,FACETIndex,300,0,5,0.878787879,0.894736842,0.894736842,0.894736842,1,0.227910612,6.6,51.28169394,1.062936544,0.053146827,20
glass,FACETIndex,300,0,5,0.878787879,0.894736842,0.894736842,0.894736842,1,0.227910612,6.6,50.48350477,1.054247379,0.052712369,20
cancer,FACETIndex,500,5,5,0.956140351,0.931818182,0.953488372,0.942528736,1,0.463841295,18.65,88.08716726,3.577223539,0.178861177,20
cancer,FACETIndex,10,6,5,0.964912281,0.948717949,0.948717949,0.948717949,1,0.118566937,4.3,5.381481647,0.340813875,0.017040694,20
cancer,FACETIndex,500,0,5,0.964912281,1,0.906976744,0.951219512,1,0.439517896,19.55,87.93026519,3.521619558,0.176080978,20
cancer,FACETIndex,10,1,5,0.947368421,0.966666667,0.852941176,0.90625,1,0.129636592,3.8,4.729738235,0.44858551,0.022429276,20
cancer,FACETIndex,50,6,5,0.964912281,0.948717949,0.948717949,0.948717949,1,0.262424193,10.3,16.77442884,2.547546864,0.127377343,20
glass,FACETIndex,400,0,5,0.848484848,0.85,0.894736842,0.871794872,1,0.231100998,6.85,67.31330609,1.122324228,0.056116211,20
cancer,FACETIndex,50,1,5,0.947368421,0.9375,0.882352941,0.909090909,1,0.259203013,9.85,16.55447817,2.038318157,0.101915908,20
glass,FACETIndex,400,0,5,0.848484848,0.85,0.894736842,0.871794872,1,0.231100998,6.85,66.49430346,1.108466148,0.055423307,20
cancer,FACETIndex,100,6,5,0.964912281,0.948717949,0.948717949,0.948717949,1,0.311803177,13.55,24.90603018,3.289767027,0.164488351,20
cancer,FACETIndex,100,1,5,0.956140351,0.939393939,0.911764706,0.925373134,1,0.315328881,13.1,24.61898994,2.81035018,0.140517509,20
glass,FACETIndex,10,5,5,0.757575758,0.727272727,0.888888889,0.8,1,0.113005147,2.9,2.532602072,0.017139673,0.000856984,20
glass,FACETIndex,50,5,5,0.878787879,0.888888889,0.888888889,0.888888889,1,0.173297771,4.65,9.611983299,0.26638484,0.013319242,20
glass,FACETIndex,100,5,5,0.818181818,0.8,0.888888889,0.842105263,1,0.198775434,5.75,18.19069672,0.581011057,0.029050553,20
cancer,FACETIndex,200,6,5,0.964912281,0.948717949,0.948717949,0.948717949,1,0.366690053,17.85,40.62259316,3.921389103,0.196069455,20
cancer,FACETIndex,200,1,5,0.956140351,0.967741935,0.882352941,0.923076923,1,0.358216976,16.2,40.42170262,3.180915594,0.15904578,20
glass,FACETIndex,500,0,5,0.848484848,0.85,0.894736842,0.871794872,1,0.23828574,6.9,83.94457316,1.23936677,0.061968338,20
glass,FACETIndex,10,1,5,0.787878788,0.75,0.882352941,0.810810811,1,0.109694684,2.55,2.528262138,0.022468328,0.001123416,20
glass,FACETIndex,50,1,5,0.757575758,0.714285714,0.882352941,0.789473684,1,0.205425752,4.85,9.67164588,0.214166641,0.010708332,20
glass,FACETIndex,200,5,5,0.787878788,0.761904762,0.888888889,0.820512821,1,0.215638776,6.15,34.71179557,0.941945791,0.04709729,20
glass,FACETIndex,500,0,5,0.848484848,0.85,0.894736842,0.871794872,1,0.23828574,6.9,82.95139766,1.226360798,0.06131804,20
glass,FACETIndex,10,1,5,0.787878788,0.75,0.882352941,0.810810811,1,0.109694684,2.55,2.514320374,0.021611691,0.001080585,20
glass,FACETIndex,100,1,5,0.757575758,0.714285714,0.882352941,0.789473684,1,0.230681567,5.8,18.32044482,0.403639078,0.020181954,20
glass,FACETIndex,50,1,5,0.757575758,0.714285714,0.882352941,0.789473684,1,0.205425752,4.85,9.571346045,0.212492228,0.010624611,20
magic,FACETIndex,10,0,5,0.831230284,0.810941828,0.960623462,0.879459256,1,0.128370001,3.55,3.689320803,0.053640604,0.00268203,20
magic,FACETIndex,10,5,5,0.805205047,0.780487805,0.965289256,0.863107334,1,0.08207734,2.55,3.704606771,0.029954433,0.001497722,20
cancer,FACETIndex,300,6,5,0.964912281,0.948717949,0.948717949,0.948717949,1,0.393495672,18.95,56.21405339,4.088966846,0.204448342,20
cancer,FACETIndex,300,1,5,0.956140351,0.967741935,0.882352941,0.923076923,1,0.390056153,18.3,56.21924305,3.681630373,0.184081519,20
glass,FACETIndex,100,1,5,0.757575758,0.714285714,0.882352941,0.789473684,1,0.230681567,5.8,18.11127758,0.400276899,0.020013845,20
magic,FACETIndex,50,0,5,0.835436383,0.816561845,0.9585726,0.881886792,1,0.197768372,4.85,14.92121506,0.29052949,0.014526474,20
magic,FACETIndex,50,5,5,0.838853838,0.811659193,0.97231405,0.884752773,1,0.115003421,4.35,14.89723563,0.096310377,0.004815519,20
glass,FACETIndex,200,1,5,0.757575758,0.714285714,0.882352941,0.789473684,1,0.255747464,6.2,34.97785759,0.721415758,0.036070788,20
glass,FACETIndex,300,5,5,0.818181818,0.8,0.888888889,0.842105263,1,0.227884148,6.65,51.20361376,1.132106066,0.056605303,20
magic,FACETIndex,100,0,5,0.835436383,0.81545961,0.960623462,0.882109228,1,0.212056915,6.4,25.20515609,0.395923138,0.019796157,20
magic,FACETIndex,100,5,5,0.835699264,0.809162935,0.970661157,0.882585008,1,0.11710388,5.05,24.78613973,0.194707394,0.00973537,20
glass,FACETIndex,200,1,5,0.757575758,0.714285714,0.882352941,0.789473684,1,0.255747464,6.2,34.64051819,0.717546225,0.035877311,20
spambase,FACETIndex,10,0,5,0.932608696,0.954545455,0.879581152,0.915531335,1,0.007611469,3.9,8.546299934,0.270124674,0.013506234,20
spambase,FACETIndex,10,5,5,0.915217391,0.943925234,0.834710744,0.885964912,1,0.01201851,4.8,8.029154301,0.178177595,0.00890888,20
glass,FACETIndex,300,1,5,0.787878788,0.75,0.882352941,0.810810811,1,0.258962865,6.6,51.22721648,0.821741819,0.041087091,20
cancer,FACETIndex,400,6,5,0.964912281,0.948717949,0.948717949,0.948717949,1,0.408097059,20.1,71.91650343,4.05343318,0.202671659,20
cancer,FACETIndex,400,1,5,0.956140351,0.967741935,0.882352941,0.923076923,1,0.411346081,19.05,71.26350498,3.703284979,0.185164249,20
magic,FACETIndex,200,0,5,0.836225026,0.816532961,0.96021329,0.882563619,1,0.228859143,7.25,43.88132048,0.451850653,0.022592533,20
magic,FACETIndex,200,5,5,0.836750789,0.809851877,0.971487603,0.883336464,1,0.12751054,5.85,43.89653087,0.251396656,0.012569833,20
spambase,FACETIndex,50,0,5,0.933695652,0.957264957,0.879581152,0.916780355,1,0.039771015,11.7,23.77488327,0.098744631,0.004937232,20
spambase,FACETIndex,50,5,5,0.923913043,0.96214511,0.840220386,0.897058824,1,0.073384151,11.5,23.97273088,0.223114252,0.011155713,20
glass,FACETIndex,300,1,5,0.787878788,0.75,0.882352941,0.810810811,1,0.258962865,6.6,50.67759013,0.809929848,0.040496492,20
glass,FACETIndex,400,5,5,0.848484848,0.842105263,0.888888889,0.864864865,1,0.234074516,6.75,67.39809513,1.152651072,0.057632554,20
spambase,FACETIndex,100,0,5,0.938043478,0.957746479,0.890052356,0.92265943,1,0.066359707,13.95,32.9579432,0.165584326,0.008279216,20
spambase,FACETIndex,100,5,5,0.925,0.965189873,0.840220386,0.898379971,1,0.111112816,15.5,33.02971554,0.42830205,0.021415102,20
glass,FACETIndex,400,1,5,0.787878788,0.75,0.882352941,0.810810811,1,0.261721039,6.7,67.37535024,0.893889189,0.044694459,20
magic,FACETIndex,300,0,5,0.83701367,0.817832168,0.959392945,0.882974707,1,0.239817118,7.25,62.42030573,0.597810268,0.029890513,20
magic,FACETIndex,300,5,5,0.835436383,0.807613169,0.973140496,0.882683658,1,0.130859193,6.55,62.68859506,0.26355195,0.013177598,20
glass,FACETIndex,400,1,5,0.787878788,0.75,0.882352941,0.810810811,1,0.261721039,6.7,66.63985968,0.887284517,0.044364226,20
cancer,FACETIndex,500,6,5,0.964912281,0.948717949,0.948717949,0.948717949,1,0.42212976,21.6,87.40371037,4.237856388,0.211892819,20
cancer,FACETIndex,500,1,5,0.956140351,0.967741935,0.882352941,0.923076923,1,0.423850446,20.35,86.85151267,3.769608974,0.188480449,20
cancer,FACETIndex,10,7,5,0.947368421,0.916666667,0.916666667,0.916666667,1,0.115613621,3.95,4.878584385,0.192366123,0.009618306,20
spambase,FACETIndex,200,0,5,0.941304348,0.958100559,0.897905759,0.927027027,1,0.100477418,19.75,50.8181591,0.213642359,0.010682118,20
cancer,FACETIndex,10,2,5,0.973684211,0.977777778,0.956521739,0.967032967,1,0.180650195,4.6,4.996819496,0.491461515,0.024573076,20
spambase,FACETIndex,200,5,5,0.925,0.965189873,0.840220386,0.898379971,1,0.146356396,19.2,50.44764113,1.041220903,0.052061045,20
glass,FACETIndex,500,5,5,0.818181818,0.8,0.888888889,0.842105263,1,0.235275484,6.65,83.63445663,1.248633623,0.062431681,20
glass,FACETIndex,10,6,5,0.787878788,0.8125,0.764705882,0.787878788,1,0.085174693,2.25,2.553704977,0.028789043,0.001439452,20
cancer,FACETIndex,50,7,5,0.956140351,0.942857143,0.916666667,0.929577465,1,0.257309076,9.6,16.5463953,2.067251444,0.103362572,20
glass,FACETIndex,50,6,5,0.878787879,0.882352941,0.882352941,0.882352941,1,0.134463222,4.9,9.691100597,0.222149134,0.011107457,20
cancer,FACETIndex,50,2,5,0.98245614,1,0.956521739,0.977777778,1,0.314550278,10.05,17.03823328,3.030888081,0.151544404,20
glass,FACETIndex,100,6,5,0.848484848,0.928571429,0.764705882,0.838709677,1,0.146339715,5.55,18.2769413,0.350455284,0.017522764,20
cancer,FACETIndex,100,7,5,0.964912281,0.944444444,0.944444444,0.944444444,1,0.305615893,12.95,24.75738549,2.655860901,0.132793045,20
cancer,FACETIndex,100,2,5,0.98245614,1,0.956521739,0.977777778,1,0.401202551,14.25,24.90181446,3.962589741,0.198129487,20
glass,FACETIndex,500,1,5,0.787878788,0.75,0.882352941,0.810810811,1,0.265101164,6.8,83.48346066,0.945340157,0.047267008,20
glass,FACETIndex,10,2,5,0.909090909,0.869565217,1,0.930232558,1,0.04418985,3.05,2.545272589,0.020493507,0.001024675,20
magic,FACETIndex,400,0,5,0.838328076,0.819264448,0.959392945,0.883808804,1,0.244395869,7.9,80.83953953,0.62365365,0.031182683,20
glass,FACETIndex,50,2,5,0.878787879,0.863636364,0.95,0.904761905,1,0.088257043,4.8,9.666102409,0.196683407,0.00983417,20
magic,FACETIndex,400,5,5,0.835699264,0.808313294,0.97231405,0.882761208,1,0.135424831,7.15,81.44849849,0.292891264,0.014644563,20
spambase,FACETIndex,300,0,5,0.941304348,0.963276836,0.892670157,0.926630435,1,0.13293555,21.7,67.26223564,1.03582859,0.05179143,20
glass,FACETIndex,500,1,5,0.787878788,0.75,0.882352941,0.810810811,1,0.265101164,6.8,82.90061021,0.940536976,0.047026849,20
spambase,FACETIndex,300,5,5,0.923913043,0.965079365,0.837465565,0.896755162,1,0.15950981,21.55,66.94761062,1.020275831,0.051013792,20
glass,FACETIndex,200,6,5,0.878787879,0.933333333,0.823529412,0.875,1,0.161235689,5.9,34.98261952,0.683900356,0.034195018,20
glass,FACETIndex,10,2,5,0.909090909,0.869565217,1,0.930232558,1,0.04418985,3.05,2.53191781,0.02025342,0.001012671,20
glass,FACETIndex,50,2,5,0.878787879,0.863636364,0.95,0.904761905,1,0.088257043,4.8,9.611642122,0.196804762,0.009840238,20
glass,FACETIndex,100,2,5,0.878787879,0.863636364,0.95,0.904761905,1,0.098839989,5.6,18.37553596,0.348289251,0.017414463,20
cancer,FACETIndex,200,7,5,0.956140351,0.942857143,0.916666667,0.929577465,1,0.377924721,14.6,40.49861646,3.054675341,0.152733767,20
cancer,FACETIndex,200,2,5,0.973684211,0.977777778,0.956521739,0.967032967,1,0.458141061,17.55,40.50508642,4.210782528,0.210539126,20
glass,FACETIndex,100,2,5,0.878787879,0.863636364,0.95,0.904761905,1,0.098839989,5.6,18.2406621,0.343427896,0.017171395,20
glass,FACETIndex,200,2,5,0.878787879,0.863636364,0.95,0.904761905,1,0.114676347,6.1,34.94957948,0.589709997,0.0294855,20
vertebral,FACETIndex,10,0,5,0.774193548,0.791666667,0.904761905,0.844444444,1,0.058349433,1.85,3.513266802,0.022724867,0.001136243,20
vertebral,FACETIndex,10,5,5,0.806451613,0.846153846,0.846153846,0.846153846,1,0.032732786,1.9,4.264549494,0.021220446,0.001061022,20
glass,FACETIndex,300,6,5,0.878787879,0.933333333,0.823529412,0.875,1,0.167644636,6.05,51.14703393,0.76610589,0.038305295,20
vertebral,FACETIndex,50,0,5,0.806451613,0.826086957,0.904761905,0.863636364,1,0.067012313,2.65,14.16607332,0.038268805,0.00191344,20
vertebral,FACETIndex,50,5,5,0.822580645,0.833333333,0.897435897,0.864197531,1,0.054700366,3.3,14.23679566,0.05970192,0.002985096,20
glass,FACETIndex,200,2,5,0.878787879,0.863636364,0.95,0.904761905,1,0.114676347,6.1,34.58467507,0.588568449,0.029428422,20
cancer,FACETIndex,300,7,5,0.956140351,0.942857143,0.916666667,0.929577465,1,0.388822312,16.9,55.98359776,3.210442066,0.160522103,20
cancer,FACETIndex,300,2,5,0.973684211,0.977777778,0.956521739,0.967032967,1,0.465415466,17.95,55.44947481,4.404983044,0.220249152,20
spambase,FACETIndex,400,0,5,0.938043478,0.960339943,0.887434555,0.92244898,1,0.144130397,22,83.72098207,1.337264061,0.066863203,20
spambase,FACETIndex,400,5,5,0.926086957,0.965299685,0.842975207,0.9,1,0.174023187,21.9,83.71745777,1.302805424,0.065140271,20
vertebral,FACETIndex,100,0,5,0.822580645,0.829787234,0.928571429,0.876404494,1,0.074133701,3.7,23.09690619,0.046325684,0.002316284,20
vertebral,FACETIndex,100,5,5,0.806451613,0.813953488,0.897435897,0.853658537,1,0.060737923,3.85,23.12703323,0.051156998,0.00255785,20
magic,FACETIndex,500,0,5,0.838590957,0.819104269,0.96021329,0.884063444,1,0.250041141,8,99.34220958,0.658261299,0.032913065,20
glass,FACETIndex,300,2,5,0.878787879,0.863636364,0.95,0.904761905,1,0.115015778,6.35,51.07370162,0.680434704,0.034021735,20
magic,FACETIndex,500,5,5,0.833859096,0.806374229,0.97231405,0.881603597,1,0.134519708,6.9,99.91294956,0.28341794,0.014170897,20
magic,FACETIndex,10,1,5,0.844111462,0.830731877,0.958,0.88983838,1,0.097825596,3.3,3.860061646,0.026908398,0.00134542,20
magic,FACETIndex,10,6,5,0.8393796,0.82450675,0.958165728,0.886325581,1,0.082789615,3.1,3.846425772,0.024716854,0.001235843,20
glass,FACETIndex,300,2,5,0.878787879,0.863636364,0.95,0.904761905,1,0.115015778,6.35,50.33408546,0.672584772,0.033629239,20
magic,FACETIndex,50,1,5,0.844374343,0.827835052,0.9636,0.890573013,1,0.121188188,4.75,14.58703399,0.107412577,0.005370629,20
glass,FACETIndex,400,6,5,0.848484848,0.928571429,0.764705882,0.838709677,1,0.171401747,6.25,67.50595307,0.871834993,0.04359175,20
magic,FACETIndex,50,6,5,0.84831756,0.834794809,0.957361223,0.891886828,1,0.142185003,4.8,15.09454727,0.200909376,0.010045469,20
vertebral,FACETIndex,200,0,5,0.822580645,0.829787234,0.928571429,0.876404494,1,0.080603093,4.7,39.44413543,0.066361189,0.003318059,20
vertebral,FACETIndex,200,5,5,0.822580645,0.833333333,0.897435897,0.864197531,1,0.073524325,4.75,39.6052866,0.071063042,0.003553152,20
magic,FACETIndex,100,1,5,0.842534175,0.825625214,0.964,0.889463001,1,0.145972355,5.6,24.79969144,0.134707212,0.006735361,20
magic,FACETIndex,100,6,5,0.849106204,0.834968465,0.958567981,0.892509363,1,0.158241945,5.9,25.53621531,0.288854599,0.01444273,20
cancer,FACETIndex,400,7,5,0.956140351,0.942857143,0.916666667,0.929577465,1,0.402994901,18.5,72.05187106,3.437739372,0.171886969,20
cancer,FACETIndex,400,2,5,0.973684211,0.977777778,0.956521739,0.967032967,1,0.486561658,18.7,71.25864148,4.498022318,0.224901116,20
glass,FACETIndex,400,2,5,0.878787879,0.863636364,0.95,0.904761905,1,0.119995741,6.6,67.11079025,0.741340876,0.037067044,20
vertebral,FACETIndex,300,0,5,0.822580645,0.829787234,0.928571429,0.876404494,1,0.085787971,4.75,55.84049797,0.075526476,0.003776324,20
glass,FACETIndex,400,2,5,0.878787879,0.863636364,0.95,0.904761905,1,0.119995741,6.6,66.1981895,0.731916904,0.036595845,20
vertebral,FACETIndex,300,5,5,0.838709677,0.853658537,0.897435897,0.875,1,0.073767039,4.75,55.84687471,0.082762957,0.004138148,20
spambase,FACETIndex,500,0,5,0.940217391,0.96056338,0.892670157,0.925373134,1,0.152172692,21.7,101.9763858,1.374866962,0.068743348,20
spambase,FACETIndex,500,5,5,0.927173913,0.9625,0.848484848,0.901903367,1,0.182489593,22.5,101.1643913,1.385348797,0.06926744,20
magic,FACETIndex,200,1,5,0.84148265,0.824273504,0.9644,0.888847926,1,0.156574798,6.25,43.61279416,0.154726028,0.007736301,20
spambase,FACETIndex,10,1,5,0.92173913,0.933130699,0.859943978,0.895043732,1,0.009702245,5.1,8.964232683,0.179301977,0.008965099,20
spambase,FACETIndex,10,6,5,0.909782609,0.932926829,0.833787466,0.88057554,1,0.009897502,5.35,7.800284386,0.39765811,0.019882905,20
magic,FACETIndex,200,6,5,0.850157729,0.835434174,0.959774739,0.89329839,1,0.165450885,6.8,44.74740076,0.33043623,0.016521811,20
glass,FACETIndex,500,6,5,0.878787879,0.933333333,0.823529412,0.875,1,0.172967035,6.5,84.09475827,0.836450815,0.041822541,20
glass,FACETIndex,10,7,5,0.818181818,0.705882353,0.923076923,0.8,1,0.094073691,2.85,2.537270069,0.015679121,0.000783956,20
glass,FACETIndex,50,7,5,0.787878788,0.6875,0.846153846,0.75862069,1,0.155045397,4.3,9.494538307,0.138900518,0.006945026,20
spambase,FACETIndex,50,1,5,0.929347826,0.950617284,0.862745098,0.904552129,1,0.03775981,10.7,23.20747685,0.16612792,0.008306396,20
spambase,FACETIndex,50,6,5,0.911956522,0.93597561,0.836512262,0.883453237,1,0.037237999,10.7,23.93761921,0.383693457,0.019184673,20
glass,FACETIndex,100,7,5,0.787878788,0.6875,0.846153846,0.75862069,1,0.182214714,5.05,18.33576107,0.304262161,0.015213108,20
cancer,FACETIndex,500,7,5,0.956140351,0.942857143,0.916666667,0.929577465,1,0.415313975,18.9,87.37492943,3.730396748,0.186519837,20
cancer,FACETIndex,10,8,5,0.964912281,0.956521739,0.956521739,0.956521739,1,0.174360086,5.45,5.243231058,0.574296474,0.028714824,20
cancer,FACETIndex,500,2,5,0.973684211,0.977777778,0.956521739,0.967032967,1,0.494698785,20.65,87.12124562,4.512117386,0.225605869,20
glass,FACETIndex,500,2,5,0.878787879,0.863636364,0.95,0.904761905,1,0.120368773,6.7,82.96663833,0.795058966,0.039752948,20
vertebral,FACETIndex,400,0,5,0.822580645,0.829787234,0.928571429,0.876404494,1,0.088005047,4.85,71.79103041,0.07966876,0.003983438,20
spambase,FACETIndex,100,1,5,0.923913043,0.944272446,0.854341737,0.897058824,1,0.06162275,14.25,34.07652259,0.484526634,0.024226332,20
glass,FACETIndex,10,3,5,0.818181818,0.9,0.818181818,0.857142857,1,0.052584834,2.1,2.516414404,0.015328646,0.000766432,20
cancer,FACETIndex,10,3,5,0.885964912,0.829268293,0.85,0.839506173,1,0.220350004,5.5,3.881633759,0.537031174,0.026851559,20
spambase,FACETIndex,100,6,5,0.919565217,0.948012232,0.844686649,0.893371758,1,0.062022178,14.7,33.34214592,0.745939732,0.037296987,20
vertebral,FACETIndex,400,5,5,0.838709677,0.853658537,0.897435897,0.875,1,0.077898549,5,72.26999068,0.095264673,0.004763234,20
magic,FACETIndex,300,1,5,0.842271293,0.825788752,0.9632,0.889217134,1,0.160273263,6.8,62.21551704,0.183345318,0.009167266,20
glass,FACETIndex,50,3,5,0.787878788,0.857142857,0.818181818,0.837209302,1,0.092612985,4.55,9.637878895,0.128273249,0.006413662,20
glass,FACETIndex,500,2,5,0.878787879,0.863636364,0.95,0.904761905,1,0.120368773,6.7,81.99420094,0.794187784,0.039709389,20
magic,FACETIndex,300,6,5,0.850683491,0.835784314,0.960176991,0.893672782,1,0.168455582,7.45,63.29656816,0.278918028,0.013945901,20
cancer,FACETIndex,50,8,5,0.956140351,0.936170213,0.956521739,0.946236559,1,0.337396352,11.85,16.92103267,2.806462526,0.140323126,20
glass,FACETIndex,10,3,5,0.818181818,0.9,0.818181818,0.857142857,1,0.052584834,2.1,2.503910065,0.015068054,0.000753403,20
cancer,FACETIndex,50,3,5,0.885964912,0.829268293,0.85,0.839506173,1,0.323531097,9.95,16.22112417,2.012602329,0.100630116,20
glass,FACETIndex,200,7,5,0.787878788,0.6875,0.846153846,0.75862069,1,0.188965137,5.4,35.3396337,0.568237543,0.028411877,20
glass,FACETIndex,50,3,5,0.787878788,0.857142857,0.818181818,0.837209302,1,0.092612985,4.55,9.555059433,0.127685308,0.006384265,20
glass,FACETIndex,100,3,5,0.909090909,0.913043478,0.954545455,0.933333333,1,0.116673074,5.35,18.2775147,0.280398369,0.014019918,20
glass,FACETIndex,100,3,5,0.909090909,0.913043478,0.954545455,0.933333333,1,0.116673074,5.35,18.08664727,0.275086164,0.013754308,20
cancer,FACETIndex,100,8,5,0.973684211,0.957446809,0.97826087,0.967741935,1,0.386743599,14.4,24.9846375,3.495868921,0.174793446,20
cancer,FACETIndex,100,3,5,0.903508772,0.871794872,0.85,0.860759494,1,0.391636001,13.9,24.78379369,2.838367939,0.141918397,20
spambase,FACETIndex,200,1,5,0.925,0.947204969,0.854341737,0.898379971,1,0.077037223,17.7,51.131814,0.857854843,0.042892742,20
spambase,FACETIndex,200,6,5,0.915217391,0.936555891,0.844686649,0.888252149,1,0.07969948,18.05,51.08444476,0.953856945,0.047692847,20
glass,FACETIndex,200,3,5,0.909090909,0.952380952,0.909090909,0.930232558,1,0.135466128,6.1,35.07777119,0.527071238,0.026353562,20
glass,FACETIndex,300,7,5,0.787878788,0.6875,0.846153846,0.75862069,1,0.19687377,6,51.69576526,0.494451761,0.024722588,20
glass,FACETIndex,200,3,5,0.909090909,0.952380952,0.909090909,0.930232558,1,0.135466128,6.1,34.72048306,0.520355701,0.026017785,20
vertebral,FACETIndex,500,0,5,0.822580645,0.829787234,0.928571429,0.876404494,1,0.089067741,4.85,87.76608562,0.087224245,0.004361212,20
cancer,FACETIndex,200,8,5,0.964912281,0.9375,0.97826087,0.957446809,1,0.448387286,17.8,40.58623981,4.005290508,0.200264525,20
vertebral,FACETIndex,500,5,5,0.838709677,0.853658537,0.897435897,0.875,1,0.079489846,5.3,88.13171864,0.103024483,0.005151224,20
cancer,FACETIndex,200,3,5,0.903508772,0.871794872,0.85,0.860759494,1,0.458531238,16.75,40.64432478,3.705169201,0.18525846,20
vertebral,FACETIndex,10,1,5,0.806451613,0.822222222,0.902439024,0.860465116,1,0.081983917,2.05,4.697280169,0.045555353,0.002277768,20
magic,FACETIndex,400,1,5,0.843322818,0.828275862,0.9608,0.88962963,1,0.161227098,7.35,80.29483867,0.179343224,0.008967161,20
vertebral,FACETIndex,10,6,5,0.725806452,0.688888889,0.911764706,0.784810127,1,0.079488041,2.25,3.86411643,0.032304049,0.001615202,20
magic,FACETIndex,400,6,5,0.850946372,0.835372247,0.961383749,0.893959229,1,0.169661326,7.65,81.59726381,0.354654551,0.017732728,20
vertebral,FACETIndex,50,1,5,0.85483871,0.863636364,0.926829268,0.894117647,1,0.076717302,2.7,14.25146055,0.063150644,0.003157532,20
vertebral,FACETIndex,50,6,5,0.725806452,0.697674419,0.882352941,0.779220779,1,0.088227975,3.45,13.47314167,0.056786776,0.002839339,20
glass,FACETIndex,300,3,5,0.878787879,0.909090909,0.909090909,0.909090909,1,0.14078196,6.5,51.57638812,0.515123606,0.02575618,20
spambase,FACETIndex,300,1,5,0.929347826,0.950617284,0.862745098,0.904552129,1,0.09160167,20.65,67.55132127,0.641480207,0.03207401,20
spambase,FACETIndex,300,6,5,0.916304348,0.942073171,0.841961853,0.889208633,1,0.093678085,19.8,66.86059356,1.336485624,0.066824281,20
vertebral,FACETIndex,100,1,5,0.870967742,0.88372093,0.926829268,0.904761905,1,0.0849652,3.7,22.92756271,0.07009387,0.003504694,20
glass,FACETIndex,300,3,5,0.878787879,0.909090909,0.909090909,0.909090909,1,0.14078196,6.5,51.02723622,0.511214972,0.025560749,20
vertebral,FACETIndex,100,6,5,0.709677419,0.681818182,0.882352941,0.769230769,1,0.084747945,3.6,22.74454165,0.064037085,0.003201854,20
glass,FACETIndex,400,7,5,0.787878788,0.6875,0.846153846,0.75862069,1,0.203300562,6.1,68.01975083,0.670100451,0.033505023,20
cancer,FACETIndex,300,8,5,0.964912281,0.9375,0.97826087,0.957446809,1,0.466704194,18.95,56.47421193,4.181905985,0.209095299,20
cancer,FACETIndex,300,3,5,0.885964912,0.829268293,0.85,0.839506173,1,0.484312141,18.25,56.4423461,3.865404367,0.193270218,20
vertebral,FACETIndex,200,1,5,0.870967742,0.88372093,0.926829268,0.904761905,1,0.095231424,4.1,39.26490974,0.111963511,0.005598176,20
vertebral,FACETIndex,200,6,5,0.741935484,0.704545455,0.911764706,0.794871795,1,0.091519526,4.5,39.24858665,0.087152004,0.0043576,20
glass,FACETIndex,400,3,5,0.878787879,0.909090909,0.909090909,0.909090909,1,0.141593851,6.35,67.68855977,0.526059389,0.026302969,20
glass,FACETIndex,400,3,5,0.878787879,0.909090909,0.909090909,0.909090909,1,0.141593851,6.35,67.01902866,0.518694401,0.02593472,20
magic,FACETIndex,500,1,5,0.844111462,0.827775868,0.9632,0.890367905,1,0.164725325,7.75,98.75735354,0.185622692,0.009281135,20
magic,FACETIndex,10,2,5,0.82597266,0.81054823,0.95269168,0.875890514,1,0.082363651,2.45,3.658385754,0.039697886,0.001984894,20
spambase,FACETIndex,400,1,5,0.925,0.947204969,0.854341737,0.898379971,1,0.097773582,22.55,84.30996752,0.765997887,0.038299894,20
spambase,FACETIndex,400,6,5,0.917391304,0.94224924,0.844686649,0.890804598,1,0.097369639,21.2,84.21187449,1.548076868,0.077403843,20
magic,FACETIndex,500,6,5,0.850946372,0.834437086,0.962992759,0.894117647,1,0.17280534,7.65,99.62215066,0.368503809,0.01842519,20
magic,FACETIndex,10,7,5,0.834384858,0.816944539,0.963096671,0.884020619,1,0.070235957,2.75,3.638954639,0.016798496,0.000839925,20
magic,FACETIndex,50,2,5,0.830704522,0.813671062,0.956362153,0.879265092,1,0.114804372,4.45,14.88174081,0.18134737,0.009067369,20
vertebral,FACETIndex,300,1,5,0.870967742,0.88372093,0.926829268,0.904761905,1,0.09866358,4.5,55.5059011,0.120596409,0.00602982,20
cancer,FACETIndex,400,8,5,0.964912281,0.9375,0.97826087,0.957446809,1,0.482778857,20.3,72.01102161,4.234852791,0.21174264,20
vertebral,FACETIndex,300,6,5,0.758064516,0.711111111,0.941176471,0.810126582,1,0.096794054,4.55,55.50485444,0.091213703,0.004560685,20
glass,FACETIndex,500,7,5,0.787878788,0.6875,0.846153846,0.75862069,1,0.213335918,6.25,84.23517632,0.85733366,0.042866683,20
cancer,FACETIndex,400,3,5,0.885964912,0.829268293,0.85,0.839506173,1,0.485372508,19.6,72.03649521,4.22042942,0.211021471,20
magic,FACETIndex,50,7,5,0.84148265,0.828810021,0.955475331,0.88764673,1,0.128158083,5.5,14.69576621,0.086956263,0.004347813,20
glass,FACETIndex,10,8,5,0.848484848,0.904761905,0.863636364,0.88372093,1,0.063947886,2.6,2.504346132,0.013121843,0.000656092,20
glass,FACETIndex,50,8,5,0.848484848,0.904761905,0.863636364,0.88372093,1,0.08821223,4.3,9.64963913,0.123271942,0.006163597,20
magic,FACETIndex,100,2,5,0.827024185,0.810810811,0.954323002,0.876732859,1,0.136323737,5.95,25.24757004,0.353023529,0.017651176,20
magic,FACETIndex,100,7,5,0.840694006,0.827945777,0.955475331,0.887150838,1,0.140488841,5.95,25.06560016,0.13301158,0.006650579,20
glass,FACETIndex,100,8,5,0.848484848,0.904761905,0.863636364,0.88372093,1,0.120789319,5.2,18.1838007,0.277896881,0.013894844,20
glass,FACETIndex,500,3,5,0.878787879,0.909090909,0.909090909,0.909090909,1,0.145640216,6.7,84.38090372,0.617800951,0.030890048,20
glass,FACETIndex,10,4,5,0.848484848,1,0.8,0.888888889,1,0.059156855,2.95,2.57946229,0.016982079,0.000849104,20
glass,FACETIndex,500,3,5,0.878787879,0.909090909,0.909090909,0.909090909,1,0.145640216,6.7,83.3170495,0.609488487,0.030474424,20
glass,FACETIndex,50,4,5,0.848484848,0.954545455,0.84,0.893617021,1,0.122246819,5.05,9.686613798,0.227673531,0.011383677,20
glass,FACETIndex,10,4,5,0.848484848,1,0.8,0.888888889,1,0.059156855,2.95,2.5456388,0.016713619,0.000835681,20
glass,FACETIndex,200,8,5,0.818181818,0.863636364,0.863636364,0.863636364,1,0.144481028,6.15,34.72026634,0.5242064,0.02621032,20
magic,FACETIndex,200,2,5,0.829127234,0.813718663,0.953099511,0.877911345,1,0.146973493,6.7,43.78795743,0.369366169,0.018468308,20
glass,FACETIndex,50,4,5,0.848484848,0.954545455,0.84,0.893617021,1,0.122246819,5.05,9.586444139,0.228755713,0.011437786,20
vertebral,FACETIndex,400,1,5,0.870967742,0.88372093,0.926829268,0.904761905,1,0.098698937,4.7,71.45203137,0.125173569,0.006258678,20
vertebral,FACETIndex,400,6,5,0.758064516,0.711111111,0.941176471,0.810126582,1,0.10351183,4.65,71.40576863,0.114385843,0.005719292,20
glass,FACETIndex,100,4,5,0.818181818,0.952380952,0.8,0.869565217,1,0.141917813,5.95,18.2951014,0.393407583,0.019670379,20
magic,FACETIndex,200,7,5,0.840431125,0.826749827,0.957079824,0.887153746,1,0.156497849,6.4,43.96459031,0.176676989,0.008833849,20
spambase,FACETIndex,500,1,5,0.926086957,0.947368421,0.857142857,0.9,1,0.10670079,23.55,101.9613485,0.753027201,0.03765136,20
glass,FACETIndex,100,4,5,0.818181818,0.952380952,0.8,0.869565217,1,0.141917813,5.95,18.11294389,0.390910864,0.019545543,20
spambase,FACETIndex,500,6,5,0.915217391,0.939209726,0.841961853,0.887931034,1,0.103650565,22.5,101.4021695,1.893758774,0.094687939,20
cancer,FACETIndex,500,8,5,0.964912281,0.9375,0.97826087,0.957446809,1,0.504854671,21.35,88.06919289,4.2786057,0.213930285,20
spambase,FACETIndex,10,2,5,0.913043478,0.940298507,0.84,0.887323944,1,0.009445084,5.1,7.907773733,0.186279058,0.009313953,20
cancer,FACETIndex,500,3,5,0.885964912,0.829268293,0.85,0.839506173,1,0.495124833,19.7,87.50340867,4.244791508,0.212239575,20
spambase,FACETIndex,10,7,5,0.920652174,0.950464396,0.843406593,0.893740902,1,0.009462137,4.9,7.595200777,0.287219048,0.014360952,20
cancer,FACETIndex,10,9,5,0.956140351,1,0.88372093,0.938271605,1,0.126568743,3.5,4.448672056,0.15095067,0.007547534,20
cancer,FACETIndex,10,4,5,0.929824561,0.925,0.880952381,0.902439024,1,0.171540091,3.75,4.725391865,0.741703033,0.037085152,20
glass,FACETIndex,200,4,5,0.818181818,0.952380952,0.8,0.869565217,1,0.152545154,5.95,35.14620447,0.612666368,0.030633318,20
cancer,FACETIndex,50,9,5,0.956140351,1,0.88372093,0.938271605,1,0.312193232,9.7,16.4723742,1.950670958,0.097533548,20
spambase,FACETIndex,50,2,5,0.922826087,0.947058824,0.858666667,0.900699301,1,0.03318503,10.85,24.53253031,0.23598361,0.011799181,20
glass,FACETIndex,300,8,5,0.818181818,0.863636364,0.863636364,0.863636364,1,0.147826601,6.25,51.49962831,0.582927227,0.029146361,20
cancer,FACETIndex,50,4,5,0.929824561,0.925,0.880952381,0.902439024,1,0.313096482,9.95,16.42156005,2.503415823,0.125170791,20
spambase,FACETIndex,50,7,5,0.922826087,0.948012232,0.851648352,0.897250362,1,0.032794508,10.35,23.80125928,0.108039141,0.005401957,20
glass,FACETIndex,200,4,5,0.818181818,0.952380952,0.8,0.869565217,1,0.152545154,5.95,34.8111167,0.605731487,0.030286574,20
magic,FACETIndex,300,2,5,0.829127234,0.813500348,0.953507341,0.877957191,1,0.151255435,6.7,62.5068624,0.437911272,0.021895564,20
cancer,FACETIndex,100,9,5,0.956140351,1,0.88372093,0.938271605,1,0.357789867,12.1,24.83114767,2.551154137,0.127557707,20
magic,FACETIndex,300,7,5,0.8393796,0.825605536,0.957079824,0.88649452,1,0.162336857,7,62.45924973,0.204934835,0.010246742,20
cancer,FACETIndex,100,4,5,0.938596491,0.948717949,0.880952381,0.913580247,1,0.368150755,12.15,24.56978083,3.216110468,0.160805523,20
spambase,FACETIndex,100,2,5,0.92173913,0.944281525,0.858666667,0.899441341,1,0.052510125,14.85,33.57524872,0.285860538,0.014293027,20
spambase,FACETIndex,100,7,5,0.925,0.951070336,0.854395604,0.900144718,1,0.052524215,12.25,33.05550885,0.174204588,0.008710229,20
vertebral,FACETIndex,500,1,5,0.887096774,0.904761905,0.926829268,0.915662651,1,0.099322617,4.9,87.252738,0.125708342,0.006285417,20
vertebral,FACETIndex,500,6,5,0.741935484,0.704545455,0.911764706,0.794871795,1,0.099488898,4.85,87.11497712,0.108502865,0.005425143,20
vertebral,FACETIndex,10,2,5,0.903225806,0.913043478,0.954545455,0.933333333,1,0.081224383,1.85,3.700507641,0.016503334,0.000825167,20
vertebral,FACETIndex,10,7,5,0.822580645,0.847826087,0.906976744,0.876404494,1,0.101380654,2.5,4.076231956,0.050389528,0.002519476,20
glass,FACETIndex,300,4,5,0.818181818,0.952380952,0.8,0.869565217,1,0.160882553,6.4,51.06838846,0.799540997,0.03997705,20
glass,FACETIndex,300,4,5,0.818181818,0.952380952,0.8,0.869565217,1,0.160882553,6.4,50.69101048,0.786654472,0.039332724,20
vertebral,FACETIndex,50,2,5,0.870967742,0.909090909,0.909090909,0.909090909,1,0.118398618,2.85,14.25489116,0.097518444,0.004875922,20
vertebral,FACETIndex,50,7,5,0.903225806,0.893617021,0.976744186,0.933333333,1,0.116604994,3.1,13.69066072,0.126251221,0.006312561,20
cancer,FACETIndex,200,9,5,0.956140351,1,0.88372093,0.938271605,1,0.413819653,15.55,40.73917913,2.924977541,0.146248877,20
glass,FACETIndex,400,8,5,0.818181818,0.863636364,0.863636364,0.863636364,1,0.155448968,6.25,68.31686568,0.644351959,0.032217598,20
cancer,FACETIndex,200,4,5,0.929824561,0.925,0.880952381,0.902439024,1,0.417617846,16.15,40.2226007,3.581372976,0.179068649,20
vertebral,FACETIndex,100,2,5,0.870967742,0.909090909,0.909090909,0.909090909,1,0.124175744,3.45,22.65221739,0.170109749,0.008505487,20
vertebral,FACETIndex,100,7,5,0.919354839,0.913043478,0.976744186,0.943820225,1,0.126267566,3.95,22.50863147,0.133537531,0.006676877,20
spambase,FACETIndex,200,7,5,0.92826087,0.951515152,0.862637363,0.904899135,1,0.066103465,15.45,50.48531318,0.178710699,0.008935535,20
spambase,FACETIndex,200,2,5,0.92173913,0.941690962,0.861333333,0.899721448,1,0.073076509,19.35,50.95745778,0.523058653,0.026152933,20
magic,FACETIndex,400,2,5,0.829915878,0.815008726,0.95228385,0.878314839,1,0.155019611,7.55,80.92082238,0.461440563,0.023072028,20
magic,FACETIndex,400,7,5,0.840956887,0.828005559,0.955876454,0.887358034,1,0.163488235,7.15,81.1429894,0.196105003,0.00980525,20
glass,FACETIndex,400,4,5,0.818181818,0.952380952,0.8,0.869565217,1,0.1645542,6.45,67.65314913,0.929111004,0.04645555,20
vertebral,FACETIndex,200,2,5,0.870967742,0.928571429,0.886363636,0.906976744,1,0.133415278,3.9,38.96392298,0.217525721,0.010876286,20
vertebral,FACETIndex,200,7,5,0.919354839,0.913043478,0.976744186,0.943820225,1,0.142386477,4.4,39.26001859,0.158577919,0.007928896,20
glass,FACETIndex,400,4,5,0.818181818,0.952380952,0.8,0.869565217,1,0.1645542,6.45,66.85942149,0.919597864,0.045979893,20
cancer,FACETIndex,300,9,5,0.964912281,1,0.906976744,0.951219512,1,0.449796619,17.8,55.95801306,3.278793573,0.163939679,20
cancer,FACETIndex,300,4,5,0.929824561,0.925,0.880952381,0.902439024,1,0.442939002,18.55,55.98406577,3.775880575,0.188794029,20
spambase,FACETIndex,300,7,5,0.927173913,0.948640483,0.862637363,0.903597122,1,0.094996256,18.6,67.1958828,0.652588844,0.032629442,20
spambase,FACETIndex,300,2,5,0.923913043,0.942028986,0.866666667,0.902777778,1,0.085569431,20.65,67.23882461,0.855779409,0.04278897,20
glass,FACETIndex,500,8,5,0.818181818,0.863636364,0.863636364,0.863636364,1,0.158906038,6.35,84.67344379,0.792243004,0.03961215,20
glass,FACETIndex,10,9,5,0.848484848,0.882352941,0.833333333,0.857142857,1,0.107617909,3,2.548624277,0.030457258,0.001522863,20
glass,FACETIndex,50,9,5,0.878787879,0.9375,0.833333333,0.882352941,1,0.181929669,5.25,9.773733616,0.358412027,0.017920601,20
vertebral,FACETIndex,300,2,5,0.870967742,0.928571429,0.886363636,0.906976744,1,0.137322898,4.45,54.89823103,0.23096323,0.011548162,20
vertebral,FACETIndex,300,7,5,0.919354839,0.913043478,0.976744186,0.943820225,1,0.148475901,4.55,55.53264666,0.17352128,0.008676064,20
glass,FACETIndex,100,9,5,0.909090909,0.941176471,0.888888889,0.914285714,1,0.202872389,5.55,18.50690484,0.626147747,0.031307387,20
glass,FACETIndex,500,4,5,0.818181818,0.952380952,0.8,0.869565217,1,0.165809306,6.6,83.87263727,0.915632486,0.045781624,20
cancer,FACETIndex,400,9,5,0.956140351,1,0.88372093,0.938271605,1,0.458029316,18.8,71.98221159,3.403988361,0.170199418,20
glass,FACETIndex,500,4,5,0.818181818,0.952380952,0.8,0.869565217,1,0.165809306,6.6,82.8703649,0.903329372,0.045166469,20
cancer,FACETIndex,400,4,5,0.929824561,0.925,0.880952381,0.902439024,1,0.45378777,18.7,71.56356883,3.740553617,0.187027681,20
magic,FACETIndex,500,2,5,0.831493165,0.816276633,0.953099511,0.87939793,1,0.158843642,7.95,98.83778501,0.501107454,0.025055373,20
glass,FACETIndex,10,5,5,0.757575758,0.727272727,0.888888889,0.8,1,0.113005147,2.9,2.500775099,0.01611948,0.000805974,20
magic,FACETIndex,10,3,5,0.815194532,0.791006147,0.977218225,0.87430717,1,0.118844144,2.9,3.753980398,0.053458929,0.002672946,20
magic,FACETIndex,500,7,5,0.840168244,0.826916407,0.956277577,0.886904762,1,0.165132412,7.4,99.24260473,0.208191633,0.010409582,20
glass,FACETIndex,50,5,5,0.878787879,0.888888889,0.888888889,0.888888889,1,0.173297771,4.65,9.4499228,0.264494181,0.013224709,20
glass,FACETIndex,200,9,5,0.909090909,0.941176471,0.888888889,0.914285714,1,0.217071309,6.3,35.51691389,0.874946833,0.043747342,20
magic,FACETIndex,10,8,5,0.834384858,0.821067318,0.952650749,0.881978269,1,0.115221588,3.15,3.742749453,0.051386356,0.002569318,20
magic,FACETIndex,50,3,5,0.830178759,0.812879299,0.963629097,0.881858083,1,0.166002018,5.35,14.87002611,0.229141951,0.011457098,20
spambase,FACETIndex,400,7,5,0.927173913,0.951367781,0.85989011,0.903318903,1,0.102698299,20.15,84.18576908,0.562727928,0.028136396,20
spambase,FACETIndex,400,2,5,0.92173913,0.941690962,0.861333333,0.899721448,1,0.097521168,22.25,83.58524299,0.838468075,0.041923404,20
magic,FACETIndex,50,8,5,0.84148265,0.825662483,0.958316471,0.887057501,1,0.148466385,4.95,14.98026896,0.12833786,0.006416893,20
glass,FACETIndex,100,5,5,0.818181818,0.8,0.888888889,0.842105263,1,0.198775434,5.75,17.94777203,0.571059942,0.028552997,20
vertebral,FACETIndex,400,2,5,0.85483871,0.906976744,0.886363636,0.896551724,1,0.138871348,4.55,71.30252361,0.238414288,0.011920714,20
vertebral,FACETIndex,400,7,5,0.903225806,0.911111111,0.953488372,0.931818182,1,0.151691794,4.7,71.81220365,0.176611662,0.008830583,20
magic,FACETIndex,100,3,5,0.830178759,0.813090418,0.963229416,0.881814855,1,0.184208792,6.1,24.87021351,0.369826555,0.018491328,20
magic,FACETIndex,100,8,5,0.84148265,0.826801959,0.956292999,0.886845562,1,0.161114751,6.15,25.31099248,0.139170408,0.00695852,20
glass,FACETIndex,200,5,5,0.787878788,0.761904762,0.888888889,0.820512821,1,0.215638776,6.15,34.34066439,0.929005146,0.046450257,20
glass,FACETIndex,300,9,5,0.909090909,0.941176471,0.888888889,0.914285714,1,0.221176911,6.25,51.83331275,1.0047822,0.05023911,20
cancer,FACETIndex,500,9,5,0.956140351,1,0.88372093,0.938271605,1,0.467759549,19.75,87.7528317,3.46586132,0.173293066,20
cancer,FACETIndex,500,4,5,0.938596491,0.948717949,0.880952381,0.913580247,1,0.464929022,20.45,87.49466944,3.857882977,0.192894149,20
magic,FACETIndex,200,3,5,0.83044164,0.813788442,0.962430056,0.881889764,1,0.201911074,7.4,43.55672479,0.464771986,0.023238599,20
magic,FACETIndex,200,8,5,0.843322818,0.826768909,0.959935249,0.888389513,1,0.173715199,7.4,44.34769773,0.170233011,0.008511651,20
glass,FACETIndex,300,5,5,0.818181818,0.8,0.888888889,0.842105263,1,0.227884148,6.65,50.41749644,1.111716509,0.055585825,20
vertebral,FACETIndex,500,2,5,0.870967742,0.928571429,0.886363636,0.906976744,1,0.141946167,4.6,87.1402123,0.24614501,0.01230725,20
vertebral,FACETIndex,500,7,5,0.919354839,0.913043478,0.976744186,0.943820225,1,0.156138048,5.05,87.48476171,0.18956995,0.009478498,20
vertebral,FACETIndex,10,3,5,0.725806452,0.842105263,0.744186047,0.790123457,1,0.0548076,1.85,3.428035259,0.025868416,0.001293421,20
vertebral,FACETIndex,10,8,5,0.822580645,0.860465116,0.880952381,0.870588235,1,0.073815518,1.7,4.068912029,0.031904936,0.001595247,20
spambase,FACETIndex,500,2,5,0.922826087,0.944444444,0.861333333,0.90097629,1,0.099785093,22.6,101.9871192,0.898712635,0.044935632,20
spambase,FACETIndex,500,7,5,0.92826087,0.957055215,0.857142857,0.904347826,1,0.109807761,21.65,102.8190734,0.764991522,0.038249576,20
glass,FACETIndex,400,9,5,0.909090909,0.941176471,0.888888889,0.914285714,1,0.233758267,6.8,68.17840672,1.16891098,0.058445549,20
spambase,FACETIndex,10,3,5,0.920652174,0.941558442,0.84057971,0.88820827,1,0.00621021,3.5,8.174268723,0.397361755,0.019868088,20
spambase,FACETIndex,10,8,5,0.914130435,0.93220339,0.857142857,0.893098782,1,0.00536045,4,7.651689053,0.414031506,0.020701575,20
vertebral,FACETIndex,50,3,5,0.774193548,0.871794872,0.790697674,0.829268293,1,0.079599776,2.95,14.06778717,0.076384068,0.003819203,20
vertebral,FACETIndex,50,8,5,0.838709677,0.863636364,0.904761905,0.88372093,1,0.097846811,3.25,14.57299113,0.125945807,0.00629729,20
magic,FACETIndex,300,3,5,0.828864353,0.811931244,0.962829736,0.880965442,1,0.204348488,7.6,62.06951308,0.433504343,0.021675217,20
vertebral,FACETIndex,100,3,5,0.774193548,0.871794872,0.790697674,0.829268293,1,0.085157639,3.5,22.95503283,0.074314356,0.003715718,20
spambase,FACETIndex,50,3,5,0.927173913,0.951298701,0.849275362,0.897396631,1,0.027314198,10.05,23.88923049,0.151004076,0.007550204,20
spambase,FACETIndex,50,8,5,0.916304348,0.935028249,0.85974026,0.895805142,1,0.049795459,10.9,24.47255301,0.193509579,0.009675479,20
vertebral,FACETIndex,100,8,5,0.887096774,0.888888889,0.952380952,0.91954023,1,0.106774331,3.7,23.23129034,0.108836174,0.005441809,20
magic,FACETIndex,300,8,5,0.84384858,0.825528963,0.963172805,0.889054912,1,0.175790166,8.1,63.25006199,0.37912488,0.018956244,20
glass,FACETIndex,400,5,5,0.848484848,0.842105263,0.888888889,0.864864865,1,0.234074516,6.75,66.45485449,1.131479263,0.056573963,20
spambase,FACETIndex,100,3,5,0.933695652,0.955128205,0.863768116,0.907153729,1,0.053917248,14.4,33.26651001,0.415053606,0.02075268,20
spambase,FACETIndex,100,8,5,0.920652174,0.938202247,0.867532468,0.90148448,1,0.072367165,13.65,33.9776783,0.279743195,0.01398716,20
vertebral,FACETIndex,200,3,5,0.774193548,0.871794872,0.790697674,0.829268293,1,0.0933764,4.2,39.27343822,0.090622902,0.004531145,20
vertebral,FACETIndex,200,8,5,0.887096774,0.888888889,0.952380952,0.91954023,1,0.112213834,4.45,39.15991902,0.187935591,0.00939678,20
glass,FACETIndex,500,9,5,0.909090909,0.941176471,0.888888889,0.914285714,1,0.237756357,6.65,84.64378333,1.205635548,0.060281777,20
magic,FACETIndex,400,3,5,0.830704522,0.814488829,0.961630695,0.881964809,1,0.207800089,7.95,80.42295098,0.503848314,0.025192416,20
spambase,FACETIndex,200,3,5,0.931521739,0.95483871,0.857971014,0.903816794,1,0.078710514,18.5,51.08721066,0.656950235,0.032847512,20
spambase,FACETIndex,200,8,5,0.923913043,0.938718663,0.875324675,0.905913978,1,0.109339441,17.95,50.89278674,0.769919395,0.03849597,20
vertebral,FACETIndex,300,3,5,0.758064516,0.868421053,0.76744186,0.814814815,1,0.092602627,4.15,55.28180122,0.091566801,0.00457834,20
magic,FACETIndex,400,8,5,0.844900105,0.826675929,0.963172805,0.889719626,1,0.177648102,8.15,81.37446404,0.196728706,0.009836435,20
vertebral,FACETIndex,300,8,5,0.887096774,0.888888889,0.952380952,0.91954023,1,0.118447594,4.7,55.46331429,0.200875998,0.0100438,20
glass,FACETIndex,500,5,5,0.818181818,0.8,0.888888889,0.842105263,1,0.235275484,6.65,82.49363208,1.226494789,0.061324739,20
glass,FACETIndex,10,6,5,0.787878788,0.8125,0.764705882,0.787878788,1,0.085174693,2.25,2.534722567,0.028544903,0.001427245,20
glass,FACETIndex,50,6,5,0.878787879,0.882352941,0.882352941,0.882352941,1,0.134463222,4.9,9.566921949,0.218431234,0.010921562,20
glass,FACETIndex,100,6,5,0.848484848,0.928571429,0.764705882,0.838709677,1,0.146339715,5.55,18.01974726,0.342721701,0.017136085,20
spambase,FACETIndex,300,3,5,0.932608696,0.954983923,0.860869565,0.905487805,1,0.089383796,21.05,68.28503299,0.866815567,0.043340778,20
spambase,FACETIndex,300,8,5,0.925,0.941340782,0.875324675,0.907133244,1,0.118272942,20.1,67.56364322,0.856705189,0.042835259,20
vertebral,FACETIndex,400,3,5,0.758064516,0.868421053,0.76744186,0.814814815,1,0.095666152,4.6,71.75423646,0.106262207,0.00531311,20
glass,FACETIndex,200,6,5,0.878787879,0.933333333,0.823529412,0.875,1,0.161235689,5.9,34.48365951,0.676196575,0.033809829,20
vertebral,FACETIndex,400,8,5,0.887096774,0.888888889,0.952380952,0.91954023,1,0.116112308,5.1,72.03898168,0.207700014,0.010385001,20
magic,FACETIndex,500,3,5,0.830704522,0.814063556,0.962430056,0.882051282,1,0.206305761,8.05,99.04456282,0.480793715,0.024039686,20
magic,FACETIndex,10,4,5,0.827024185,0.815259626,0.944740074,0.875237012,1,0.098527614,3.5,3.668318272,0.025663137,0.001283157,20
magic,FACETIndex,500,8,5,0.843585699,0.825920778,0.961958721,0.888764255,1,0.181578833,8.45,100.147053,0.205464125,0.010273206,20
magic,FACETIndex,10,9,5,0.83701367,0.831896552,0.938411669,0.881949733,1,0.080897565,2.65,3.757628679,0.026775122,0.001338756,20
magic,FACETIndex,50,4,5,0.830704522,0.810493614,0.961113385,0.879400749,1,0.157436669,5.8,14.75957656,0.163550377,0.008177519,20
glass,FACETIndex,300,6,5,0.878787879,0.933333333,0.823529412,0.875,1,0.167644636,6.05,50.48411942,0.753690481,0.037684524,20
magic,FACETIndex,50,9,5,0.844637224,0.826434783,0.962722853,0.889387984,1,0.121687736,5.3,14.64776278,0.095872641,0.004793632,20
magic,FACETIndex,100,4,5,0.830178759,0.811654527,0.957838723,0.878708224,1,0.180784272,6.35,25.19396806,0.285832167,0.014291608,20
spambase,FACETIndex,400,8,5,0.926086957,0.941504178,0.877922078,0.908602151,1,0.126620476,21.3,83.95656133,0.816521406,0.04082607,20
spambase,FACETIndex,400,3,5,0.933695652,0.955128205,0.863768116,0.907153729,1,0.101740329,22.45,85.22051215,1.051371336,0.052568567,20
magic,FACETIndex,100,9,5,0.847791798,0.82897945,0.964343598,0.891552725,1,0.140922467,6.3,24.92723322,0.147735119,0.007386756,20
vertebral,FACETIndex,500,3,5,0.758064516,0.868421053,0.76744186,0.814814815,1,0.098131523,4.6,87.54898024,0.121066332,0.006053317,20
vertebral,FACETIndex,10,4,5,0.774193548,0.765957447,0.923076923,0.837209302,1,0.053182414,1.9,4.062888384,0.024826765,0.001241338,20
vertebral,FACETIndex,500,8,5,0.887096774,0.888888889,0.952380952,0.91954023,1,0.119410881,5.45,87.95061278,0.220362663,0.011018133,20
vertebral,FACETIndex,10,9,5,0.85483871,0.931818182,0.872340426,0.901098901,1,0.044026012,1.8,4.114361763,0.014883995,0.0007442,20
vertebral,FACETIndex,50,4,5,0.806451613,0.8,0.923076923,0.857142857,1,0.061962776,2.85,14.180511,0.057249308,0.002862465,20
vertebral,FACETIndex,50,9,5,0.887096774,0.954545455,0.893617021,0.923076923,1,0.077962556,3.5,14.53990459,0.076435566,0.003821778,20
magic,FACETIndex,200,4,5,0.831230284,0.811053541,0.961113385,0.879730236,1,0.190455004,7.1,43.84874463,0.335038185,0.016751909,20
glass,FACETIndex,400,6,5,0.848484848,0.928571429,0.764705882,0.838709677,1,0.171401747,6.25,66.50156665,0.860972404,0.04304862,20
vertebral,FACETIndex,100,4,5,0.838709677,0.837209302,0.923076923,0.87804878,1,0.065619569,3.4,22.60810852,0.048718214,0.002435911,20
magic,FACETIndex,200,9,5,0.846477392,0.828681089,0.962317666,0.890513686,1,0.156021267,7.25,44.35756087,0.196110964,0.009805548,20
vertebral,FACETIndex,100,9,5,0.85483871,0.931818182,0.872340426,0.901098901,1,0.082481587,4.15,23.25597477,0.091966391,0.00459832,20
vertebral,FACETIndex,200,4,5,0.806451613,0.813953488,0.897435897,0.853658537,1,0.072008096,3.85,39.14968705,0.064817429,0.003240871,20
vertebral,FACETIndex,200,9,5,0.85483871,0.931818182,0.872340426,0.901098901,1,0.095156702,4.7,39.5430131,0.109687328,0.005484366,20
spambase,FACETIndex,500,8,5,0.926086957,0.941504178,0.877922078,0.908602151,1,0.1327474,23.3,101.4974391,0.923270941,0.046163547,20
spambase,FACETIndex,500,3,5,0.933695652,0.955128205,0.863768116,0.907153729,1,0.109405525,23.25,101.8365324,1.307920218,0.065396011,20
magic,FACETIndex,300,4,5,0.833070452,0.813888889,0.959476054,0.880706369,1,0.1943281,7.75,62.40522361,0.379847288,0.018992364,20
spambase,FACETIndex,10,9,5,0.898913043,0.942372881,0.785310734,0.856702619,1,0.005235532,3.05,7.115951777,0.462923288,0.023146164,20
spambase,FACETIndex,10,4,5,0.917391304,0.940809969,0.841225627,0.888235294,1,0.007127423,5,7.74464941,0.330392361,0.016519618,20
magic,FACETIndex,300,9,5,0.847791798,0.830360266,0.96191248,0.891308429,1,0.162783362,7.7,62.617383,0.235049248,0.011752462,20
glass,FACETIndex,500,6,5,0.878787879,0.933333333,0.823529412,0.875,1,0.172967035,6.5,83.03843164,0.827427149,0.041371357,20
glass,FACETIndex,10,7,5,0.818181818,0.705882353,0.923076923,0.8,1,0.094073691,2.85,2.516518354,0.01513958,0.000756979,20
spambase,FACETIndex,50,9,5,0.897826087,0.945205479,0.779661017,0.854489164,1,0.022351759,9.25,24.06384468,0.062923431,0.003146172,20
spambase,FACETIndex,50,4,5,0.926086957,0.950464396,0.855153203,0.900293255,1,0.039814992,10.25,23.41901207,0.19449544,0.009724772,20
glass,FACETIndex,50,7,5,0.787878788,0.6875,0.846153846,0.75862069,1,0.155045397,4.3,9.421305656,0.136326551,0.006816328,20
vertebral,FACETIndex,300,4,5,0.838709677,0.837209302,0.923076923,0.87804878,1,0.075331785,4,55.06399918,0.080489397,0.00402447,20
vertebral,FACETIndex,300,9,5,0.85483871,0.931818182,0.872340426,0.901098901,1,0.093968513,5.05,55.65064788,0.126853228,0.006342661,20
glass,FACETIndex,100,7,5,0.787878788,0.6875,0.846153846,0.75862069,1,0.182214714,5.05,18.13160563,0.299402952,0.014970148,20
spambase,FACETIndex,100,9,5,0.905434783,0.952542373,0.793785311,0.865947612,1,0.048477255,13.1,33.50326872,0.149091482,0.007454574,20
spambase,FACETIndex,100,4,5,0.926086957,0.953271028,0.852367688,0.9,1,0.061417534,13.85,33.48091722,0.234186888,0.011709344,20
glass,FACETIndex,200,7,5,0.787878788,0.6875,0.846153846,0.75862069,1,0.188965137,5.4,34.88465333,0.55714035,0.027857018,20
magic,FACETIndex,400,4,5,0.832018927,0.812760055,0.959476054,0.880045054,1,0.195408829,8.1,80.6904521,0.385792255,0.019289613,20
magic,FACETIndex,400,9,5,0.849369085,0.831873905,0.962317666,0.892353936,1,0.165061908,8.15,81.44319439,0.261768341,0.013088417,20
vertebral,FACETIndex,400,4,5,0.838709677,0.837209302,0.923076923,0.87804878,1,0.075730938,4.05,71.08387423,0.078244448,0.003912222,20
spambase,FACETIndex,200,9,5,0.910869565,0.953333333,0.807909605,0.874617737,1,0.06575116,16.45,50.73987961,0.268739462,0.013436973,20
spambase,FACETIndex,200,4,5,0.923913043,0.944615385,0.855153203,0.897660819,1,0.081505995,18.3,50.42684388,0.386421919,0.019321096,20
vertebral,FACETIndex,400,9,5,0.85483871,0.931818182,0.872340426,0.901098901,1,0.096185866,5.35,71.88695836,0.134239197,0.00671196,20
glass,FACETIndex,300,7,5,0.787878788,0.6875,0.846153846,0.75862069,1,0.19687377,6,51.0705092,0.488028049,0.024401402,20
spambase,FACETIndex,300,9,5,0.908695652,0.953020134,0.802259887,0.871165644,1,0.084633879,19.35,67.45313358,0.407077789,0.020353889,20
spambase,FACETIndex,300,4,5,0.925,0.950310559,0.852367688,0.898678414,1,0.08689105,20.35,67.82197881,0.515853882,0.025792694,20
magic,FACETIndex,500,4,5,0.832281809,0.81304197,0.959476054,0.880210289,1,0.197787373,8.2,99.52377915,0.385327816,0.019266391,20
vertebral,FACETIndex,500,4,5,0.838709677,0.837209302,0.923076923,0.87804878,1,0.076453341,4.55,87.17027617,0.095638275,0.004781914,20
vertebral,FACETIndex,500,9,5,0.85483871,0.931818182,0.872340426,0.901098901,1,0.097411468,5.5,88.11989284,0.136786222,0.006839311,20
glass,FACETIndex,400,7,5,0.787878788,0.6875,0.846153846,0.75862069,1,0.203300562,6.1,67.23121619,0.654618025,0.032730901,20
magic,FACETIndex,500,9,5,0.848580442,0.831464611,0.961507293,0.891770011,1,0.168366782,8.45,100.2758672,0.283746958,0.014187348,20
spambase,FACETIndex,400,9,5,0.909782609,0.953177258,0.805084746,0.872894334,1,0.096047715,20.15,83.9425652,0.516397476,0.025819874,20
spambase,FACETIndex,400,4,5,0.926086957,0.950464396,0.855153203,0.900293255,1,0.106642174,21.7,84.34848285,0.660329342,0.033016467,20
glass,FACETIndex,500,7,5,0.787878788,0.6875,0.846153846,0.75862069,1,0.213335918,6.25,83.20956659,0.84890461,0.04244523,20
glass,FACETIndex,10,8,5,0.848484848,0.904761905,0.863636364,0.88372093,1,0.063947886,2.6,2.470001221,0.013049364,0.000652468,20
glass,FACETIndex,50,8,5,0.848484848,0.904761905,0.863636364,0.88372093,1,0.08821223,4.3,9.530689716,0.121524572,0.006076229,20
glass,FACETIndex,100,8,5,0.848484848,0.904761905,0.863636364,0.88372093,1,0.120789319,5.2,17.99100351,0.272480011,0.013624001,20
glass,FACETIndex,200,8,5,0.818181818,0.863636364,0.863636364,0.863636364,1,0.144481028,6.15,34.26859045,0.513960838,0.025698042,20
spambase,FACETIndex,500,9,5,0.908695652,0.95,0.805084746,0.871559633,1,0.102652339,21.55,100.5566299,0.682929516,0.034146476,20
spambase,FACETIndex,500,4,5,0.926086957,0.953271028,0.852367688,0.9,1,0.117137259,21.95,101.0484061,0.803178549,0.040158927,20
glass,FACETIndex,300,8,5,0.818181818,0.863636364,0.863636364,0.863636364,1,0.147826601,6.25,50.66645622,0.574019432,0.028700972,20
glass,FACETIndex,400,8,5,0.818181818,0.863636364,0.863636364,0.863636364,1,0.155448968,6.25,67.3721211,0.631374359,0.031568718,20
glass,FACETIndex,500,8,5,0.818181818,0.863636364,0.863636364,0.863636364,1,0.158906038,6.35,82.55723691,0.786926985,0.039346349,20
glass,FACETIndex,10,9,5,0.848484848,0.882352941,0.833333333,0.857142857,1,0.107617909,3,2.512998104,0.029669046,0.001483452,20
glass,FACETIndex,50,9,5,0.878787879,0.9375,0.833333333,0.882352941,1,0.181929669,5.25,9.570647001,0.348279476,0.017413974,20
glass,FACETIndex,100,9,5,0.909090909,0.941176471,0.888888889,0.914285714,1,0.202872389,5.55,18.17453384,0.614207506,0.030710375,20
glass,FACETIndex,200,9,5,0.909090909,0.941176471,0.888888889,0.914285714,1,0.217071309,6.3,34.89591551,0.861655951,0.043082798,20
glass,FACETIndex,300,9,5,0.909090909,0.941176471,0.888888889,0.914285714,1,0.221176911,6.25,50.94141722,0.99182415,0.049591208,20
glass,FACETIndex,400,9,5,0.909090909,0.941176471,0.888888889,0.914285714,1,0.233758267,6.8,66.93144083,1.145203352,0.057260168,20
glass,FACETIndex,500,9,5,0.909090909,0.941176471,0.888888889,0.914285714,1,0.237756357,6.65,82.76660252,1.173763275,0.058688164,20
cancer,OCEAN,10,0,5,0.938596491,0.95,0.88372093,0.915662651,1,0.146272233,12.8,0.187523127,19.10872149,0.955436075,20
glass,OCEAN,10,0,5,0.787878788,0.8,0.842105263,0.820512821,1,0.108850914,4.75,0.194687843,28.64697218,1.432348609,20
magic,OCEAN,10,0,5,0.831230284,0.810941828,0.960623462,0.879459256,1,0.161995827,6.75,0.482942581,50.29160213,2.514580107,20
spambase,OCEAN,10,0,5,0.932608696,0.954545455,0.879581152,0.915531335,1,0.006878406,8.75,0.258401394,11.75825024,0.587912512,20
vertebral,OCEAN,10,0,5,0.774193548,0.791666667,0.904761905,0.844444444,1,0.065006434,3.45,0.195418596,22.07782054,1.103891027,20
cancer,OCEAN,50,0,5,0.956140351,0.975,0.906976744,0.939759036,1,0.194420049,15.2,0.201239109,48.76061606,2.438030803,20
glass,OCEAN,50,0,5,0.848484848,0.85,0.894736842,0.871794872,1,0.113542647,5.5,0.178810358,50.81196833,2.540598416,20
magic,OCEAN,50,0,5,0.835436383,0.816561845,0.9585726,0.881886792,1,0.182750322,6.35,0.465376139,129.1589992,6.45794996,20
spambase,OCEAN,50,0,5,0.933695652,0.957264957,0.879581152,0.916780355,1,0.007353986,13.2,0.245906115,23.71485877,1.185742939,20
vertebral,OCEAN,50,0,5,0.806451613,0.826086957,0.904761905,0.863636364,1,0.068560474,3.55,0.183871508,39.86093044,1.993046522,20
cancer,OCEAN,100,0,5,0.947368421,0.951219512,0.906976744,0.928571429,1,0.196118953,15.65,0.184848309,107.6685061,5.383425307,20
glass,OCEAN,100,0,5,0.878787879,0.894736842,0.894736842,0.894736842,1,0.113081236,5.95,0.180276871,74.64165044,3.732082522,20
magic,OCEAN,100,0,5,0.835436383,0.81545961,0.960623462,0.882109228,1,0.190309129,7.5,0.462697983,313.090991,15.65454955,20
spambase,OCEAN,100,0,5,0.938043478,0.957746479,0.890052356,0.92265943,1,0.008622538,13.4,0.259120703,52.45015574,2.622507787,20
vertebral,OCEAN,100,0,5,0.822580645,0.829787234,0.928571429,0.876404494,1,0.067563529,4.3,0.18662405,66.50455737,3.325227869,20
cancer,OCEAN,10,1,5,0.947368421,0.966666667,0.852941176,0.90625,1,0.124332149,11.6,0.187262058,15.91765428,0.795882714,20
glass,OCEAN,10,1,5,0.787878788,0.75,0.882352941,0.810810811,1,0.119343001,4.6,0.185078144,29.22648644,1.461324322,20
magic,OCEAN,10,1,5,0.844111462,0.830731877,0.958,0.88983838,1,0.103250775,7,0.463632345,41.57531071,2.078765535,20
spambase,OCEAN,10,1,5,0.92173913,0.933130699,0.859943978,0.895043732,1,0.004735982,8.25,0.250688553,11.7087276,0.58543638,20
vertebral,OCEAN,10,1,5,0.806451613,0.822222222,0.902439024,0.860465116,1,0.083335686,3.55,0.184127808,28.30962825,1.415481412,20
cancer,OCEAN,50,1,5,0.947368421,0.9375,0.882352941,0.909090909,1,0.163850993,12.8,0.186362982,48.07766914,2.403883457,20
glass,OCEAN,50,1,5,0.757575758,0.714285714,0.882352941,0.789473684,1,0.126684888,5.55,0.180375338,56.81705451,2.840852726,20
magic,OCEAN,50,1,5,0.844374343,0.827835052,0.9636,0.890573013,1,0.112917416,7.1,0.460169315,117.455905,5.872795248,20
spambase,OCEAN,50,10,5,0.92826087,0.967741935,0.842696629,0.900900901,1,0.011772955,10.8,0.25454545,22.14988947,1.107494473,20
vertebral,OCEAN,50,1,5,0.85483871,0.863636364,0.926829268,0.894117647,1,0.075524559,4.1,0.184544086,40.64028692,2.032014346,20
cancer,OCEAN,100,1,5,0.956140351,0.939393939,0.911764706,0.925373134,1,0.173345035,13.9,0.186899424,109.1104033,5.455520165,20
glass,OCEAN,100,1,5,0.757575758,0.714285714,0.882352941,0.789473684,1,0.128465647,5.65,0.190253019,92.58125925,4.629062963,20
cancer,OCEAN,200,0,5,0.964912281,1,0.906976744,0.951219512,1,0.194708411,17.05,0.191307545,204.0270939,10.20135469,20
magic,OCEAN,100,1,5,0.842534175,0.825625214,0.964,0.889463001,1,0.116548376,7.15,0.485295057,253.8190632,12.69095316,20
cancer,OCEAN,10,4,5,0.929824561,0.925,0.880952381,0.902439024,1,0.192412604,12,0.191716671,19.00754905,0.950377452,20
glass,OCEAN,10,4,5,0.848484848,1,0.8,0.888888889,1,0.029933529,3.75,0.18300128,16.73061562,0.836530781,20
spambase,OCEAN,100,21,5,0.925,0.942424242,0.861495845,0.900144718,1,0.005749664,11.95,0.25318265,36.07022238,1.803511119,20
glass,OCEAN,200,0,5,0.878787879,0.894736842,0.894736842,0.894736842,1,0.113882474,5.9,0.182855129,142.9950192,7.14975096,20
magic,OCEAN,10,4,5,0.827024185,0.815259626,0.944740074,0.875237012,1,0.11006157,6.25,0.48524785,45.87466145,2.293733072,20
spambase,OCEAN,10,4,5,0.917391304,0.940809969,0.841225627,0.888235294,1,0.004955407,7.35,0.258339882,10.94324946,0.547162473,20
vertebral,OCEAN,10,4,5,0.774193548,0.765957447,0.923076923,0.837209302,1,0.064969796,4.15,0.188768864,18.51488376,0.925744188,20
vertebral,OCEAN,100,1,5,0.870967742,0.88372093,0.926829268,0.904761905,1,0.076481532,4.05,0.187756062,69.10586596,3.455293298,20
cancer,OCEAN,10,2,5,0.973684211,0.977777778,0.956521739,0.967032967,1,0.188445857,10.85,0.187158108,19.42547607,0.971273804,20
glass,OCEAN,10,2,5,0.909090909,0.869565217,1,0.930232558,1,0.029513538,3.7,0.181034088,17.9482851,0.897414255,20
cancer,OCEAN,50,4,5,0.929824561,0.925,0.880952381,0.902439024,1,0.233807368,14.4,0.20579505,56.75051451,2.837525725,20
magic,OCEAN,10,2,5,0.82597266,0.81054823,0.95269168,0.875890514,1,0.09288434,5.95,0.485902071,39.06439018,1.953219509,20
glass,OCEAN,50,4,5,0.848484848,0.954545455,0.84,0.893617021,1,0.045031049,5.2,0.179762363,32.66328335,1.633164167,20
spambase,OCEAN,10,2,5,0.913043478,0.940298507,0.84,0.887323944,1,0.005984414,8.15,0.258645773,11.79247642,0.589623821,20
vertebral,OCEAN,10,2,5,0.903225806,0.913043478,0.954545455,0.933333333,1,0.104281138,3.45,0.19113183,35.88308668,1.794154334,20
cancer,OCEAN,50,2,5,0.98245614,1,0.956521739,0.977777778,1,0.204626898,13.2,0.191158295,38.79470253,1.939735126,20
cancer,OCEAN,400,0,5,0.964912281,1,0.906976744,0.951219512,1,0.208701354,18.45,0.198170185,585.0119164,29.25059582,20
glass,OCEAN,50,2,5,0.878787879,0.863636364,0.95,0.904761905,1,0.034929914,4.45,0.189838171,29.41435194,1.470717597,20
magic,OCEAN,50,4,5,0.830704522,0.810493614,0.961113385,0.879400749,1,0.135717791,6.85,0.467778206,144.4281387,7.221406937,20
spambase,OCEAN,50,21,5,0.922826087,0.942073171,0.855955679,0.896952104,1,0.005485719,10.6,0.252062321,21.16011524,1.058005762,20
vertebral,OCEAN,50,4,5,0.806451613,0.8,0.923076923,0.857142857,1,0.068346443,4.3,0.188798666,36.21963978,1.810981989,20
magic,OCEAN,50,2,5,0.830704522,0.813671062,0.956362153,0.879265092,1,0.09046177,6.65,0.484652042,103.9209223,5.196046114,20
spambase,OCEAN,50,2,5,0.922826087,0.947058824,0.858666667,0.900699301,1,0.009723341,11.5,0.261369705,32.49611163,1.624805582,20
vertebral,OCEAN,50,2,5,0.870967742,0.909090909,0.909090909,0.909090909,1,0.119494096,3.6,0.193439484,62.93160892,3.146580446,20
cancer,OCEAN,100,4,5,0.938596491,0.948717949,0.880952381,0.913580247,1,0.251997503,16.15,0.193320036,113.2250199,5.661250997,20
glass,OCEAN,100,4,5,0.818181818,0.952380952,0.8,0.869565217,1,0.054985622,5.9,0.180219412,56.30126452,2.815063226,20
cancer,OCEAN,100,2,5,0.98245614,1,0.956521739,0.977777778,1,0.231390812,15.65,0.189517736,86.62080312,4.331040156,20
glass,OCEAN,100,2,5,0.878787879,0.863636364,0.95,0.904761905,1,0.034739544,4.75,0.189920664,49.37836528,2.468918264,20
glass,OCEAN,400,0,5,0.848484848,0.85,0.894736842,0.871794872,1,0.11588887,6.25,0.18454814,391.834661,19.59173305,20
magic,OCEAN,100,4,5,0.830178759,0.811654527,0.957838723,0.878708224,1,0.140327894,7,0.482451439,272.03442,13.601721,20
magic,OCEAN,200,0,5,0.836225026,0.816532961,0.96021329,0.882563619,1,0.190399908,7.2,0.474812984,806.6567199,40.332836,20
magic,OCEAN,100,10,5,0.831493165,0.818020575,0.947411668,0.877974491,1,0.096974442,5.9,0.47077632,187.9151955,9.395759773,20
spambase,OCEAN,100,10,5,0.922826087,0.955271565,0.83988764,0.89387145,1,0.013474931,11.95,0.253946304,76.67752337,3.833876169,20
spambase,OCEAN,100,2,5,0.92173913,0.944281525,0.858666667,0.899441341,1,0.011461944,12.7,0.258470297,71.58440852,3.579220426,20
spambase,OCEAN,200,0,5,0.941304348,0.958100559,0.897905759,0.927027027,1,0.009229387,14,0.251650333,125.2123616,6.260618079,20
vertebral,OCEAN,100,4,5,0.838709677,0.837209302,0.923076923,0.87804878,1,0.068402365,4.3,0.195996046,60.46593213,3.023296607,20
vertebral,OCEAN,100,2,5,0.870967742,0.909090909,0.909090909,0.909090909,1,0.118977991,4.15,0.191562176,90.69038224,4.534519112,20
cancer,OCEAN,10,3,5,0.885964912,0.829268293,0.85,0.839506173,1,0.191949936,11.9,0.184830666,18.09673095,0.904836547,20
glass,OCEAN,10,3,5,0.818181818,0.9,0.818181818,0.857142857,1,0.046375629,4.1,0.178247213,20.33259749,1.016629875,20
magic,OCEAN,10,3,5,0.815194532,0.791006147,0.977218225,0.87430717,1,0.108687156,6.2,0.460416317,41.89717841,2.094858921,20
spambase,OCEAN,10,3,5,0.920652174,0.941558442,0.84057971,0.88820827,1,0.004153543,7.75,0.250051975,10.43325949,0.521662974,20
vertebral,OCEAN,200,0,5,0.822580645,0.829787234,0.928571429,0.876404494,1,0.067908549,4.25,0.185374022,139.6382108,6.981910539,20
vertebral,OCEAN,10,3,5,0.725806452,0.842105263,0.744186047,0.790123457,1,0.066364774,3.1,0.18154788,24.61875248,1.230937624,20
cancer,OCEAN,50,3,5,0.885964912,0.829268293,0.85,0.839506173,1,0.209539568,13.25,0.1840415,35.86897659,1.79344883,20
glass,OCEAN,50,3,5,0.787878788,0.857142857,0.818181818,0.837209302,1,0.047754351,4.75,0.178690672,34.06955385,1.703477693,20
cancer,OCEAN,200,4,5,0.929824561,0.925,0.880952381,0.902439024,1,0.253142351,17.7,0.190993309,314.2908304,15.71454152,20
magic,OCEAN,50,3,5,0.830178759,0.812879299,0.963629097,0.881858083,1,0.126506311,6.95,0.464548111,139.717145,6.985857248,20
spambase,OCEAN,50,3,5,0.927173913,0.951298701,0.849275362,0.897396631,1,0.0062147,11.1,0.25219512,26.1762383,1.308811915,20
glass,OCEAN,200,4,5,0.818181818,0.952380952,0.8,0.869565217,1,0.052491342,6.2,0.182498932,90.3946569,4.519732845,20
vertebral,OCEAN,50,3,5,0.774193548,0.871794872,0.790697674,0.829268293,1,0.074670901,3.8,0.18279314,53.91057587,2.695528793,20
cancer,OCEAN,300,0,5,0.964912281,1,0.906976744,0.951219512,1,0.200112164,17.5,0.189273834,382.9678998,19.14839499,20
cancer,OCEAN,100,3,5,0.903508772,0.871794872,0.85,0.860759494,1,0.248339876,15.4,0.184158802,98.59070015,4.929535007,20
glass,OCEAN,100,3,5,0.909090909,0.913043478,0.954545455,0.933333333,1,0.04595296,4.8,0.186874866,54.53509617,2.726754808,20
glass,OCEAN,300,0,5,0.878787879,0.894736842,0.894736842,0.894736842,1,0.114336519,5.95,0.180571556,277.8764117,13.89382058,20
magic,OCEAN,100,3,5,0.830178759,0.813090418,0.963229416,0.881814855,1,0.131453769,7.05,0.481658936,289.309864,14.4654932,20
spambase,OCEAN,100,3,5,0.933695652,0.955128205,0.863768116,0.907153729,1,0.007248492,12.6,0.260859966,58.68113232,2.934056616,20
vertebral,OCEAN,100,3,5,0.774193548,0.871794872,0.790697674,0.829268293,1,0.077646626,4.3,0.193057537,99.82337141,4.991168571,20
magic,OCEAN,200,4,5,0.831230284,0.811053541,0.961113385,0.879730236,1,0.141861536,7.65,0.476869345,671.1814606,33.55907303,20
spambase,OCEAN,200,10,5,0.926086957,0.958598726,0.845505618,0.898507463,1,0.015097249,12.15,0.255451202,307.2300758,15.36150379,20
vertebral,OCEAN,200,4,5,0.806451613,0.813953488,0.897435897,0.853658537,1,0.067904893,4.55,0.195255756,124.618942,6.230947101,20
cancer,OCEAN,300,4,5,0.929824561,0.925,0.880952381,0.902439024,1,0.255102474,18.65,0.188592911,475.7185926,23.78592963,20
glass,OCEAN,300,4,5,0.818181818,0.952380952,0.8,0.869565217,1,0.052145087,6.15,0.183459997,150.1339767,7.506698835,20
magic,OCEAN,300,0,5,0.83701367,0.817832168,0.959392945,0.882974707,1,0.193341094,7.4,0.478022575,2036.744339,101.8372169,20
spambase,OCEAN,300,0,5,0.941304348,0.963276836,0.892670157,0.926630435,1,0.009607111,14.75,0.251861811,235.7879424,11.78939712,20
magic,OCEAN,400,10,5,0.830704522,0.814919071,0.951520131,0.877937832,1,0.103442984,7,0.473309994,2117.690928,105.8845464,20
vertebral,OCEAN,300,0,5,0.822580645,0.829787234,0.928571429,0.876404494,1,0.067727648,4.45,0.183459044,201.2038424,10.06019212,20
cancer,OCEAN,200,1,5,0.956140351,0.967741935,0.882352941,0.923076923,1,0.188207759,15.8,0.188900232,195.2416003,9.762080014,20
spambase,OCEAN,400,21,5,0.925,0.945121951,0.858725762,0.899854862,1,0.007071964,14.8,0.251813412,250.3641942,12.51820971,20
glass,OCEAN,200,1,5,0.757575758,0.714285714,0.882352941,0.789473684,1,0.129964718,5.8,0.183502674,143.4851327,7.174256635,20
magic,OCEAN,300,4,5,0.833070452,0.813888889,0.959476054,0.880706369,1,0.144095353,7.6,0.480273008,1529.506618,76.47533091,20
vertebral,OCEAN,400,0,5,0.822580645,0.829787234,0.928571429,0.876404494,1,0.06804329,4.8,0.194922686,378.0978465,18.90489233,20
magic,OCEAN,200,1,5,0.84148265,0.824273504,0.9644,0.888847926,1,0.118359941,7.3,0.473997355,705.9898188,35.29949094,20
spambase,OCEAN,300,4,5,0.925,0.950310559,0.852367688,0.898678414,1,0.013206556,14.55,0.26551199,684.062396,34.2031198,20
spambase,OCEAN,200,1,5,0.925,0.947204969,0.854341737,0.898379971,1,0.009559581,14.55,0.249319077,190.3242257,9.516211283,20
vertebral,OCEAN,300,4,5,0.838709677,0.837209302,0.923076923,0.87804878,1,0.067752633,4.4,0.191322565,259.4672027,12.97336013,20
vertebral,OCEAN,200,1,5,0.870967742,0.88372093,0.926829268,0.904761905,1,0.078296657,4.35,0.182876825,152.7539108,7.637695539,20
cancer,OCEAN,500,0,5,0.964912281,1,0.906976744,0.951219512,1,0.212617407,18.55,0.191379547,985.7711644,49.28855822,20
cancer,OCEAN,300,1,5,0.956140351,0.967741935,0.882352941,0.923076923,1,0.193215749,16.7,0.187959671,430.2703941,21.5135197,20
glass,OCEAN,300,1,5,0.787878788,0.75,0.882352941,0.810810811,1,0.1294007,5.9,0.179286957,185.4426079,9.272130394,20
cancer,OCEAN,400,4,5,0.929824561,0.925,0.880952381,0.902439024,1,0.259239007,19,0.192497492,666.3355541,33.31677771,20
glass,OCEAN,500,0,5,0.848484848,0.85,0.894736842,0.871794872,1,0.116404894,6.55,0.192795038,584.2216709,29.21108354,20
glass,OCEAN,400,4,5,0.818181818,0.952380952,0.8,0.869565217,1,0.052662023,6.4,0.188609362,286.2841313,14.31420656,20
magic,OCEAN,300,10,5,0.830967403,0.815205913,0.951520131,0.878104265,1,0.10210125,6.65,0.467432022,1292.837003,64.64185015,20
spambase,OCEAN,300,1,5,0.929347826,0.950617284,0.862745098,0.904552129,1,0.009823322,14.1,0.251541376,267.4116814,13.37058407,20
vertebral,OCEAN,300,1,5,0.870967742,0.88372093,0.926829268,0.904761905,1,0.077492149,4.65,0.1842978,212.4838519,10.6241926,20
cancer,OCEAN,200,2,5,0.973684211,0.977777778,0.956521739,0.967032967,1,0.251032434,16.45,0.187396288,178.1308377,8.906541884,20
glass,OCEAN,200,2,5,0.878787879,0.863636364,0.95,0.904761905,1,0.032972229,5.2,0.181064129,65.41684484,3.270842242,20
magic,OCEAN,200,2,5,0.829127234,0.813718663,0.953099511,0.877911345,1,0.096784055,6.8,0.490450859,428.1253831,21.40626916,20
spambase,OCEAN,200,2,5,0.92173913,0.941690962,0.861333333,0.899721448,1,0.011783576,13.65,0.25159812,186.0658729,9.303293645,20
magic,OCEAN,400,4,5,0.832018927,0.812760055,0.959476054,0.880045054,1,0.143518504,8.15,0.501345634,2192.247085,109.6123542,20
vertebral,OCEAN,200,2,5,0.870967742,0.928571429,0.886363636,0.906976744,1,0.121913563,4.1,0.185467243,174.9926021,8.749630105,20
cancer,OCEAN,300,2,5,0.973684211,0.977777778,0.956521739,0.967032967,1,0.256957123,17.75,0.187803268,489.6342814,24.48171407,20
spambase,OCEAN,500,0,5,0.940217391,0.96056338,0.892670157,0.925373134,1,0.00997086,16.1,0.266000748,578.2958627,28.91479313,20
vertebral,OCEAN,500,0,5,0.822580645,0.829787234,0.928571429,0.876404494,1,0.068438064,4.65,0.192229271,520.9290671,26.04645336,20
glass,OCEAN,300,2,5,0.878787879,0.863636364,0.95,0.904761905,1,0.031946285,5.05,0.182166576,105.4795549,5.273977745,20
vertebral,OCEAN,400,1,5,0.870967742,0.88372093,0.926829268,0.904761905,1,0.077731174,4.5,0.188509464,340.210279,17.01051395,20
glass,OCEAN,400,1,5,0.787878788,0.75,0.882352941,0.810810811,1,0.129824025,6.05,0.184351444,485.3602526,24.26801263,20
cancer,OCEAN,400,1,5,0.956140351,0.967741935,0.882352941,0.923076923,1,0.19404423,17.25,0.194707394,630.2602725,31.51301363,20
spambase,OCEAN,400,1,5,0.925,0.947204969,0.854341737,0.898379971,1,0.010050733,14.7,0.256340981,477.8251669,23.89125835,20
spambase,OCEAN,400,10,5,0.934782609,0.9625,0.865168539,0.911242604,1,0.015510984,14.15,0.255365372,1011.39561,50.56978049,20
glass,OCEAN,500,1,5,0.787878788,0.75,0.882352941,0.810810811,1,0.12958481,6.35,0.183617353,374.2260704,18.71130352,20
magic,OCEAN,300,2,5,0.829127234,0.813500348,0.953507341,0.877957191,1,0.097340887,6.65,0.478811264,1007.710695,50.38553474,20
vertebral,OCEAN,400,4,5,0.838709677,0.837209302,0.923076923,0.87804878,1,0.068996041,4.45,0.188195229,459.8764977,22.99382489,20
spambase,OCEAN,300,2,5,0.923913043,0.942028986,0.866666667,0.902777778,1,0.012375775,13.2,0.252509832,388.6381097,19.43190548,20
vertebral,OCEAN,500,1,5,0.887096774,0.904761905,0.926829268,0.915662651,1,0.077613209,4.8,0.189028025,733.1635842,36.65817921,20
spambase,OCEAN,500,1,5,0.926086957,0.947368421,0.857142857,0.9,1,0.010270043,16.6,0.255143166,807.0570729,40.35285364,20
vertebral,OCEAN,300,2,5,0.870967742,0.928571429,0.886363636,0.906976744,1,0.121863967,3.95,0.182248116,346.4083848,17.32041924,20
cancer,OCEAN,500,1,5,0.956140351,0.967741935,0.882352941,0.923076923,1,0.195677338,17.4,0.196608305,1384.032976,69.20164882,20
cancer,OCEAN,200,3,5,0.903508772,0.871794872,0.85,0.860759494,1,0.261474407,17.2,0.187367678,216.452215,10.82261075,20
glass,OCEAN,200,3,5,0.909090909,0.952380952,0.909090909,0.930232558,1,0.048499937,5.55,0.181632042,97.68506742,4.884253371,20
cancer,OCEAN,500,4,5,0.938596491,0.948717949,0.880952381,0.913580247,1,0.261577276,19.2,0.193510056,1193.454466,59.67272331,20
magic,OCEAN,200,3,5,0.83044164,0.813788442,0.962430056,0.881889764,1,0.132953504,7.6,0.471223116,574.2410033,28.71205016,20
magic,OCEAN,400,21,5,0.835173502,0.819598338,0.95713708,0.883044208,1,0.161001774,7.95,0.474622011,2540.108523,127.0054261,20
spambase,OCEAN,200,3,5,0.931521739,0.95483871,0.857971014,0.903816794,1,0.008600459,13.15,0.250986338,123.0922327,6.154611635,20
glass,OCEAN,500,4,5,0.818181818,0.952380952,0.8,0.869565217,1,0.052220508,6.6,0.187259197,481.6412296,24.08206148,20
vertebral,OCEAN,200,3,5,0.774193548,0.871794872,0.790697674,0.829268293,1,0.077625745,4.15,0.182772636,150.2457802,7.512289011,20
glass,OCEAN,400,2,5,0.878787879,0.863636364,0.95,0.904761905,1,0.030595014,5.2,0.183556795,229.3513701,11.4675685,20
cancer,OCEAN,300,3,5,0.885964912,0.829268293,0.85,0.839506173,1,0.271789656,17.4,0.186759472,376.0185094,18.80092547,20
magic,OCEAN,500,10,5,0.83044164,0.813969814,0.952752671,0.877910278,1,0.103068021,6.9,0.465665102,2490.823967,124.5411984,20
glass,OCEAN,300,3,5,0.878787879,0.909090909,0.909090909,0.909090909,1,0.048291981,5.75,0.1787467,163.7199271,8.185996354,20
glass,OCEAN,500,2,5,0.878787879,0.863636364,0.95,0.904761905,1,0.030523957,5.5,0.183990717,379.3307686,18.96653843,20
cancer,OCEAN,400,2,5,0.973684211,0.977777778,0.956521739,0.967032967,1,0.261122725,18.4,0.187443972,760.3806233,38.01903117,20
spambase,OCEAN,400,2,5,0.92173913,0.941690962,0.861333333,0.899721448,1,0.012950578,14.45,0.253858089,888.9297161,44.44648581,20
glass,OCEAN,400,3,5,0.878787879,0.909090909,0.909090909,0.909090909,1,0.049302682,6,0.183318615,326.6436179,16.33218089,20
vertebral,OCEAN,400,2,5,0.85483871,0.906976744,0.886363636,0.896551724,1,0.12089108,3.5,0.186171055,872.5183702,43.62591851,20
cancer,OCEAN,400,3,5,0.885964912,0.829268293,0.85,0.839506173,1,0.272169641,18,0.18889451,648.3012767,32.41506383,20
glass,OCEAN,500,3,5,0.878787879,0.909090909,0.909090909,0.909090909,1,0.049384499,6.1,0.182423115,390.6946101,19.53473051,20
cancer,OCEAN,500,2,5,0.973684211,0.977777778,0.956521739,0.967032967,1,0.264608117,18.25,0.193748713,1476.574101,73.82870507,20
magic,OCEAN,300,3,5,0.828864353,0.811931244,0.962829736,0.880965442,1,0.134058596,7.8,0.468693733,1323.163589,66.15817944,20
vertebral,OCEAN,500,2,5,0.870967742,0.928571429,0.886363636,0.906976744,1,0.120854834,3.8,0.183337688,1142.289353,57.11446767,20
spambase,OCEAN,300,3,5,0.932608696,0.954983923,0.860869565,0.905487805,1,0.009303535,13.85,0.266670704,338.5760584,16.92880292,20
spambase,OCEAN,500,12,5,0.935869565,0.95,0.876080692,0.911544228,1,0.010921399,12.6,0.259619713,1153.480608,57.67403039,20
vertebral,OCEAN,300,3,5,0.758064516,0.868421053,0.76744186,0.814814815,1,0.07639999,4.6,0.185093164,293.0590587,14.65295293,20
cancer,OCEAN,500,3,5,0.885964912,0.829268293,0.85,0.839506173,1,0.274500526,18.55,0.195776939,1267.527418,63.37637092,20
spambase,OCEAN,500,21,5,0.926086957,0.945288754,0.861495845,0.901449275,1,0.007007463,14.8,0.25364852,498.1649382,24.90824691,20
vertebral,OCEAN,400,3,5,0.758064516,0.868421053,0.76744186,0.814814815,1,0.076353171,4.6,0.182913303,670.2318091,33.51159046,20
vertebral,OCEAN,500,4,5,0.838709677,0.837209302,0.923076923,0.87804878,1,0.068723592,4.4,0.197908401,692.0935926,34.60467963,20
magic,OCEAN,400,2,5,0.829915878,0.815008726,0.95228385,0.878314839,1,0.097800462,7.15,0.48178196,1988.538768,99.42693839,20
spambase,OCEAN,400,3,5,0.933695652,0.955128205,0.863768116,0.907153729,1,0.009346394,14.05,0.254278421,692.9557376,34.64778688,20
vertebral,OCEAN,500,3,5,0.758064516,0.868421053,0.76744186,0.814814815,1,0.077128053,4.65,0.184926271,1079.941152,53.99705758,20
magic,OCEAN,500,11,5,0.833333333,0.812671233,0.964634146,0.882156134,1,0.115679072,7.65,0.454499245,3755.70344,187.785172,20
spambase,OCEAN,500,3,5,0.933695652,0.955128205,0.863768116,0.907153729,1,0.009487191,14.75,0.25767827,1092.264488,54.61322439,20
magic,OCEAN,500,3,5,0.830704522,0.814063556,0.962430056,0.882051282,1,0.136261174,8,0.480861902,3956.160986,197.8080493,20
magic,OCEAN,400,3,5,0.830704522,0.814488829,0.961630695,0.881964809,1,0.137558169,7.8,0.481041431,2559.990481,127.9995241,20
magic,OCEAN,500,2,5,0.831493165,0.816276633,0.953099511,0.87939793,1,0.0980847,7.15,0.463899136,2972.948278,148.6474139,20
magic,OCEAN,500,22,5,0.838065195,0.823428375,0.959183673,0.886136784,1,0.112291577,7.9,0.464240551,2070.614277,103.5307139,20
glass,OCEAN,10,5,5,0.757575758,0.727272727,0.888888889,0.8,1,0.096885852,5.15,0.187563896,20.51408625,1.025704312,20
cancer,OCEAN,10,5,5,0.956140351,0.931818182,0.953488372,0.942528736,1,0.181769978,13.5,0.191372871,22.84135818,1.142067909,20
spambase,OCEAN,10,5,5,0.915217391,0.943925234,0.834710744,0.885964912,1,0.007042713,7.45,0.249839783,11.38743997,0.569371998,20
magic,OCEAN,10,5,5,0.805205047,0.780487805,0.965289256,0.863107334,1,0.073161404,5.8,0.468253851,25.22477007,1.261238503,20
vertebral,OCEAN,10,5,5,0.806451613,0.846153846,0.846153846,0.846153846,1,0.030325049,2.85,0.194135189,16.50155663,0.825077832,20
glass,OCEAN,50,5,5,0.878787879,0.888888889,0.888888889,0.888888889,1,0.093430094,5.3,0.185174704,37.64096045,1.882048023,20
spambase,OCEAN,50,5,5,0.923913043,0.96214511,0.840220386,0.897058824,1,0.011279224,11.15,0.248621464,35.69032669,1.784516335,20
vertebral,OCEAN,50,5,5,0.822580645,0.833333333,0.897435897,0.864197531,1,0.036676308,4,0.193203926,31.99372602,1.599686301,20
cancer,OCEAN,50,5,5,0.964912281,0.953488372,0.953488372,0.953488372,1,0.214206253,15.75,0.189331532,62.03434539,3.101717269,20
glass,OCEAN,100,5,5,0.818181818,0.8,0.888888889,0.842105263,1,0.09896433,5.85,0.186507702,56.5576694,2.82788347,20
vertebral,OCEAN,100,5,5,0.806451613,0.813953488,0.897435897,0.853658537,1,0.033909908,3.95,0.193706274,47.49146008,2.374573004,20
magic,OCEAN,50,5,5,0.838853838,0.811659193,0.97231405,0.884752773,1,0.08321711,7.3,0.483760118,93.98769832,4.699384916,20
spambase,OCEAN,100,5,5,0.925,0.965189873,0.840220386,0.898379971,1,0.015699301,11.95,0.247548819,100.3380516,5.016902578,20
cancer,OCEAN,100,5,5,0.956140351,0.931818182,0.953488372,0.942528736,1,0.234291553,17.25,0.187239647,127.0242577,6.351212883,20
vertebral,OCEAN,200,5,5,0.822580645,0.833333333,0.897435897,0.864197531,1,0.035775644,4,0.192182779,109.8217938,5.49108969,20
glass,OCEAN,200,5,5,0.787878788,0.761904762,0.888888889,0.820512821,1,0.101648516,5.7,0.186505795,131.6236386,6.581181931,20
magic,OCEAN,100,5,5,0.835699264,0.809162935,0.970661157,0.882585008,1,0.088453204,6.45,0.475479841,218.015656,10.9007828,20
vertebral,OCEAN,300,5,5,0.838709677,0.853658537,0.897435897,0.875,1,0.035808745,3.8,0.191930056,191.1845174,9.559225869,20
glass,OCEAN,300,5,5,0.818181818,0.8,0.888888889,0.842105263,1,0.102717466,5.8,0.185189486,204.7055302,10.23527651,20
spambase,OCEAN,200,5,5,0.925,0.965189873,0.840220386,0.898379971,1,0.016819313,14.65,0.248489618,368.710248,18.4355124,20
cancer,OCEAN,200,5,5,0.956140351,0.931818182,0.953488372,0.942528736,1,0.244487661,18,0.187441826,347.8020837,17.39010419,20
vertebral,OCEAN,400,5,5,0.838709677,0.853658537,0.897435897,0.875,1,0.03640834,4.1,0.192364216,317.5339038,15.87669519,20
magic,OCEAN,200,5,5,0.836750789,0.809851877,0.971487603,0.883336464,1,0.08822274,7.5,0.474622011,516.7808123,25.83904061,20
glass,OCEAN,400,5,5,0.848484848,0.842105263,0.888888889,0.864864865,1,0.103957672,6,0.185610533,422.3702471,21.11851236,20
cancer,OCEAN,300,5,5,0.956140351,0.931818182,0.953488372,0.942528736,1,0.247919529,18.65,0.19018054,556.3463235,27.81731617,20
vertebral,OCEAN,500,5,5,0.838709677,0.853658537,0.897435897,0.875,1,0.03627293,4.1,0.190697432,472.2641435,23.61320717,20
vertebral,OCEAN,10,6,5,0.725806452,0.688888889,0.911764706,0.784810127,1,0.076006821,3.3,0.192602634,21.34670496,1.067335248,20
spambase,OCEAN,300,5,5,0.923913043,0.965079365,0.837465565,0.896755162,1,0.018494669,15.8,0.249464512,731.4310255,36.57155128,20
vertebral,OCEAN,50,6,5,0.725806452,0.697674419,0.882352941,0.779220779,1,0.072023036,4.15,0.192816973,46.36016679,2.318008339,20
vertebral,OCEAN,100,6,5,0.709677419,0.681818182,0.882352941,0.769230769,1,0.071406705,4.4,0.194103718,90.50981069,4.525490534,20
glass,OCEAN,500,5,5,0.818181818,0.8,0.888888889,0.842105263,1,0.103141661,5.9,0.183689833,506.2160621,25.3108031,20
glass,OCEAN,10,6,5,0.787878788,0.8125,0.764705882,0.787878788,1,0.075321356,3.6,0.185436249,21.95632935,1.097816467,20
glass,OCEAN,50,6,5,0.878787879,0.882352941,0.882352941,0.882352941,1,0.076205787,5,0.18854022,35.42100644,1.771050322,20
glass,OCEAN,100,6,5,0.848484848,0.928571429,0.764705882,0.838709677,1,0.078117838,5.15,0.185283661,51.47077847,2.573538923,20
vertebral,OCEAN,200,6,5,0.741935484,0.704545455,0.911764706,0.794871795,1,0.069870216,3.9,0.19121027,150.4844518,7.524222589,20
glass,OCEAN,200,6,5,0.878787879,0.933333333,0.823529412,0.875,1,0.078423791,5.9,0.183830976,87.5442934,4.37721467,20
magic,OCEAN,300,12,5,0.830967403,0.81430059,0.95599022,0.879475164,1,0.097559699,6.85,0.500567198,1054.718222,52.7359111,20
vertebral,OCEAN,300,6,5,0.758064516,0.711111111,0.941176471,0.810126582,1,0.070564555,4.1,0.190749168,226.2785039,11.31392519,20
glass,OCEAN,300,6,5,0.878787879,0.933333333,0.823529412,0.875,1,0.078802274,5.8,0.187712908,171.3816602,8.569083011,20
cancer,OCEAN,400,5,5,0.947368421,0.930232558,0.930232558,0.930232558,1,0.253731609,20.45,0.186105728,827.0686231,41.35343115,20
glass,OCEAN,400,6,5,0.848484848,0.928571429,0.764705882,0.838709677,1,0.077797315,6.05,0.186346292,277.146667,13.85733335,20
vertebral,OCEAN,400,6,5,0.758064516,0.711111111,0.941176471,0.810126582,1,0.071663398,3.95,0.191080093,370.2786829,18.51393415,20
spambase,OCEAN,400,5,5,0.926086957,0.965299685,0.842975207,0.9,1,0.018625656,15.55,0.249153376,1061.471056,53.07355278,20
glass,OCEAN,500,6,5,0.878787879,0.933333333,0.823529412,0.875,1,0.078742973,5.4,0.186727524,333.2083182,16.66041591,20
glass,OCEAN,10,7,5,0.818181818,0.705882353,0.923076923,0.8,1,0.121880063,4,0.187936544,27.91629171,1.395814586,20
glass,OCEAN,50,7,5,0.787878788,0.6875,0.846153846,0.75862069,1,0.127545462,5.4,0.184294224,40.12649679,2.00632484,20
glass,OCEAN,100,7,5,0.787878788,0.6875,0.846153846,0.75862069,1,0.126846139,5.4,0.186376572,73.11101604,3.655550802,20
glass,OCEAN,200,7,5,0.787878788,0.6875,0.846153846,0.75862069,1,0.130318836,5.7,0.18653965,127.664438,6.3832219,20
vertebral,OCEAN,500,6,5,0.741935484,0.704545455,0.911764706,0.794871795,1,0.071890456,4.05,0.188260317,575.27248,28.763624,20
vertebral,OCEAN,10,7,5,0.822580645,0.847826087,0.906976744,0.876404494,1,0.111673892,4,0.189139843,27.73704624,1.386852312,20
vertebral,OCEAN,50,7,5,0.903225806,0.893617021,0.976744186,0.933333333,1,0.114273336,3.85,0.187648535,47.9096489,2.395482445,20
glass,OCEAN,300,7,5,0.787878788,0.6875,0.846153846,0.75862069,1,0.129762088,5.6,0.183822632,222.4639814,11.12319907,20
vertebral,OCEAN,100,7,5,0.919354839,0.913043478,0.976744186,0.943820225,1,0.116770013,4.75,0.18586874,84.83786821,4.241893411,20
vertebral,OCEAN,200,7,5,0.919354839,0.913043478,0.976744186,0.943820225,1,0.116332291,4.7,0.186855078,162.6924877,8.134624386,20
cancer,OCEAN,500,5,5,0.956140351,0.931818182,0.953488372,0.942528736,1,0.255125031,20.1,0.184963226,1247.591947,62.37959735,20
cancer,OCEAN,10,6,5,0.964912281,0.948717949,0.948717949,0.948717949,1,0.108087716,8.75,0.187051296,17.85726619,0.892863309,20
glass,OCEAN,400,7,5,0.787878788,0.6875,0.846153846,0.75862069,1,0.129814696,5.7,0.186086655,370.0071497,18.50035748,20
cancer,OCEAN,50,6,5,0.964912281,0.948717949,0.948717949,0.948717949,1,0.154986593,12.8,0.182834148,47.38636851,2.369318426,20
vertebral,OCEAN,300,7,5,0.919354839,0.913043478,0.976744186,0.943820225,1,0.116111023,4.75,0.191847324,267.0231142,13.35115571,20
magic,OCEAN,400,5,5,0.835699264,0.808313294,0.97231405,0.882761208,1,0.089361027,7.2,0.471318483,1634.748737,81.73743685,20
cancer,OCEAN,100,6,5,0.964912281,0.948717949,0.948717949,0.948717949,1,0.166985219,14.45,0.186684847,93.66560364,4.683280182,20
glass,OCEAN,500,7,5,0.787878788,0.6875,0.846153846,0.75862069,1,0.130539488,5.95,0.18430829,424.5042806,21.22521403,20
cancer,OCEAN,200,6,5,0.964912281,0.948717949,0.948717949,0.948717949,1,0.181389229,16.5,0.184621096,303.6592968,15.18296484,20
glass,OCEAN,10,8,5,0.848484848,0.904761905,0.863636364,0.88372093,1,0.069786768,4.2,0.186310291,21.41233897,1.070616949,20
vertebral,OCEAN,400,7,5,0.903225806,0.911111111,0.953488372,0.931818182,1,0.115347781,4.75,0.188840866,397.1147497,19.85573748,20
glass,OCEAN,50,8,5,0.848484848,0.904761905,0.863636364,0.88372093,1,0.067051003,5.45,0.186375141,34.04156423,1.702078211,20
glass,OCEAN,100,8,5,0.848484848,0.904761905,0.863636364,0.88372093,1,0.070442535,5.8,0.187014341,62.66499162,3.133249581,20
glass,OCEAN,200,8,5,0.818181818,0.863636364,0.863636364,0.863636364,1,0.072075485,6.15,0.19276166,112.0958629,5.604793143,20
glass,OCEAN,300,8,5,0.818181818,0.863636364,0.863636364,0.863636364,1,0.07283361,6.2,0.188125134,202.3629284,10.11814642,20
cancer,OCEAN,300,6,5,0.964912281,0.948717949,0.948717949,0.948717949,1,0.186650508,18.55,0.183716774,502.5003519,25.1250176,20
vertebral,OCEAN,500,7,5,0.919354839,0.913043478,0.976744186,0.943820225,1,0.11580068,4.5,0.189445257,571.923872,28.5961936,20
vertebral,OCEAN,10,8,5,0.822580645,0.860465116,0.880952381,0.870588235,1,0.077766689,2.9,0.190083504,23.47639108,1.173819554,20
vertebral,OCEAN,50,8,5,0.838709677,0.863636364,0.904761905,0.88372093,1,0.081999591,3.9,0.189376593,39.24478817,1.962239408,20
vertebral,OCEAN,100,8,5,0.887096774,0.888888889,0.952380952,0.91954023,1,0.085394203,3.95,0.187596798,65.64086008,3.282043004,20
glass,OCEAN,400,8,5,0.818181818,0.863636364,0.863636364,0.863636364,1,0.072989188,6.55,0.187290907,328.4524875,16.42262437,20
vertebral,OCEAN,200,8,5,0.887096774,0.888888889,0.952380952,0.91954023,1,0.085903377,3.8,0.188680649,130.5862577,6.529312885,20
vertebral,OCEAN,300,8,5,0.887096774,0.888888889,0.952380952,0.91954023,1,0.084496213,4.05,0.190096855,235.577189,11.77885945,20
glass,OCEAN,500,8,5,0.818181818,0.863636364,0.863636364,0.863636364,1,0.071370311,6.4,0.188807249,377.7981174,18.88990587,20
glass,OCEAN,10,9,5,0.848484848,0.882352941,0.833333333,0.857142857,1,0.115466407,5.05,0.185056448,22.2935791,1.114678955,20
glass,OCEAN,50,9,5,0.878787879,0.9375,0.833333333,0.882352941,1,0.122162298,5.7,0.338101625,44.37385845,2.218692923,20
spambase,OCEAN,500,5,5,0.927173913,0.9625,0.848484848,0.901903367,1,0.019153707,16.7,0.250686407,2556.205768,127.8102884,20
spambase,OCEAN,10,6,5,0.909782609,0.932926829,0.833787466,0.88057554,1,0.006334735,8.85,0.251050949,11.76538396,0.588269198,20
spambase,OCEAN,50,6,5,0.911956522,0.93597561,0.836512262,0.883453237,1,0.0079807,11.5,0.249767303,29.77469349,1.488734674,20
glass,OCEAN,100,9,5,0.909090909,0.941176471,0.888888889,0.914285714,1,0.124061717,6.2,0.186008453,82.09658551,4.104829276,20
spambase,OCEAN,100,6,5,0.919565217,0.948012232,0.844686649,0.893371758,1,0.009504094,12.65,0.248364687,64.67658591,3.233829296,20
cancer,OCEAN,400,6,5,0.964912281,0.948717949,0.948717949,0.948717949,1,0.191228898,19.1,0.18473506,848.9676416,42.44838208,20
vertebral,OCEAN,400,8,5,0.887096774,0.888888889,0.952380952,0.91954023,1,0.084497083,4.2,0.188104153,318.7009828,15.93504914,20
glass,OCEAN,200,9,5,0.909090909,0.941176471,0.888888889,0.914285714,1,0.12740629,6.15,0.187651873,148.2052188,7.41026094,20
spambase,OCEAN,200,6,5,0.915217391,0.936555891,0.844686649,0.888252149,1,0.01122821,13.25,0.248711824,214.0807672,10.70403836,20
glass,OCEAN,300,9,5,0.909090909,0.941176471,0.888888889,0.914285714,1,0.127895619,6.4,0.28745842,312.7438269,15.63719134,20
magic,OCEAN,500,5,5,0.833859096,0.806374229,0.97231405,0.881603597,1,0.089056081,6.9,0.477526665,2162.617016,108.1308508,20
vertebral,OCEAN,500,8,5,0.887096774,0.888888889,0.952380952,0.91954023,1,0.084393324,4.05,0.186877012,411.6678421,20.58339211,20
vertebral,OCEAN,10,9,5,0.85483871,0.931818182,0.872340426,0.901098901,1,0.041903754,2.3,0.187882662,16.2308321,0.811541605,20
magic,OCEAN,10,6,5,0.8393796,0.82450675,0.958165728,0.886325581,1,0.077616866,5.3,0.480967999,23.65888262,1.182944131,20
vertebral,OCEAN,50,9,5,0.887096774,0.954545455,0.893617021,0.923076923,1,0.053342717,3.25,0.188380241,46.02783489,2.301391745,20
magic,OCEAN,50,6,5,0.84831756,0.834794809,0.957361223,0.891886828,1,0.101017553,7.15,0.477807999,94.71787906,4.735893953,20
vertebral,OCEAN,100,9,5,0.85483871,0.931818182,0.872340426,0.901098901,1,0.052927295,3.2,0.187228441,60.26058722,3.013029361,20
vertebral,OCEAN,200,9,5,0.85483871,0.931818182,0.872340426,0.901098901,1,0.053181188,4.05,0.18955493,130.251539,6.51257695,20
spambase,OCEAN,300,21,5,0.926086957,0.945288754,0.861495845,0.901449275,1,0.006648013,13.15,0.256762981,166.0823016,8.304115081,20
glass,OCEAN,400,9,5,0.909090909,0.941176471,0.888888889,0.914285714,1,0.127173774,6.1,0.268674135,358.8735476,17.94367738,20
magic,OCEAN,100,6,5,0.849106204,0.834968465,0.958567981,0.892509363,1,0.10554315,6.75,0.475242138,188.3099909,9.415499544,20
vertebral,OCEAN,300,9,5,0.85483871,0.931818182,0.872340426,0.901098901,1,0.053732377,4,0.186990738,256.4972887,12.82486444,20
cancer,OCEAN,500,6,5,0.964912281,0.948717949,0.948717949,0.948717949,1,0.19375119,19.95,0.186243773,1180.820487,59.04102437,20
cancer,OCEAN,10,7,5,0.947368421,0.916666667,0.916666667,0.916666667,1,0.114921502,8.95,0.193231821,16.76698565,0.838349283,20
glass,OCEAN,500,9,5,0.909090909,0.941176471,0.888888889,0.914285714,1,0.128118941,6.6,0.187066555,475.9541423,23.79770712,20
cancer,OCEAN,50,7,5,0.956140351,0.942857143,0.916666667,0.929577465,1,0.157789727,12.3,0.188769817,35.36262774,1.768131387,20
magic,OCEAN,200,10,5,0.830704522,0.815140845,0.951109285,0.877891543,1,0.100868201,6.65,0.472850323,550.1404493,27.50702246,20
cancer,OCEAN,100,7,5,0.964912281,0.944444444,0.944444444,0.944444444,1,0.179811146,13.9,0.188180447,75.05430174,3.752715087,20
vertebral,OCEAN,400,9,5,0.85483871,0.931818182,0.872340426,0.901098901,1,0.051936844,4.1,0.191699982,444.76265,22.2381325,20
cancer,OCEAN,200,7,5,0.956140351,0.942857143,0.916666667,0.929577465,1,0.188761054,16.2,0.188022852,226.2848074,11.31424037,20
spambase,OCEAN,400,6,5,0.917391304,0.94224924,0.844686649,0.890804598,1,0.012512034,16.4,0.249950171,930.3734195,46.51867098,20
cancer,OCEAN,300,7,5,0.956140351,0.942857143,0.916666667,0.929577465,1,0.19145859,17,0.196328163,378.2698717,18.91349359,20
vertebral,OCEAN,500,9,5,0.85483871,0.931818182,0.872340426,0.901098901,1,0.054097429,4.4,0.19177103,494.3837633,24.71918817,20
magic,OCEAN,300,6,5,0.850683491,0.835784314,0.960176991,0.893672782,1,0.106889654,6.95,0.469344139,1072.695048,53.63475242,20
cancer,OCEAN,400,7,5,0.956140351,0.942857143,0.916666667,0.929577465,1,0.190598573,17.25,0.18915987,849.6609721,42.48304861,20
spambase,OCEAN,500,6,5,0.915217391,0.939209726,0.841961853,0.887931034,1,0.012881106,16.05,0.247969627,1310.685776,65.53428878,20
spambase,OCEAN,10,7,5,0.920652174,0.950464396,0.843406593,0.893740902,1,0.005185455,5.8,0.248792171,11.95273852,0.597636926,20
spambase,OCEAN,50,7,5,0.922826087,0.948012232,0.851648352,0.897250362,1,0.006265448,9.2,0.251224518,27.53860664,1.376930332,20
spambase,OCEAN,100,7,5,0.925,0.951070336,0.854395604,0.900144718,1,0.007457985,10.15,0.247392178,62.84458447,3.142229223,20
spambase,OCEAN,200,7,5,0.92826087,0.951515152,0.862637363,0.904899135,1,0.009178668,11.55,0.248732805,260.830987,13.04154935,20
cancer,OCEAN,500,7,5,0.956140351,0.942857143,0.916666667,0.929577465,1,0.19248445,18.1,0.184726,986.4620473,49.32310237,20
cancer,OCEAN,10,8,5,0.964912281,0.956521739,0.956521739,0.956521739,1,0.157815123,10.5,0.187732935,21.41714025,1.070857012,20
cancer,OCEAN,50,8,5,0.956140351,0.936170213,0.956521739,0.946236559,1,0.216415948,13.4,0.192589283,46.38132834,2.319066417,20
cancer,OCEAN,100,8,5,0.973684211,0.957446809,0.97826087,0.967741935,1,0.237284584,15.3,0.195388079,102.2118497,5.110592484,20
spambase,OCEAN,300,7,5,0.927173913,0.948640483,0.862637363,0.903597122,1,0.010380435,12.65,0.248367071,670.6469543,33.53234771,20
magic,OCEAN,400,6,5,0.850946372,0.835372247,0.961383749,0.893959229,1,0.105550968,6.9,0.472909927,1667.62329,83.3811645,20
cancer,OCEAN,200,8,5,0.964912281,0.9375,0.97826087,0.957446809,1,0.252301827,17.2,0.182991266,317.1325185,15.85662593,20
cancer,OCEAN,300,8,5,0.964912281,0.9375,0.97826087,0.957446809,1,0.254492321,18.05,0.187039375,610.3002725,30.51501362,20
spambase,OCEAN,400,7,5,0.927173913,0.951367781,0.85989011,0.903318903,1,0.010706934,13.65,0.250810146,890.4912162,44.52456081,20
cancer,OCEAN,400,8,5,0.964912281,0.9375,0.97826087,0.957446809,1,0.259995902,19.25,0.185790539,1071.073369,53.55366844,20
spambase,OCEAN,500,7,5,0.92826087,0.957055215,0.857142857,0.904347826,1,0.011336627,13.9,0.250396013,1683.734472,84.18672359,20
spambase,OCEAN,10,8,5,0.914130435,0.93220339,0.857142857,0.893098782,1,0.003725141,6.85,0.247156858,10.17504668,0.508752334,20
spambase,OCEAN,50,8,5,0.916304348,0.935028249,0.85974026,0.895805142,1,0.006331981,11,0.250774384,25.53168297,1.276584148,20
magic,OCEAN,500,6,5,0.850946372,0.834437086,0.962992759,0.894117647,1,0.106264506,7.15,0.468033791,2611.294843,130.5647422,20
spambase,OCEAN,100,8,5,0.920652174,0.938202247,0.867532468,0.90148448,1,0.008049653,11.8,0.249716759,60.35431528,3.017715764,20
magic,OCEAN,10,7,5,0.834384858,0.816944539,0.963096671,0.884020619,1,0.075921084,6.9,0.475527287,28.76309776,1.438154888,20
magic,OCEAN,50,7,5,0.84148265,0.828810021,0.955475331,0.88764673,1,0.100306662,7.85,0.475742579,106.9884272,5.349421358,20
spambase,OCEAN,200,8,5,0.923913043,0.938718663,0.875324675,0.905913978,1,0.010776776,12.65,0.24682951,249.972676,12.4986338,20
magic,OCEAN,100,7,5,0.840694006,0.827945777,0.955475331,0.887150838,1,0.106060308,7.9,0.46783042,208.6356485,10.43178242,20
cancer,OCEAN,500,8,5,0.964912281,0.9375,0.97826087,0.957446809,1,0.266469032,19.75,0.185608149,1584.071812,79.2035906,20
cancer,OCEAN,10,9,5,0.956140351,1,0.88372093,0.938271605,1,0.159249563,13.25,0.187026024,19.42445159,0.971222579,20
magic,OCEAN,200,7,5,0.840431125,0.826749827,0.957079824,0.887153746,1,0.106412795,7.5,0.465507507,539.5503519,26.97751759,20
spambase,OCEAN,300,8,5,0.925,0.941340782,0.875324675,0.907133244,1,0.012517358,13.95,0.24673605,626.0710015,31.30355008,20
cancer,OCEAN,50,9,5,0.956140351,1,0.88372093,0.938271605,1,0.207302439,15.95,0.186493635,56.57656527,2.828828263,20
cancer,OCEAN,100,9,5,0.956140351,1,0.88372093,0.938271605,1,0.226132367,17.15,0.190159559,134.8084915,6.740424573,20
cancer,OCEAN,200,9,5,0.956140351,1,0.88372093,0.938271605,1,0.229811064,17.9,0.190252304,281.8423507,14.09211754,20
cancer,OCEAN,300,9,5,0.964912281,1,0.906976744,0.951219512,1,0.234466605,18.55,0.186615229,470.8437052,23.54218526,20
spambase,OCEAN,400,8,5,0.926086957,0.941504178,0.877922078,0.908602151,1,0.012820052,12.95,0.246131659,996.3967426,49.81983713,20
magic,OCEAN,300,7,5,0.8393796,0.825605536,0.957079824,0.88649452,1,0.108449202,7.45,0.467191219,1045.671683,52.28358413,20
cancer,OCEAN,400,9,5,0.956140351,1,0.88372093,0.938271605,1,0.235724694,18.6,0.187567472,761.0000937,38.05000468,20
spambase,OCEAN,500,22,5,0.923913043,0.942771084,0.85989011,0.899425287,1,0.010683571,15.2,0.259473085,793.3277977,39.66638988,20
spambase,OCEAN,10,9,5,0.898913043,0.942372881,0.785310734,0.856702619,1,0.003490962,5.75,0.250328541,11.63664961,0.58183248,20
spambase,OCEAN,50,9,5,0.897826087,0.945205479,0.779661017,0.854489164,1,0.00507364,9.55,0.252447367,27.32092261,1.366046131,20
spambase,OCEAN,100,9,5,0.905434783,0.952542373,0.793785311,0.865947612,1,0.005423041,9.55,0.251857519,48.52926898,2.426463449,20
spambase,OCEAN,200,21,5,0.926086957,0.948012232,0.858725762,0.901162791,1,0.00634075,13.05,0.252454758,88.18755078,4.409377539,20
magic,OCEAN,400,7,5,0.840956887,0.828005559,0.955876454,0.887358034,1,0.10960242,7.6,0.469694853,1613.936062,80.69680309,20
cancer,OCEAN,500,9,5,0.956140351,1,0.88372093,0.938271605,1,0.237068212,19.35,0.188269854,1224.774641,61.23873205,20
spambase,OCEAN,300,9,5,0.908695652,0.953020134,0.802259887,0.871165644,1,0.006197411,11.85,0.249239683,319.0951588,15.95475794,20
spambase,OCEAN,400,9,5,0.909782609,0.953177258,0.805084746,0.872894334,1,0.006417139,12.05,0.249051571,450.8803217,22.54401609,20
spambase,OCEAN,500,9,5,0.908695652,0.95,0.805084746,0.871559633,1,0.00640273,11.7,0.253242731,740.2418377,37.01209189,20
magic,OCEAN,500,23,5,0.842534175,0.823631928,0.96213355,0.887511737,1,0.180655435,8.25,0.451278448,3756.777922,187.8388961,20
magic,OCEAN,10,8,5,0.834384858,0.821067318,0.952650749,0.881978269,1,0.120440661,7,0.468286276,34.5606041,1.728030205,20
magic,OCEAN,50,8,5,0.84148265,0.825662483,0.958316471,0.887057501,1,0.124362074,7.1,0.467839718,120.2935462,6.01467731,20
magic,OCEAN,100,8,5,0.84148265,0.826801959,0.956292999,0.886845562,1,0.127304092,7.65,0.467545509,223.9304562,11.19652281,20
magic,OCEAN,200,8,5,0.843322818,0.826768909,0.959935249,0.888389513,1,0.127426463,7.4,0.465718985,597.8878365,29.89439182,20
magic,OCEAN,300,8,5,0.84384858,0.825528963,0.963172805,0.889054912,1,0.128066284,7.9,0.471214771,1163.002675,58.15013376,20
magic,OCEAN,400,8,5,0.844900105,0.826675929,0.963172805,0.889719626,1,0.128483121,7.4,0.465680599,1921.235759,96.06178797,20
magic,OCEAN,500,8,5,0.843585699,0.825920778,0.961958721,0.888764255,1,0.129179483,7.55,0.466444016,2812.067479,140.603374,20
magic,OCEAN,10,9,5,0.83701367,0.831896552,0.938411669,0.881949733,1,0.085029426,5.9,0.473740339,28.94462633,1.447231317,20
magic,OCEAN,50,9,5,0.844637224,0.826434783,0.962722853,0.889387984,1,0.087204423,6.6,0.469740629,74.70033383,3.735016692,20
magic,OCEAN,100,9,5,0.847791798,0.82897945,0.964343598,0.891552725,1,0.091811909,6.3,0.466180325,195.0772915,9.753864574,20
magic,OCEAN,200,9,5,0.846477392,0.828681089,0.962317666,0.890513686,1,0.095953032,6.6,0.468273401,416.2309713,20.81154857,20
magic,OCEAN,300,9,5,0.847791798,0.830360266,0.96191248,0.891308429,1,0.096140905,6.45,0.458999872,914.4673562,45.72336781,20
magic,OCEAN,400,14,5,0.851735016,0.83626943,0.964157706,0.895671476,1,0.129819852,7.2,0.467364073,1967.204353,98.36021763,20
magic,OCEAN,500,21,5,0.83491062,0.818873142,0.957945815,0.882966828,1,0.16027484,8.1,0.468295097,4338.242889,216.9121444,20
