,n_features,accuracy,precision,recall,f1,coverage_ratio,mean_distance,avg_nnodes,avg_nleaves,avg_depth,q,jaccard
0,2.0,0.9853181076672104,0.9915824915824916,0.9932546374367622,0.9924178601516429,1.0,0.2895242560798351,48.4,24.7,10.55,0.9867187468624067,1.0
1,3.0,0.9951060358890701,1.0,0.9949579831932773,0.9974726200505476,1.0,0.28932402455817285,40.0,20.5,9.05,0.7431125286419049,1.0
2,4.0,1.0,1.0,1.0,1.0,1.0,0.26447583225577076,6.5,3.75,2.35,0.23684210526315788,0.5758771929824561
3,5.0,1.0,1.0,1.0,1.0,1.0,0.3750763559687175,6.5,3.75,2.25,-0.005263157894736842,0.5105263157894737
4,6.0,1.0,1.0,1.0,1.0,1.0,0.4556459436905702,6.2,3.6,2.05,0.0,0.3252631578947369
5,7.0,1.0,1.0,1.0,1.0,1.0,0.42067874037975367,4.9,2.95,1.65,-0.005263157894736842,0.3080701754385965
6,8.0,1.0,1.0,1.0,1.0,1.0,0.5432537512174771,4.8,2.9,1.8,0.0,0.21964912280701754
7,9.0,1.0,1.0,1.0,1.0,1.0,0.6230914250507811,3.1,2.05,1.05,0.0,0.20526315789473684
8,10.0,1.0,1.0,1.0,1.0,1.0,0.6217005370938139,3.2,2.1,1.1,0.0,0.20964912280701753
9,11.0,1.0,1.0,1.0,1.0,1.0,0.6673224798734513,3.4,2.2,1.2,0.0,0.2166666666666667
10,12.0,1.0,1.0,1.0,1.0,1.0,0.6696025484862268,5.1,3.05,1.85,0.0,0.14493734335839598
11,13.0,1.0,1.0,1.0,1.0,1.0,0.622466519671088,3.8,2.4,1.3,0.0,0.18350877192982457
12,14.0,1.0,1.0,1.0,1.0,1.0,0.618134397282994,3.9,2.45,1.4,-0.005263157894736842,0.21596491228070175
13,15.0,1.0,1.0,1.0,1.0,1.0,0.7218059867835018,4.1,2.55,1.35,0.0,0.17654135338345867
14,16.0,1.0,1.0,1.0,1.0,1.0,0.6768246434313656,4.4,2.7,1.45,-0.005263157894736842,0.20298245614035085
15,17.0,1.0,1.0,1.0,1.0,1.0,0.6840206287370477,3.7,2.35,1.3,0.005263157894736842,0.1583333333333333
16,18.0,1.0,1.0,1.0,1.0,1.0,0.744021794673131,3.7,2.35,1.25,-0.005263157894736842,0.14228070175438595
17,19.0,1.0,1.0,1.0,1.0,1.0,0.7872521338981594,3.6,2.3,1.25,0.0,0.12710526315789472
18,20.0,1.0,1.0,1.0,1.0,1.0,0.8380123588716667,3.3,2.15,1.15,0.0,0.16228070175438597
19,21.0,1.0,1.0,1.0,1.0,1.0,0.8290323900892315,3.7,2.35,1.25,0.0,0.13719298245614034
20,22.0,1.0,1.0,1.0,1.0,1.0,0.9145749803682988,4.2,2.6,1.5,0.0,0.1067878028404344
21,23.0,1.0,1.0,1.0,1.0,1.0,0.8569042669832216,3.4,2.2,1.2,0.0,0.15087719298245614
22,24.0,1.0,1.0,1.0,1.0,1.0,0.8665383144058448,3.5,2.25,1.2,0.0,0.12210526315789473
23,25.0,1.0,1.0,1.0,1.0,1.0,0.8880896208383559,3.4,2.2,1.2,0.0,0.1
24,26.0,1.0,1.0,1.0,1.0,1.0,0.8913647915563722,3.4,2.2,1.2,0.0,0.11140350877192981
25,27.0,1.0,1.0,1.0,1.0,1.0,0.6893214895995621,3.9,2.45,1.45,0.0,0.1501754385964912
26,28.0,1.0,1.0,1.0,1.0,1.0,0.918905565222688,4.2,2.6,1.4,0.0,0.06728070175438597
27,29.0,1.0,1.0,1.0,1.0,1.0,0.8428299293165566,3.7,2.35,1.25,0.0,0.09517543859649122
28,30.0,1.0,1.0,1.0,1.0,1.0,0.7800107904579754,3.3,2.15,1.15,0.0,0.0956140350877193
29,31.0,1.0,1.0,1.0,1.0,1.0,0.9077357352936847,3.6,2.3,1.3,0.0,0.051754385964912275
30,32.0,1.0,1.0,1.0,1.0,1.0,0.9174269583883257,3.7,2.35,1.3,0.0,0.1232456140350877
31,33.0,1.0,1.0,1.0,1.0,1.0,0.8229966498342872,3.7,2.35,1.25,0.0,0.11421052631578947
32,34.0,1.0,1.0,1.0,1.0,1.0,0.8973037147585334,3.6,2.3,1.3,0.005263157894736842,0.10263157894736842
33,35.0,1.0,1.0,1.0,1.0,1.0,0.8706704264682452,4.1,2.55,1.4,0.0,0.07982456140350877
34,36.0,1.0,1.0,1.0,1.0,1.0,0.8207055151653162,3.4,2.2,1.15,0.0,0.09605263157894736
35,37.0,1.0,1.0,1.0,1.0,1.0,0.9120559759496786,3.4,2.2,1.15,0.0,0.08947368421052632
36,38.0,1.0,1.0,1.0,1.0,1.0,0.9556613596581504,3.5,2.25,1.2,-0.021052631578947368,0.08728070175438596
37,39.0,1.0,1.0,1.0,1.0,1.0,0.8574039042097074,4.3,2.65,1.4,0.0,0.075
38,40.0,1.0,1.0,1.0,1.0,1.0,0.9112158402995861,3.3,2.15,1.15,0.0,0.08157894736842106
39,41.0,1.0,1.0,1.0,1.0,1.0,0.7380379232300268,4.5,2.75,1.55,0.0,0.09452380952380952
40,42.0,1.0,1.0,1.0,1.0,1.0,0.9574413031827383,3.3,2.15,1.15,0.0,0.07982456140350877
41,43.0,1.0,1.0,1.0,1.0,1.0,0.8233392646050969,4.1,2.55,1.45,0.0,0.10412280701754385
42,44.0,1.0,1.0,1.0,1.0,1.0,0.9494283121821221,3.8,2.4,1.3,0.005263157894736842,0.06508771929824561
43,45.0,1.0,1.0,1.0,1.0,1.0,0.8095939001123952,4.2,2.6,1.55,0.0,0.06464912280701754
44,46.0,1.0,1.0,1.0,1.0,1.0,0.9146558887367959,3.5,2.25,1.2,0.0,0.09166666666666666
45,47.0,1.0,1.0,1.0,1.0,1.0,0.9104171861136179,3.4,2.2,1.15,0.0,0.07456140350877193
46,48.0,1.0,1.0,1.0,1.0,1.0,0.7440020440401377,3.8,2.4,1.35,0.0,0.10350877192982455
47,49.0,1.0,1.0,1.0,1.0,1.0,0.929323049273278,3.6,2.3,1.25,0.0,0.09456140350877192
48,50.0,1.0,1.0,1.0,1.0,1.0,0.7608202452018641,4.0,2.5,1.35,0.0,0.09197368421052632
49,51.0,1.0,1.0,1.0,1.0,1.0,1.023702001045524,4.0,2.5,1.4,0.0,0.05192982456140351
50,52.0,1.0,1.0,1.0,1.0,1.0,0.8699367275916899,3.7,2.35,1.25,0.0,0.09605263157894736
51,53.0,1.0,1.0,1.0,1.0,1.0,0.9970462304213121,3.5,2.25,1.15,0.0,0.07473684210526316
52,54.0,1.0,1.0,1.0,1.0,1.0,0.9175274868470179,3.4,2.2,1.2,0.0,0.07368421052631578
53,55.0,1.0,1.0,1.0,1.0,1.0,0.9287566492061909,3.2,2.1,1.05,0.0,0.09298245614035086
54,56.0,1.0,1.0,1.0,1.0,1.0,0.9583539219601543,3.5,2.25,1.2,0.0,0.11929824561403507
55,57.0,1.0,1.0,1.0,1.0,1.0,1.0616452374075147,3.4,2.2,1.15,0.0,0.045614035087719294
56,58.0,1.0,1.0,1.0,1.0,1.0,1.0332453020603318,3.7,2.35,1.25,0.0,0.05526315789473684
57,59.0,1.0,1.0,1.0,1.0,1.0,0.8894848987571565,3.6,2.3,1.25,0.0,0.10324561403508772
58,60.0,1.0,1.0,1.0,1.0,1.0,1.1237829753743236,3.9,2.45,1.3,0.0,0.04394736842105262
59,61.0,1.0,1.0,1.0,1.0,1.0,1.132192803800299,3.2,2.1,1.1,0.0,0.07105263157894737
60,62.0,1.0,1.0,1.0,1.0,1.0,0.9371895956942583,3.6,2.3,1.2,0.0,0.08789473684210526
61,63.0,1.0,1.0,1.0,1.0,1.0,1.122313139402873,3.2,2.1,1.05,0.0,0.054385964912280704
62,64.0,1.0,1.0,1.0,1.0,1.0,1.1492649629906433,3.6,2.3,1.25,0.0,0.042105263157894736
63,65.0,1.0,1.0,1.0,1.0,1.0,1.0578399746336982,3.1,2.05,1.05,0.0,0.09210526315789473
64,66.0,1.0,1.0,1.0,1.0,1.0,0.8123934912249569,4.1,2.55,1.4,0.0,0.06833333333333333
65,67.0,1.0,1.0,1.0,1.0,1.0,0.9407933221864839,3.8,2.4,1.3,0.0,0.09359649122807016
66,68.0,1.0,1.0,1.0,1.0,1.0,1.1026951669394243,3.5,2.25,1.25,0.0,0.04385964912280701
67,69.0,1.0,1.0,1.0,1.0,1.0,1.0461019462270034,3.6,2.3,1.25,0.0,0.060526315789473685
68,70.0,1.0,1.0,1.0,1.0,1.0,1.0303136672040918,3.5,2.25,1.2,0.0,0.05526315789473684
69,71.0,1.0,1.0,1.0,1.0,1.0,0.9136223135090441,3.6,2.3,1.25,0.0,0.0881578947368421
70,72.0,1.0,1.0,1.0,1.0,1.0,1.0630956576130957,3.6,2.3,1.25,0.0,0.06140350877192982
71,73.0,1.0,1.0,1.0,1.0,1.0,1.0533545075821502,3.5,2.25,1.2,0.0,0.039473684210526314
72,74.0,1.0,1.0,1.0,1.0,1.0,1.1285899449459833,3.3,2.15,1.15,0.0,0.05789473684210526
73,75.0,1.0,1.0,1.0,1.0,1.0,1.1342491086795228,3.3,2.15,1.15,0.0,0.03333333333333333
74,76.0,1.0,1.0,1.0,1.0,1.0,1.20577353789439,3.5,2.25,1.25,0.0,0.03070175438596491
75,77.0,1.0,1.0,1.0,1.0,1.0,1.123261316960435,3.4,2.2,1.15,0.0,0.05701754385964912
76,78.0,1.0,1.0,1.0,1.0,1.0,1.0245522611325881,3.1,2.05,1.05,0.0,0.08157894736842106
77,79.0,1.0,1.0,1.0,1.0,1.0,1.0903093518915017,3.7,2.35,1.3,0.0,0.060526315789473685
78,80.0,1.0,1.0,1.0,1.0,1.0,1.215406047734826,3.7,2.35,1.3,0.0,0.04473684210526316
79,81.0,1.0,1.0,1.0,1.0,1.0,1.0623515948125604,3.2,2.1,1.05,0.0,0.07192982456140351
80,82.0,1.0,1.0,1.0,1.0,1.0,1.1628570381608399,3.2,2.1,1.1,0.0,0.05614035087719298
81,83.0,1.0,1.0,1.0,1.0,1.0,1.1052419626529821,3.5,2.25,1.2,0.0,0.04342105263157895
82,84.0,1.0,1.0,1.0,1.0,1.0,1.0096647033512411,4.2,2.6,1.4,0.0,0.05271929824561403
83,85.0,1.0,1.0,1.0,1.0,1.0,1.1185805280828005,3.2,2.1,1.1,0.0,0.04473684210526316
84,86.0,1.0,1.0,1.0,1.0,1.0,1.075393580544519,3.2,2.1,1.05,0.0,0.04912280701754386
85,87.0,1.0,1.0,1.0,1.0,1.0,1.0551368830883217,3.1,2.05,1.05,0.0,0.08947368421052632
86,88.0,1.0,1.0,1.0,1.0,1.0,1.1013284698720749,3.6,2.3,1.2,0.0,0.05236842105263158
87,89.0,1.0,1.0,1.0,1.0,1.0,1.1870568158293546,3.5,2.25,1.2,0.0,0.046491228070175444
88,90.0,1.0,1.0,1.0,1.0,1.0,1.0797055566435179,3.2,2.1,1.1,0.0,0.06315789473684211
89,91.0,1.0,1.0,1.0,1.0,1.0,0.8660212214948562,3.2,2.1,1.1,0.0,0.09736842105263158
90,92.0,1.0,1.0,1.0,1.0,1.0,1.272692915019234,3.2,2.1,1.1,0.0,0.02894736842105263
91,93.0,1.0,1.0,1.0,1.0,1.0,1.1142050681989182,3.4,2.2,1.2,0.0,0.04736842105263158
92,94.0,1.0,1.0,1.0,1.0,1.0,1.1021159900432609,4.0,2.5,1.4,0.0,0.02192982456140351
93,95.0,1.0,1.0,1.0,1.0,1.0,1.0792565297434087,3.5,2.25,1.25,0.0,0.04078947368421053
94,96.0,1.0,1.0,1.0,1.0,1.0,1.1143547872921578,3.7,2.35,1.25,0.0,0.04780701754385965
95,97.0,1.0,1.0,1.0,1.0,1.0,1.1820806332913742,3.6,2.3,1.3,0.0,0.029824561403508767
96,98.0,1.0,1.0,1.0,1.0,1.0,1.0606801068600857,3.5,2.25,1.25,0.0,0.042105263157894736
97,99.0,1.0,1.0,1.0,1.0,1.0,0.9830805901482772,3.6,2.3,1.25,0.0,0.05789473684210526
98,100.0,1.0,1.0,1.0,1.0,1.0,1.0052326906341325,4.0,2.5,1.45,0.0,0.037894736842105266
99,101.0,1.0,1.0,1.0,1.0,1.0,1.2153549538570023,3.6,2.3,1.2,0.0,0.025877192982456138
100,102.0,1.0,1.0,1.0,1.0,1.0,1.0657670033438575,3.8,2.4,1.4,0.0,0.03877192982456141
101,103.0,1.0,1.0,1.0,1.0,1.0,0.9970151091609171,3.6,2.3,1.25,0.0,0.059649122807017535
102,104.0,1.0,1.0,1.0,1.0,1.0,1.078864630361095,3.3,2.15,1.15,0.0,0.03684210526315789
103,105.0,1.0,1.0,1.0,1.0,1.0,1.0178422913539074,3.8,2.4,1.35,0.0,0.056491228070175446
104,106.0,1.0,1.0,1.0,1.0,1.0,1.0473116884518128,4.0,2.5,1.45,0.0,0.04461152882205513
105,107.0,1.0,1.0,1.0,1.0,1.0,1.0835344064924175,3.3,2.15,1.15,0.0,0.05789473684210526
106,108.0,1.0,1.0,1.0,1.0,1.0,1.1682686623905598,3.8,2.4,1.35,0.0,0.037719298245614034
107,109.0,1.0,1.0,1.0,1.0,1.0,1.21523349655288,3.7,2.35,1.3,0.0,0.030263157894736843
108,110.0,1.0,1.0,1.0,1.0,1.0,1.0437451353875258,3.9,2.45,1.45,0.0,0.03640350877192982
109,111.0,1.0,1.0,1.0,1.0,1.0,1.1101995427567712,3.2,2.1,1.1,0.0,0.06842105263157895
110,112.0,1.0,1.0,1.0,1.0,1.0,1.0836287061713867,3.1,2.05,1.05,0.0,0.07631578947368421
111,113.0,1.0,1.0,1.0,1.0,1.0,1.0178319307146013,3.6,2.3,1.3,0.0,0.050877192982456146
112,114.0,1.0,1.0,1.0,1.0,1.0,1.0168558841169646,3.6,2.3,1.3,0.0,0.05263157894736842
113,115.0,1.0,1.0,1.0,1.0,1.0,0.9004160385951135,3.4,2.2,1.2,0.0,0.07894736842105263
114,116.0,1.0,1.0,1.0,1.0,1.0,1.1136742542063742,3.7,2.35,1.3,0.0,0.03464912280701754
115,117.0,1.0,1.0,1.0,1.0,1.0,1.295168940022633,3.1,2.05,1.05,0.0,0.039473684210526314
116,118.0,1.0,1.0,1.0,1.0,1.0,1.0996751131406415,3.4,2.2,1.2,0.0,0.0587719298245614
117,119.0,1.0,1.0,1.0,1.0,1.0,1.0417755240735898,3.3,2.15,1.15,0.0,0.05
118,120.0,1.0,1.0,1.0,1.0,1.0,1.0808699180204402,3.6,2.3,1.25,0.0,0.06394736842105263
119,121.0,1.0,1.0,1.0,1.0,1.0,0.9802107716147394,3.5,2.25,1.25,0.0,0.04912280701754385
120,122.0,1.0,1.0,1.0,1.0,1.0,1.0594046438992106,3.3,2.15,1.15,0.0,0.07017543859649124
121,123.0,1.0,1.0,1.0,1.0,1.0,1.0942909489483559,3.4,2.2,1.2,0.0,0.05526315789473684
122,124.0,1.0,1.0,1.0,1.0,1.0,1.0650959996305596,3.2,2.1,1.1,0.0,0.07894736842105263
123,125.0,1.0,1.0,1.0,1.0,1.0,1.0170674710811258,3.6,2.3,1.3,0.0,0.05526315789473684
124,126.0,1.0,1.0,1.0,1.0,1.0,1.1194662267321884,3.8,2.4,1.35,-0.005263157894736842,0.018859649122807017
125,127.0,1.0,1.0,1.0,1.0,1.0,1.0180626911668622,3.7,2.35,1.3,0.0,0.04824561403508772
126,128.0,1.0,1.0,1.0,1.0,1.0,1.1468943773044973,3.4,2.2,1.15,0.0,0.04473684210526316
127,129.0,1.0,1.0,1.0,1.0,1.0,1.0110895818184156,3.9,2.45,1.4,0.0,0.046052631578947366
128,130.0,1.0,1.0,1.0,1.0,1.0,1.1083187653222843,3.3,2.15,1.15,0.0,0.07368421052631578
129,131.0,1.0,1.0,1.0,1.0,1.0,1.2153089330925135,3.4,2.2,1.2,0.0,0.05263157894736842
130,132.0,1.0,1.0,1.0,1.0,1.0,0.9752802361336624,3.4,2.2,1.2,0.0,0.08771929824561402
131,133.0,1.0,1.0,1.0,1.0,1.0,1.0755294884907618,3.4,2.2,1.15,0.0,0.04912280701754385
132,134.0,1.0,1.0,1.0,1.0,1.0,1.237460396518089,3.5,2.25,1.25,0.0,0.015789473684210527
133,135.0,1.0,1.0,1.0,1.0,1.0,0.9716685609637167,3.7,2.35,1.35,0.0,0.059649122807017535
134,136.0,1.0,1.0,1.0,1.0,1.0,1.0719126407225794,3.3,2.15,1.15,0.0,0.07894736842105263
135,137.0,1.0,1.0,1.0,1.0,1.0,1.0302452722880557,3.5,2.25,1.2,0.0,0.05
136,138.0,1.0,1.0,1.0,1.0,1.0,1.0523550736607274,4.0,2.5,1.45,0.0,0.03859649122807017
137,139.0,1.0,1.0,1.0,1.0,1.0,1.2170349071934032,3.7,2.35,1.3,0.0,0.025
138,140.0,1.0,1.0,1.0,1.0,1.0,1.191658573690484,3.5,2.25,1.2,0.0,0.04035087719298245
139,141.0,1.0,1.0,1.0,1.0,1.0,0.9839162849631262,3.7,2.35,1.3,0.0,0.04035087719298245
140,142.0,1.0,1.0,1.0,1.0,1.0,1.0680405163419229,3.2,2.1,1.1,0.0,0.04385964912280701
141,143.0,1.0,1.0,1.0,1.0,1.0,1.104062971620899,3.4,2.2,1.2,0.0,0.07017543859649124
142,144.0,1.0,1.0,1.0,1.0,1.0,1.0541968072469914,3.3,2.15,1.15,0.0,0.05789473684210526
143,145.0,1.0,1.0,1.0,1.0,1.0,1.1269453804040037,3.1,2.05,1.05,0.0,0.04736842105263158
144,146.0,1.0,1.0,1.0,1.0,1.0,1.0306766096215274,3.6,2.3,1.25,0.0,0.04912280701754385
145,147.0,1.0,1.0,1.0,1.0,1.0,1.0946401901606793,3.8,2.4,1.35,0.0,0.04245614035087719
146,148.0,1.0,1.0,1.0,1.0,1.0,0.9837956912307743,3.8,2.4,1.35,0.0,0.06145363408521303
147,149.0,1.0,1.0,1.0,1.0,1.0,1.213374218635779,3.4,2.2,1.15,0.0,0.039473684210526314
148,150.0,1.0,1.0,1.0,1.0,1.0,1.0251704901576069,3.6,2.3,1.25,0.0,0.05263157894736842
149,151.0,1.0,1.0,1.0,1.0,1.0,1.1172141532495201,3.2,2.1,1.1,0.0,0.039473684210526314
150,152.0,1.0,1.0,1.0,1.0,1.0,1.1322958296873769,3.1,2.05,1.05,0.0,0.042105263157894736
151,153.0,1.0,1.0,1.0,1.0,1.0,1.1235383788019597,3.5,2.25,1.2,0.0,0.035964912280701755
152,154.0,1.0,1.0,1.0,1.0,1.0,0.9775981171738424,3.5,2.25,1.25,0.0,0.0675438596491228
153,155.0,1.0,1.0,1.0,1.0,1.0,1.0968981854464768,3.0,2.0,1.0,0.0,0.05263157894736842
154,156.0,1.0,1.0,1.0,1.0,1.0,1.1133119248067438,3.1,2.05,1.05,0.0,0.07105263157894737
155,157.0,1.0,1.0,1.0,1.0,1.0,1.170675703805557,3.8,2.4,1.3,0.0,0.031140350877192986
156,158.0,1.0,1.0,1.0,1.0,1.0,1.1429414359068004,3.2,2.1,1.1,0.0,0.04385964912280702
157,159.0,1.0,1.0,1.0,1.0,1.0,1.1061740482132563,3.9,2.45,1.4,0.0,0.017105263157894738
158,160.0,1.0,1.0,1.0,1.0,1.0,1.2178651855677929,3.7,2.35,1.35,0.005263157894736842,0.02631578947368421
159,161.0,1.0,1.0,1.0,1.0,1.0,1.019191134264927,3.7,2.35,1.3,0.0,0.056578947368421055
160,162.0,1.0,1.0,1.0,1.0,1.0,1.2390829843903113,3.5,2.25,1.25,0.0,0.018421052631578946
161,163.0,1.0,1.0,1.0,1.0,1.0,0.9539613160703379,4.1,2.55,1.5,-0.005263157894736842,0.03491228070175439
162,164.0,1.0,1.0,1.0,1.0,1.0,1.15896426362717,3.3,2.15,1.1,0.0,0.0543859649122807
163,165.0,1.0,1.0,1.0,1.0,1.0,1.1108956801705236,3.1,2.05,1.05,0.0,0.04736842105263158
164,166.0,1.0,1.0,1.0,1.0,1.0,1.267605144798175,3.3,2.15,1.15,0.0,0.017543859649122806
165,2.0,1.0,1.0,1.0,1.0,1.0,0.32685525252089315,6.8,3.9,2.15,-0.005263157894736842,0.7394736842105263
166,3.0,1.0,1.0,1.0,1.0,1.0,0.32087026966954774,13.1,7.05,3.85,-0.015789473684210527,0.6824561403508771
167,4.0,1.0,1.0,1.0,1.0,1.0,0.43489782944157973,4.0,2.5,1.3,0.0,0.37938596491228077
168,5.0,1.0,1.0,1.0,1.0,1.0,0.576765987246547,3.4,2.2,1.1,0.0,0.39561403508771925
169,6.0,1.0,1.0,1.0,1.0,1.0,0.6314570561864697,3.0,2.0,1.0,0.0,0.21578947368421053
170,7.0,1.0,1.0,1.0,1.0,1.0,0.6578701464650731,3.3,2.15,1.15,0.0,0.2245614035087719
171,8.0,1.0,1.0,1.0,1.0,1.0,0.6283673970428253,3.3,2.15,1.1,0.0,0.2013157894736842
172,9.0,1.0,1.0,1.0,1.0,1.0,0.6203628701909871,3.1,2.05,1.05,0.0,0.2131578947368421
173,10.0,1.0,1.0,1.0,1.0,1.0,0.6711420058804737,3.6,2.3,1.25,0.0,0.18596491228070172
174,11.0,1.0,1.0,1.0,1.0,1.0,0.5381661726783695,3.9,2.45,1.4,0.0,0.18543859649122807
175,12.0,1.0,1.0,1.0,1.0,1.0,0.6520854310964875,4.8,2.9,1.7,0.0,0.1891228070175439
176,13.0,1.0,1.0,1.0,1.0,1.0,0.6295044791852654,3.7,2.35,1.3,0.0,0.175
177,14.0,1.0,1.0,1.0,1.0,1.0,0.5918354682525887,4.7,2.85,1.75,0.005263157894736842,0.19962406015037595
178,15.0,1.0,1.0,1.0,1.0,1.0,0.7129543569409872,4.3,2.65,1.5,0.0,0.17842105263157898
179,16.0,1.0,1.0,1.0,1.0,1.0,0.6063131299378158,3.2,2.1,1.1,0.0,0.2070175438596491
180,17.0,1.0,1.0,1.0,1.0,1.0,0.6579307057129931,4.9,2.95,1.7,0.0,0.175062656641604
181,18.0,1.0,1.0,1.0,1.0,1.0,0.6440527091114825,4.5,2.75,1.6,0.0,0.17251879699248118
182,19.0,1.0,1.0,1.0,1.0,1.0,0.7480138733817528,3.8,2.4,1.4,0.0,0.16622807017543859
183,20.0,1.0,1.0,1.0,1.0,1.0,0.568353784652213,4.0,2.5,1.35,0.0,0.17834586466165414
184,21.0,1.0,1.0,1.0,1.0,1.0,0.7927177460470387,4.7,2.85,1.75,-5.1684038246188465e-05,0.12699248120300752
185,22.0,1.0,1.0,1.0,1.0,1.0,0.623109923785437,4.6,2.8,1.6,-0.031578947368421054,0.1387218045112782
186,23.0,1.0,1.0,1.0,1.0,1.0,0.6002826165442524,4.3,2.65,1.55,0.0,0.19882205513784462
187,24.0,1.0,1.0,1.0,1.0,1.0,0.7538393630357938,4.3,2.65,1.5,-0.021052631578947368,0.13395989974937342
188,25.0,1.0,1.0,1.0,1.0,1.0,0.7447016652300101,3.9,2.45,1.4,0.0,0.16289473684210526
189,26.0,1.0,1.0,1.0,1.0,1.0,0.8606701858483945,3.6,2.3,1.2,0.0,0.1324561403508772
190,27.0,1.0,1.0,1.0,1.0,1.0,0.7555658557842888,4.2,2.6,1.5,0.0,0.10618421052631577
191,28.0,1.0,1.0,1.0,1.0,1.0,0.7819738591462457,4.1,2.55,1.45,0.0,0.11228070175438595
192,29.0,1.0,1.0,1.0,1.0,1.0,0.8158292531028392,3.8,2.4,1.3,0.0,0.09780701754385965
193,30.0,1.0,1.0,1.0,1.0,1.0,0.8067692868501813,4.1,2.55,1.55,-0.015789473684210527,0.08201754385964911
194,31.0,1.0,1.0,1.0,1.0,1.0,0.7284816466038778,4.4,2.7,1.7,0.0,0.09605263157894736
195,32.0,1.0,1.0,1.0,1.0,1.0,0.8125738263207086,3.8,2.4,1.3,0.0,0.1326315789473684
196,33.0,1.0,1.0,1.0,1.0,1.0,0.750096036329405,4.9,2.95,1.75,0.0,0.08252088554720134
197,34.0,1.0,1.0,1.0,1.0,1.0,0.8606562866739218,4.5,2.75,1.6,0.0,0.09473684210526316
198,35.0,1.0,1.0,1.0,1.0,1.0,0.8944028008939507,4.3,2.65,1.5,0.0,0.12543859649122807
199,36.0,1.0,1.0,1.0,1.0,1.0,0.8652853727609191,3.6,2.3,1.2,-0.005263157894736842,0.1087719298245614
200,37.0,1.0,1.0,1.0,1.0,1.0,0.8211944864988039,4.0,2.5,1.35,0.0,0.11578947368421053
201,38.0,1.0,1.0,1.0,1.0,1.0,0.7951176902653658,4.1,2.55,1.35,0.0,0.09964912280701754
202,39.0,1.0,1.0,1.0,1.0,1.0,0.7353672634611013,4.4,2.7,1.5,0.0,0.07903508771929824
203,40.0,1.0,1.0,1.0,1.0,1.0,0.8282553370618596,4.2,2.6,1.45,0.0,0.0731578947368421
204,41.0,1.0,1.0,1.0,1.0,1.0,0.8214163595301816,4.0,2.5,1.5,0.0,0.11096491228070175
205,42.0,1.0,1.0,1.0,1.0,1.0,0.6689966185719683,4.0,2.5,1.45,0.0,0.1269298245614035
206,43.0,1.0,1.0,1.0,1.0,1.0,0.7962827685202075,4.0,2.5,1.45,0.0,0.14026315789473684
207,44.0,1.0,1.0,1.0,1.0,1.0,0.7438232336307241,3.8,2.4,1.4,-0.005263157894736842,0.12719298245614033
208,45.0,1.0,1.0,1.0,1.0,1.0,0.7895157427909733,4.6,2.8,1.7,0.0,0.08136591478696742
209,46.0,1.0,1.0,1.0,1.0,1.0,0.8370208521413723,5.1,3.05,1.75,0.0,0.08614035087719299
210,47.0,1.0,1.0,1.0,1.0,1.0,0.789920523060997,4.0,2.5,1.4,0.0,0.1047953216374269
211,48.0,1.0,1.0,1.0,1.0,1.0,0.7131955180720859,4.3,2.65,1.6,0.0,0.10771929824561405
212,49.0,1.0,1.0,1.0,1.0,1.0,0.7647114409981277,3.9,2.45,1.35,0.0,0.12307017543859648
213,50.0,1.0,1.0,1.0,1.0,1.0,0.8116125443887694,4.1,2.55,1.45,0.0,0.12982456140350876
214,51.0,1.0,1.0,1.0,1.0,1.0,0.7808328657288487,3.2,2.1,1.1,-0.005263157894736842,0.10789473684210527
215,52.0,1.0,1.0,1.0,1.0,1.0,0.7685998411842614,4.7,2.85,1.65,-0.005263157894736842,0.06412280701754386
216,53.0,1.0,1.0,1.0,1.0,1.0,0.7576544696347405,4.2,2.6,1.6,0.0,0.07771929824561404
217,54.0,1.0,1.0,1.0,1.0,1.0,0.7236807730142186,4.3,2.65,1.5,0.0,0.09309106098579785
218,55.0,1.0,1.0,1.0,1.0,1.0,0.8410911821395753,3.8,2.4,1.3,0.0,0.08324561403508772
219,56.0,1.0,1.0,1.0,1.0,1.0,0.7303725189731755,5.5,3.25,2.0,-0.005263157894736842,0.06643483709273182
220,57.0,1.0,1.0,1.0,1.0,1.0,0.7292314288816905,4.2,2.6,1.5,0.0,0.09499999999999999
221,58.0,1.0,1.0,1.0,1.0,1.0,0.9068934451782318,4.1,2.55,1.45,-0.005263157894736842,0.07254385964912281
222,59.0,1.0,1.0,1.0,1.0,1.0,0.8410754239637047,4.4,2.7,1.65,0.0,0.08557017543859649
223,60.0,1.0,1.0,1.0,1.0,1.0,0.825234014670885,5.3,3.15,1.95,-0.005263157894736842,0.04779030910609857
224,61.0,1.0,1.0,1.0,1.0,1.0,0.8619689281902766,4.5,2.75,1.55,-0.005263157894736842,0.06473684210526316
225,62.0,1.0,1.0,1.0,1.0,1.0,0.7570999862191712,5.1,3.05,1.9,-0.005263157894736842,0.07861528822055137
226,63.0,1.0,1.0,1.0,1.0,1.0,1.0069916315450829,4.2,2.6,1.55,-0.021052631578947368,0.06333333333333334
227,64.0,1.0,1.0,1.0,1.0,1.0,0.8162401109517413,3.7,2.35,1.35,-0.005263157894736842,0.1175438596491228
228,65.0,1.0,1.0,1.0,1.0,1.0,0.8352562023604067,3.5,2.25,1.25,0.0,0.09561403508771929
229,66.0,1.0,1.0,1.0,1.0,1.0,0.7935973707673497,4.5,2.75,1.6,0.0,0.07576023391812867
230,67.0,1.0,1.0,1.0,1.0,1.0,0.7633665652394566,4.5,2.75,1.6,-0.015789473684210527,0.07649122807017543
231,68.0,1.0,1.0,1.0,1.0,1.0,0.7500634999099575,4.8,2.9,1.85,0.005263157894736842,0.07535087719298246
232,69.0,1.0,1.0,1.0,1.0,1.0,0.8027105733567061,4.3,2.65,1.55,0.0,0.0681578947368421
233,70.0,1.0,1.0,1.0,1.0,1.0,0.9422432958720283,3.9,2.45,1.45,0.0,0.06596491228070175
234,71.0,1.0,1.0,1.0,1.0,1.0,0.9128154637727517,3.9,2.45,1.4,0.0,0.05499999999999999
235,72.0,1.0,1.0,1.0,1.0,1.0,0.8859769094795724,4.1,2.55,1.55,0.0,0.06710526315789474
236,73.0,1.0,1.0,1.0,1.0,1.0,0.8337580564151826,3.7,2.35,1.3,0.0,0.06947368421052631
237,74.0,1.0,1.0,1.0,1.0,1.0,0.8491498078930345,4.9,2.95,1.9,0.005245929881988113,0.045576441102756896
238,75.0,1.0,1.0,1.0,1.0,1.0,0.8246765669531428,4.7,2.85,1.75,0.0,0.07702380952380952
239,76.0,1.0,1.0,1.0,1.0,1.0,0.8347177372437591,4.6,2.8,1.75,-0.005263157894736842,0.04607142857142857
240,77.0,1.0,1.0,1.0,1.0,1.0,0.7381070649368862,3.8,2.4,1.35,0.0,0.07894736842105263
241,78.0,1.0,1.0,1.0,1.0,1.0,0.9044541297509939,4.6,2.8,1.6,0.005263157894736842,0.04800125313283208
242,79.0,1.0,1.0,1.0,1.0,1.0,0.7566833391576805,4.5,2.75,1.7,0.005263157894736842,0.06505012531328319
243,80.0,1.0,1.0,1.0,1.0,1.0,0.6772159798578693,5.2,3.1,2.0,-0.005263157894736842,0.04978070175438596
244,81.0,1.0,1.0,1.0,1.0,1.0,0.9149874264055865,3.8,2.4,1.35,-0.005263157894736842,0.09736842105263158
245,82.0,1.0,1.0,1.0,1.0,1.0,0.7621530425879507,3.9,2.45,1.45,0.0,0.09710526315789474
246,83.0,1.0,1.0,1.0,1.0,1.0,0.8740055014057365,3.8,2.4,1.35,0.0,0.0807017543859649
247,84.0,1.0,1.0,1.0,1.0,1.0,0.9356064055408214,3.6,2.3,1.25,-0.005263157894736842,0.06710526315789474
248,85.0,1.0,1.0,1.0,1.0,1.0,0.7829507085080593,3.6,2.3,1.3,0.0,0.08157894736842106
249,86.0,1.0,1.0,1.0,1.0,1.0,0.7802202863865684,4.4,2.7,1.55,0.0,0.04929824561403509
250,87.0,1.0,1.0,1.0,1.0,1.0,0.7936717032735126,3.9,2.45,1.45,0.0,0.1043859649122807
251,88.0,1.0,1.0,1.0,1.0,1.0,0.8034621593922404,3.8,2.4,1.35,0.0,0.05842105263157896
252,89.0,1.0,1.0,1.0,1.0,1.0,1.0044946085690671,4.2,2.6,1.55,-0.005263157894736842,0.03350877192982456
253,90.0,1.0,1.0,1.0,1.0,1.0,0.8809317192499054,4.0,2.5,1.45,0.0,0.06798245614035088
254,91.0,1.0,1.0,1.0,1.0,1.0,0.8675070805618729,3.8,2.4,1.4,0.0,0.05499999999999999
255,92.0,1.0,1.0,1.0,1.0,1.0,0.8398837969078811,3.9,2.45,1.35,0.0,0.059824561403508766
256,93.0,1.0,1.0,1.0,1.0,1.0,0.8290243067607014,3.7,2.35,1.35,0.0,0.0868421052631579
257,94.0,1.0,1.0,1.0,1.0,1.0,0.9030336694889666,4.0,2.5,1.5,0.0,0.056578947368421055
258,95.0,1.0,1.0,1.0,1.0,1.0,0.8873631402760586,4.1,2.55,1.55,-0.005263157894736842,0.06394736842105263
259,96.0,1.0,1.0,1.0,1.0,1.0,1.0138490961413673,3.7,2.35,1.3,0.0,0.06842105263157895
260,97.0,1.0,1.0,1.0,1.0,1.0,0.8964479646020326,4.7,2.85,1.55,0.0,0.047593984962406015
261,98.0,1.0,1.0,1.0,1.0,1.0,1.0070502025400887,4.1,2.55,1.45,0.005263157894736842,0.03324561403508772
262,99.0,1.0,1.0,1.0,1.0,1.0,0.7704224433485463,4.2,2.6,1.5,0.0,0.052456140350877194
263,100.0,1.0,1.0,1.0,1.0,1.0,0.8927914152930505,3.8,2.4,1.4,0.0,0.06201754385964911
264,101.0,1.0,1.0,1.0,1.0,1.0,0.9395633630545325,3.8,2.4,1.35,0.0,0.056578947368421055
265,102.0,1.0,1.0,1.0,1.0,1.0,0.8370102242306919,4.0,2.5,1.45,0.005263157894736842,0.06807017543859649
266,103.0,1.0,1.0,1.0,1.0,1.0,0.9711568479384081,3.8,2.4,1.35,0.0,0.07649122807017544
267,104.0,1.0,1.0,1.0,1.0,1.0,0.9802355150631638,4.0,2.5,1.45,0.0,0.05399749373433584
268,105.0,1.0,1.0,1.0,1.0,1.0,0.9006321519101635,4.0,2.5,1.5,0.0,0.051754385964912275
269,106.0,1.0,1.0,1.0,1.0,1.0,0.8267792389252089,3.6,2.3,1.25,0.0,0.075
270,107.0,1.0,1.0,1.0,1.0,1.0,0.9603222682363827,3.3,2.15,1.1,0.0,0.08245614035087719
271,108.0,1.0,1.0,1.0,1.0,1.0,0.9678008333239725,3.8,2.4,1.3,0.0,0.06578947368421052
272,109.0,1.0,1.0,1.0,1.0,1.0,0.968101570575108,4.4,2.7,1.55,0.0,0.0487719298245614
273,110.0,1.0,1.0,1.0,1.0,1.0,0.9482205145165462,3.5,2.25,1.25,0.0,0.07719298245614035
274,111.0,1.0,1.0,1.0,1.0,1.0,0.9989281814715716,4.0,2.5,1.4,0.0,0.05
275,112.0,1.0,1.0,1.0,1.0,1.0,0.9172443499652415,4.3,2.65,1.6,-0.015789473684210527,0.035526315789473684
276,113.0,1.0,1.0,1.0,1.0,1.0,1.018413709332052,4.6,2.8,1.75,-0.005263157894736842,0.033558897243107774
277,114.0,1.0,1.0,1.0,1.0,1.0,0.9662625324046269,3.7,2.35,1.35,0.0,0.04666666666666667
278,115.0,1.0,1.0,1.0,1.0,1.0,0.952182450051936,3.4,2.2,1.15,0.0,0.05701754385964912
279,116.0,1.0,1.0,1.0,1.0,1.0,0.9013015167880561,4.3,2.65,1.5,-0.005263157894736842,0.06395989974937343
280,117.0,1.0,1.0,1.0,1.0,1.0,1.0238024641363737,4.2,2.6,1.45,0.0,0.045526315789473686
281,118.0,1.0,1.0,1.0,1.0,1.0,1.1154067915770605,3.6,2.3,1.25,0.0,0.034210526315789476
282,119.0,1.0,1.0,1.0,1.0,1.0,0.9790429105478903,3.7,2.35,1.3,0.0,0.04473684210526316
283,120.0,1.0,1.0,1.0,1.0,1.0,1.0094452667694735,4.2,2.6,1.5,0.0,0.03543859649122807
284,121.0,1.0,1.0,1.0,1.0,1.0,1.001528713734648,3.5,2.25,1.2,0.0,0.05921052631578947
285,122.0,1.0,1.0,1.0,1.0,1.0,0.9147300323476268,3.8,2.4,1.35,0.0,0.06710526315789474
286,123.0,1.0,1.0,1.0,1.0,1.0,0.9316979233247434,4.1,2.55,1.5,0.005263157894736842,0.05964912280701755
287,124.0,1.0,1.0,1.0,1.0,1.0,0.9327784524252316,3.8,2.4,1.3,0.0,0.04912280701754385
288,125.0,1.0,1.0,1.0,1.0,1.0,1.0154523205680483,3.8,2.4,1.35,0.0,0.03508771929824562
289,126.0,1.0,1.0,1.0,1.0,1.0,1.127347964188556,3.8,2.4,1.35,0.0,0.02807017543859649
290,127.0,1.0,1.0,1.0,1.0,1.0,1.169601962079008,3.2,2.1,1.1,0.0,0.042105263157894736
291,128.0,1.0,1.0,1.0,1.0,1.0,1.1031945763623074,3.7,2.35,1.3,0.0,0.03333333333333334
292,129.0,1.0,1.0,1.0,1.0,1.0,1.1116940917254563,3.5,2.25,1.25,0.0,0.04385964912280701
293,130.0,1.0,1.0,1.0,1.0,1.0,0.9794844498222726,3.9,2.45,1.4,-0.005263157894736842,0.04451754385964913
294,131.0,1.0,1.0,1.0,1.0,1.0,1.081820401346742,3.5,2.25,1.25,0.0,0.06228070175438597
295,132.0,1.0,1.0,1.0,1.0,1.0,1.079222567888092,3.9,2.45,1.4,0.0,0.04342105263157895
296,133.0,1.0,1.0,1.0,1.0,1.0,0.9918744760122279,4.0,2.5,1.5,0.0,0.05394736842105263
297,134.0,1.0,1.0,1.0,1.0,1.0,1.1010700552732209,3.9,2.45,1.35,0.0,0.02719298245614035
298,135.0,1.0,1.0,1.0,1.0,1.0,1.0550089590346379,3.7,2.35,1.35,0.0,0.05263157894736842
299,136.0,1.0,1.0,1.0,1.0,1.0,0.9036438092338628,3.7,2.35,1.3,0.0,0.046052631578947366
300,137.0,1.0,1.0,1.0,1.0,1.0,1.1261879618389883,3.4,2.2,1.15,0.0,0.04035087719298245
301,138.0,1.0,1.0,1.0,1.0,1.0,1.0780744125052424,3.3,2.15,1.1,0.0,0.04385964912280701
302,139.0,1.0,1.0,1.0,1.0,1.0,1.1755329487853092,3.3,2.15,1.15,0.0,0.05789473684210526
303,140.0,1.0,1.0,1.0,1.0,1.0,1.1415769023779454,3.8,2.4,1.4,0.0,0.021842105263157895
304,141.0,1.0,1.0,1.0,1.0,1.0,1.0980518721044212,3.7,2.35,1.25,0.0,0.034210526315789476
305,142.0,1.0,1.0,1.0,1.0,1.0,1.1216026899276135,3.2,2.1,1.1,0.0,0.059649122807017535
306,143.0,1.0,1.0,1.0,1.0,1.0,0.9790552931889158,3.1,2.05,1.05,0.0,0.10526315789473684
307,144.0,1.0,1.0,1.0,1.0,1.0,1.0321709709277127,3.7,2.35,1.3,-0.005263157894736842,0.04228070175438597
308,145.0,1.0,1.0,1.0,1.0,1.0,1.1003861781925741,3.8,2.4,1.3,0.0,0.03657894736842105
309,146.0,1.0,1.0,1.0,1.0,1.0,1.0255791650789394,3.8,2.4,1.35,-0.015789473684210527,0.03859649122807017
310,147.0,1.0,1.0,1.0,1.0,1.0,1.285440843167474,3.4,2.2,1.15,0.0,0.021052631578947368
311,148.0,1.0,1.0,1.0,1.0,1.0,1.2261158607818476,3.4,2.2,1.2,0.0,0.03684210526315789
312,149.0,1.0,1.0,1.0,1.0,1.0,0.9099774043764667,3.2,2.1,1.1,0.0,0.09736842105263158
313,150.0,1.0,1.0,1.0,1.0,1.0,1.1499309512226086,3.5,2.25,1.2,0.0,0.042105263157894736
314,151.0,1.0,1.0,1.0,1.0,1.0,1.173439127885856,3.5,2.25,1.25,0.0,0.04473684210526316
315,152.0,1.0,1.0,1.0,1.0,1.0,1.0198817582694757,4.0,2.5,1.4,0.0,0.05982456140350877
316,153.0,1.0,1.0,1.0,1.0,1.0,1.2480734310223731,3.5,2.25,1.15,0.0,0.029824561403508767
317,154.0,1.0,1.0,1.0,1.0,1.0,1.0569256134522642,3.6,2.3,1.25,0.0,0.035964912280701755
318,155.0,1.0,1.0,1.0,1.0,1.0,1.2059646054421609,3.0,2.0,1.0,0.0,0.04736842105263158
319,156.0,1.0,1.0,1.0,1.0,1.0,1.0536563000639922,3.6,2.3,1.25,0.0,0.029824561403508767
320,157.0,1.0,1.0,1.0,1.0,1.0,1.2118563876182264,3.1,2.05,1.05,0.0,0.031578947368421054
321,158.0,1.0,1.0,1.0,1.0,1.0,1.133829700953914,3.3,2.15,1.15,0.0,0.05526315789473684
322,159.0,1.0,1.0,1.0,1.0,1.0,1.0971848754328586,3.3,2.15,1.15,0.0,0.060526315789473685
323,160.0,1.0,1.0,1.0,1.0,1.0,1.255183248990084,3.2,2.1,1.05,0.0,0.03508771929824561
324,161.0,1.0,1.0,1.0,1.0,1.0,1.0677229776654995,3.6,2.3,1.25,0.0,0.035526315789473684
325,162.0,1.0,1.0,1.0,1.0,1.0,1.1355050124553123,3.5,2.25,1.2,0.0,0.030263157894736843
326,163.0,1.0,1.0,1.0,1.0,1.0,1.1457843160583583,3.4,2.2,1.15,0.0,0.06578947368421052
327,164.0,1.0,1.0,1.0,1.0,1.0,1.111696475248146,3.7,2.35,1.35,0.0,0.03289473684210526
328,165.0,1.0,1.0,1.0,1.0,1.0,0.9854153726002538,3.4,2.2,1.15,0.0,0.08026315789473684
329,166.0,1.0,1.0,1.0,1.0,1.0,1.0913173944683832,3.6,2.3,1.3,0.0,0.0337719298245614
330,2.0,1.0,1.0,1.0,1.0,1.0,0.27721040877935976,5.4,3.2,2.0,0.0,0.7394736842105263
331,3.0,1.0,1.0,1.0,1.0,1.0,0.38368871123563947,5.6,3.3,2.3,0.0,0.6368421052631579
332,4.0,1.0,1.0,1.0,1.0,1.0,0.4154194129497839,7.1,4.05,2.7,0.0,0.493859649122807
333,5.0,1.0,1.0,1.0,1.0,1.0,0.286643693739164,6.9,3.95,2.25,0.031527263330174866,0.5610526315789474
334,6.0,1.0,1.0,1.0,1.0,1.0,0.4141643389305091,7.2,4.1,2.65,-0.005263157894736842,0.4554385964912281
335,7.0,1.0,1.0,1.0,1.0,1.0,0.3578270723232528,7.5,4.25,2.8,0.0,0.4285588972431078
336,8.0,1.0,1.0,1.0,1.0,1.0,0.36930661677844906,8.6,4.8,3.4,0.015789473684210527,0.353922305764411
337,9.0,1.0,1.0,1.0,1.0,1.0,0.36581036062337385,5.6,3.3,2.1,0.0,0.4763157894736842
338,10.0,1.0,1.0,1.0,1.0,1.0,0.356188411828438,5.7,3.35,2.3,0.0,0.41343984962406016
339,11.0,1.0,1.0,1.0,1.0,1.0,0.3681586847748387,7.4,4.2,2.75,-0.021052631578947368,0.33086675020885553
340,12.0,1.0,1.0,1.0,1.0,1.0,0.42073219768265685,7.6,4.3,3.0,-0.12112154362994229,0.2820279866332498
341,13.0,1.0,1.0,1.0,1.0,1.0,0.36711725363359493,6.9,3.95,2.65,-0.010526315789473684,0.3548454469507102
342,14.0,1.0,1.0,1.0,1.0,1.0,0.41673116954869516,6.1,3.55,2.35,-0.005263157894736842,0.2303696741854636
343,15.0,1.0,1.0,1.0,1.0,1.0,0.46752912006243724,7.3,4.15,2.9,-0.08422781090657679,0.21416913495860862
344,16.0,1.0,1.0,1.0,1.0,1.0,0.4134299144927943,5.3,3.15,2.05,-0.005263157894736842,0.20605263157894735
345,17.0,1.0,1.0,1.0,1.0,1.0,0.525883026879328,5.6,3.3,2.3,-0.010526315789473684,0.22417919799498745
346,18.0,1.0,1.0,1.0,1.0,1.0,0.4562886845899893,3.5,2.25,1.25,0.0,0.24868421052631579
347,19.0,1.0,1.0,1.0,1.0,1.0,0.6786612096476257,4.0,2.5,1.4,0.0,0.17719298245614035
348,20.0,1.0,1.0,1.0,1.0,1.0,0.6008434666476536,4.3,2.65,1.6,0.0,0.15982456140350879
349,21.0,1.0,1.0,1.0,1.0,1.0,0.7249464633317247,3.8,2.4,1.35,0.0,0.16798245614035087
350,22.0,1.0,1.0,1.0,1.0,1.0,0.6162596987466311,4.8,2.9,1.65,0.005263157894736842,0.14210526315789473
351,23.0,1.0,1.0,1.0,1.0,1.0,0.685013083189933,4.1,2.55,1.5,0.0,0.15754385964912282
352,24.0,1.0,1.0,1.0,1.0,1.0,0.7139652351231388,3.5,2.25,1.25,0.0,0.14561403508771928
353,25.0,1.0,1.0,1.0,1.0,1.0,0.6378133256782609,3.9,2.45,1.35,0.0,0.14578947368421055
354,26.0,1.0,1.0,1.0,1.0,1.0,0.5078264825142458,4.6,2.8,1.8,0.015789473684210527,0.12552631578947368
355,27.0,1.0,1.0,1.0,1.0,1.0,0.6794430306045779,4.3,2.65,1.6,-0.005263157894736842,0.14587719298245616
356,28.0,1.0,1.0,1.0,1.0,1.0,0.6118250060020296,4.3,2.65,1.5,0.005263157894736842,0.16359649122807016
357,29.0,1.0,1.0,1.0,1.0,1.0,0.5498208497091182,4.3,2.65,1.6,0.0,0.19885964912280701
358,30.0,1.0,1.0,1.0,1.0,1.0,0.6977710824457387,4.1,2.55,1.55,0.015789473684210527,0.15105263157894736
359,31.0,1.0,1.0,1.0,1.0,1.0,0.6836517080443397,5.2,3.1,1.95,-0.021052631578947368,0.10105263157894737
360,32.0,1.0,1.0,1.0,1.0,1.0,0.7049472584911389,4.3,2.65,1.55,0.0,0.09201754385964912
361,33.0,1.0,1.0,1.0,1.0,1.0,0.6878378272889831,3.8,2.4,1.35,0.0,0.16859649122807016
362,34.0,1.0,1.0,1.0,1.0,1.0,0.7691462543514904,4.2,2.6,1.6,0.0,0.11552631578947369
363,35.0,1.0,1.0,1.0,1.0,1.0,0.6247502199800296,4.2,2.6,1.55,0.0,0.1325438596491228
364,36.0,1.0,1.0,1.0,1.0,1.0,0.593154081646071,4.0,2.5,1.5,0.0,0.17061403508771927
365,37.0,1.0,1.0,1.0,1.0,1.0,0.7273280134807681,3.8,2.4,1.4,-0.005263157894736842,0.11929824561403507
366,38.0,1.0,1.0,1.0,1.0,1.0,0.5943752108089,4.8,2.9,1.75,0.0,0.12466165413533833
367,39.0,1.0,1.0,1.0,1.0,1.0,0.7647807837402737,3.8,2.4,1.35,0.0,0.12061403508771928
368,40.0,1.0,1.0,1.0,1.0,1.0,0.668159031596674,4.4,2.7,1.7,0.03156171935567232,0.09271929824561403
369,41.0,1.0,1.0,1.0,1.0,1.0,0.7432206485724685,3.9,2.45,1.45,0.0,0.1298245614035088
370,42.0,1.0,1.0,1.0,1.0,1.0,0.6334281899905304,4.7,2.85,1.75,0.0,0.09552631578947368
371,43.0,1.0,1.0,1.0,1.0,1.0,0.6784591854713922,4.4,2.7,1.7,0.0,0.1155263157894737
372,44.0,1.0,1.0,1.0,1.0,1.0,0.7021917335390001,4.3,2.65,1.55,-0.015789473684210527,0.11026315789473684
373,45.0,1.0,1.0,1.0,1.0,1.0,0.7489056660962101,4.1,2.55,1.45,0.0,0.09596491228070174
374,46.0,1.0,1.0,1.0,1.0,1.0,0.752011347552691,3.7,2.35,1.35,0.0,0.10263157894736842
375,47.0,1.0,1.0,1.0,1.0,1.0,0.7552773916297459,4.5,2.75,1.7,0.0,0.0918107769423559
376,48.0,1.0,1.0,1.0,1.0,1.0,0.7777229691530595,4.5,2.75,1.75,-3.445602549745878e-05,0.07491228070175439
377,49.0,1.0,1.0,1.0,1.0,1.0,0.7673800235562602,5.1,3.05,1.95,0.0,0.06857142857142857
378,50.0,1.0,1.0,1.0,1.0,1.0,0.7771779640342749,4.1,2.55,1.5,0.0,0.09728070175438597
379,51.0,1.0,1.0,1.0,1.0,1.0,0.6275781488189217,4.2,2.6,1.6,-0.005263157894736842,0.11359649122807017
380,52.0,1.0,1.0,1.0,1.0,1.0,0.6641964702627046,3.7,2.35,1.35,0.0,0.13771929824561402
381,53.0,1.0,1.0,1.0,1.0,1.0,0.7934303579401683,4.4,2.7,1.5,-0.005280385907485572,0.09372807017543859
382,54.0,1.0,1.0,1.0,1.0,1.0,0.80326610098795,4.7,2.85,1.85,0.0,0.06385964912280702
383,55.0,1.0,1.0,1.0,1.0,1.0,0.7873598826207651,4.3,2.65,1.55,0.0,0.07987468671679199
384,56.0,1.0,1.0,1.0,1.0,1.0,0.7715512782885544,4.1,2.55,1.55,0.0,0.061403508771929814
385,57.0,1.0,1.0,1.0,1.0,1.0,0.8390991164977699,3.5,2.25,1.2,0.0,0.11052631578947368
386,58.0,1.0,1.0,1.0,1.0,1.0,0.8818787318843462,3.7,2.35,1.35,0.0,0.0850877192982456
387,59.0,1.0,1.0,1.0,1.0,1.0,0.6848208209814381,4.1,2.55,1.55,0.0,0.08333333333333333
388,60.0,1.0,1.0,1.0,1.0,1.0,0.7861195399407283,4.6,2.8,1.8,0.0,0.08017543859649122
389,61.0,1.0,1.0,1.0,1.0,1.0,0.8049974858225788,4.2,2.6,1.6,0.0,0.06973684210526315
390,62.0,1.0,1.0,1.0,1.0,1.0,0.7609016001941611,4.2,2.6,1.6,0.0,0.0881578947368421
391,63.0,1.0,1.0,1.0,1.0,1.0,0.7886192372480828,3.5,2.25,1.25,0.0,0.10175438596491228
392,64.0,1.0,1.0,1.0,1.0,1.0,0.6518270955618953,4.0,2.5,1.45,0.0,0.08921052631578948
393,65.0,1.0,1.0,1.0,1.0,1.0,0.7610122543420447,4.2,2.6,1.55,0.0,0.08996240601503759
394,66.0,1.0,1.0,1.0,1.0,1.0,0.838162331611052,4.3,2.65,1.6,0.0,0.06903508771929824
395,67.0,1.0,1.0,1.0,1.0,1.0,0.8394025332216934,3.9,2.45,1.4,-0.005263157894736842,0.0981578947368421
396,68.0,1.0,1.0,1.0,1.0,1.0,0.8393385856341838,4.4,2.7,1.6,0.0,0.05473684210526315
397,69.0,1.0,1.0,1.0,1.0,1.0,0.7869258557185808,3.9,2.45,1.45,0.0,0.09429824561403508
398,70.0,1.0,1.0,1.0,1.0,1.0,0.8900672071510638,3.5,2.25,1.25,0.0,0.11184210526315788
399,71.0,1.0,1.0,1.0,1.0,1.0,0.8115438777803233,3.8,2.4,1.3,0.0,0.09026315789473684
400,72.0,1.0,1.0,1.0,1.0,1.0,0.7750256637694002,4.5,2.75,1.7,0.0,0.06675438596491229
401,73.0,1.0,1.0,1.0,1.0,1.0,0.9553120962689041,3.3,2.15,1.15,0.0,0.075
402,74.0,1.0,1.0,1.0,1.0,1.0,0.8593259353646037,3.8,2.4,1.4,0.0,0.08771929824561402
403,75.0,1.0,1.0,1.0,1.0,1.0,0.87379003102396,3.7,2.35,1.35,0.0,0.07780701754385964
404,76.0,1.0,1.0,1.0,1.0,1.0,0.981284363372653,3.9,2.45,1.45,-0.005263157894736842,0.04122807017543859
405,77.0,1.0,1.0,1.0,1.0,1.0,1.0149901581476464,4.0,2.5,1.45,0.0,0.06377192982456141
406,78.0,1.0,1.0,1.0,1.0,1.0,0.8730296000356998,4.8,2.9,1.8,0.0,0.037769423558897244
407,79.0,1.0,1.0,1.0,1.0,1.0,0.9022450297679023,3.7,2.35,1.3,0.0,0.08596491228070174
408,80.0,1.0,1.0,1.0,1.0,1.0,0.9590391256111827,3.4,2.2,1.2,0.0,0.07543859649122807
409,81.0,1.0,1.0,1.0,1.0,1.0,0.8501608375595814,3.7,2.35,1.3,0.0,0.07969924812030076
410,82.0,1.0,1.0,1.0,1.0,1.0,1.0336591709522736,3.2,2.1,1.1,0.0,0.07368421052631578
411,83.0,1.0,1.0,1.0,1.0,1.0,0.884844612843335,3.8,2.4,1.4,0.0,0.07850877192982456
412,84.0,1.0,1.0,1.0,1.0,1.0,1.02073391026967,3.7,2.35,1.35,0.0,0.053684210526315786
413,85.0,1.0,1.0,1.0,1.0,1.0,0.935892152844159,3.8,2.4,1.35,0.0,0.08263157894736842
414,86.0,1.0,1.0,1.0,1.0,1.0,0.9911392437009342,3.6,2.3,1.25,0.0,0.060087719298245613
415,87.0,1.0,1.0,1.0,1.0,1.0,1.073212670155651,3.5,2.25,1.25,0.0,0.04035087719298245
416,88.0,1.0,1.0,1.0,1.0,1.0,0.9880864636449159,3.7,2.35,1.35,0.0,0.05719298245614035
417,89.0,1.0,1.0,1.0,1.0,1.0,0.8951559900357983,3.8,2.4,1.35,0.0,0.04342105263157895
418,90.0,1.0,1.0,1.0,1.0,1.0,0.9684063721336984,3.5,2.25,1.25,0.0,0.06228070175438596
419,91.0,1.0,1.0,1.0,1.0,1.0,0.9637558657193454,3.7,2.35,1.3,0.0,0.06666666666666667
420,92.0,1.0,1.0,1.0,1.0,1.0,0.934810553662192,3.9,2.45,1.4,0.0,0.04342105263157895
421,93.0,1.0,1.0,1.0,1.0,1.0,1.0145772518848701,3.7,2.35,1.3,-0.005263157894736842,0.0506140350877193
422,94.0,1.0,1.0,1.0,1.0,1.0,0.8877387204586907,4.0,2.5,1.4,0.0,0.06491228070175438
423,95.0,1.0,1.0,1.0,1.0,1.0,1.0949662633290371,3.4,2.2,1.2,0.0,0.05
424,96.0,1.0,1.0,1.0,1.0,1.0,1.1735443051503875,3.9,2.45,1.45,0.005263157894736842,0.031578947368421054
425,97.0,1.0,1.0,1.0,1.0,1.0,0.8982333852617024,3.6,2.3,1.25,0.0,0.07017543859649122
426,98.0,1.0,1.0,1.0,1.0,1.0,0.8654591341290535,4.4,2.7,1.55,0.0,0.08070175438596491
427,99.0,1.0,1.0,1.0,1.0,1.0,0.9585602406037441,3.6,2.3,1.25,0.0,0.06535087719298245
428,100.0,1.0,1.0,1.0,1.0,1.0,1.0259182846447292,3.8,2.4,1.4,0.0,0.04649122807017543
429,101.0,1.0,1.0,1.0,1.0,1.0,0.9977067987037166,3.7,2.35,1.3,0.0,0.05087719298245614
430,102.0,1.0,1.0,1.0,1.0,1.0,1.1311464523474992,3.5,2.25,1.2,0.0,0.04342105263157895
431,103.0,1.0,1.0,1.0,1.0,1.0,0.9856800305693643,3.4,2.2,1.2,0.0,0.05
432,104.0,1.0,1.0,1.0,1.0,1.0,1.0223941625355186,3.8,2.4,1.3,-0.005263157894736842,0.047543859649122805
433,105.0,1.0,1.0,1.0,1.0,1.0,1.041953572101764,3.1,2.05,1.05,0.0,0.06315789473684211
434,106.0,1.0,1.0,1.0,1.0,1.0,1.0341600707572447,3.8,2.4,1.4,0.0,0.04429824561403509
435,107.0,1.0,1.0,1.0,1.0,1.0,1.0709835679404636,3.6,2.3,1.3,-0.005263157894736842,0.04736842105263158
436,108.0,1.0,1.0,1.0,1.0,1.0,1.0690079603820872,4.2,2.6,1.55,0.005263157894736842,0.039649122807017545
437,109.0,1.0,1.0,1.0,1.0,1.0,1.1934094202927132,3.6,2.3,1.25,0.0,0.0381578947368421
438,110.0,1.0,1.0,1.0,1.0,1.0,1.0119228600906163,3.2,2.1,1.1,0.0,0.06315789473684211
439,111.0,1.0,1.0,1.0,1.0,1.0,1.0857210741020271,3.6,2.3,1.3,0.0,0.05263157894736842
440,112.0,1.0,1.0,1.0,1.0,1.0,0.9269105111158603,3.5,2.25,1.2,0.0,0.06710526315789474
441,113.0,1.0,1.0,1.0,1.0,1.0,1.0229009666961457,3.7,2.35,1.3,0.0,0.044035087719298247
442,114.0,1.0,1.0,1.0,1.0,1.0,1.2309818560711097,3.6,2.3,1.25,0.005263157894736842,0.017543859649122806
443,115.0,1.0,1.0,1.0,1.0,1.0,1.1200366777506845,3.5,2.25,1.25,0.0,0.03859649122807017
444,116.0,1.0,1.0,1.0,1.0,1.0,1.0348585958847938,3.2,2.1,1.1,0.0,0.07894736842105263
445,117.0,1.0,1.0,1.0,1.0,1.0,1.052407736059839,4.2,2.6,1.55,0.0,0.034298245614035085
446,118.0,1.0,1.0,1.0,1.0,1.0,1.2019700733973049,3.4,2.2,1.2,0.0,0.02807017543859649
447,119.0,1.0,1.0,1.0,1.0,1.0,1.0955816453028422,3.6,2.3,1.3,0.0,0.045614035087719294
448,120.0,1.0,1.0,1.0,1.0,1.0,1.127290269809752,3.9,2.45,1.3,0.0,0.041403508771929824
449,121.0,1.0,1.0,1.0,1.0,1.0,1.1821412492468606,3.3,2.15,1.15,0.0,0.034210526315789476
450,122.0,1.0,1.0,1.0,1.0,1.0,1.171322751453901,3.4,2.2,1.2,0.0,0.04035087719298245
451,123.0,1.0,1.0,1.0,1.0,1.0,0.9293889362066299,3.6,2.3,1.25,0.0,0.06710526315789474
452,124.0,1.0,1.0,1.0,1.0,1.0,1.0917356897364205,3.6,2.3,1.3,0.0,0.03684210526315789
453,125.0,1.0,1.0,1.0,1.0,1.0,1.2170057797291258,3.2,2.1,1.1,0.0,0.042105263157894736
454,126.0,1.0,1.0,1.0,1.0,1.0,1.0735901145693132,3.5,2.25,1.25,0.015789473684210527,0.055701754385964905
455,127.0,1.0,1.0,1.0,1.0,1.0,1.1446133860513583,3.5,2.25,1.2,0.0,0.04912280701754385
456,128.0,1.0,1.0,1.0,1.0,1.0,1.2638808200873515,3.2,2.1,1.1,0.0,0.02807017543859649
457,129.0,1.0,1.0,1.0,1.0,1.0,1.0695064991434586,3.3,2.15,1.15,0.0,0.07017543859649122
458,130.0,1.0,1.0,1.0,1.0,1.0,1.193616040419925,3.3,2.15,1.15,0.0,0.04736842105263158
459,131.0,1.0,1.0,1.0,1.0,1.0,1.1870857725359065,3.7,2.35,1.3,0.0,0.029824561403508774
460,132.0,1.0,1.0,1.0,1.0,1.0,1.04359763284823,3.8,2.4,1.35,0.0,0.05078947368421053
461,133.0,1.0,1.0,1.0,1.0,1.0,1.193177789564554,3.2,2.1,1.1,0.0,0.04736842105263158
462,134.0,1.0,1.0,1.0,1.0,1.0,1.0462887918318207,3.6,2.3,1.3,0.0,0.05614035087719298
463,135.0,1.0,1.0,1.0,1.0,1.0,1.0716874050252554,3.9,2.45,1.4,0.0,0.02912280701754386
464,136.0,1.0,1.0,1.0,1.0,1.0,1.0662660385162546,3.1,2.05,1.05,0.0,0.07105263157894737
465,137.0,1.0,1.0,1.0,1.0,1.0,1.0571629357554067,4.1,2.55,1.45,-0.005263157894736842,0.04491228070175438
466,138.0,1.0,1.0,1.0,1.0,1.0,1.1144813812117953,3.9,2.45,1.4,0.0,0.032017543859649125
467,139.0,1.0,1.0,1.0,1.0,1.0,1.1910253004502274,3.5,2.25,1.25,0.0,0.04122807017543859
468,140.0,1.0,1.0,1.0,1.0,1.0,1.12879648223593,3.7,2.35,1.3,0.0,0.047807017543859645
469,141.0,1.0,1.0,1.0,1.0,1.0,1.2158901372783173,3.7,2.35,1.35,0.0,0.018157894736842106
470,142.0,1.0,1.0,1.0,1.0,1.0,1.0495380006990076,3.4,2.2,1.2,0.0,0.06842105263157895
471,143.0,1.0,1.0,1.0,1.0,1.0,1.2371667052148383,3.2,2.1,1.1,0.0,0.03684210526315789
472,144.0,1.0,1.0,1.0,1.0,1.0,1.0886259835803782,3.6,2.3,1.3,0.0,0.04385964912280701
473,145.0,1.0,1.0,1.0,1.0,1.0,1.0664396537655798,3.5,2.25,1.2,0.0,0.05526315789473684
474,146.0,1.0,1.0,1.0,1.0,1.0,1.1575603568366892,3.2,2.1,1.1,0.0,0.05
475,147.0,1.0,1.0,1.0,1.0,1.0,1.1353431918758372,3.4,2.2,1.2,0.0,0.04385964912280702
476,148.0,1.0,1.0,1.0,1.0,1.0,0.8382787353874661,3.7,2.35,1.25,0.0,0.10087719298245615
477,149.0,1.0,1.0,1.0,1.0,1.0,1.0721562639208881,3.3,2.15,1.15,0.0,0.051754385964912275
478,150.0,1.0,1.0,1.0,1.0,1.0,1.2220430613149624,3.4,2.2,1.15,-0.005263157894736842,0.02631578947368421
479,151.0,1.0,1.0,1.0,1.0,1.0,1.2301267465061723,3.1,2.05,1.05,0.0,0.02894736842105263
480,152.0,1.0,1.0,1.0,1.0,1.0,1.1102003466716044,3.5,2.25,1.2,0.0,0.04736842105263158
481,153.0,1.0,1.0,1.0,1.0,1.0,1.1544899903793777,3.6,2.3,1.3,0.0,0.018859649122807017
482,154.0,1.0,1.0,1.0,1.0,1.0,1.1114556729077891,3.3,2.15,1.1,0.0,0.04385964912280702
483,155.0,1.0,1.0,1.0,1.0,1.0,1.160088303021373,3.2,2.1,1.1,0.0,0.04736842105263158
484,156.0,1.0,1.0,1.0,1.0,1.0,1.228201038992918,3.2,2.1,1.1,0.0,0.031578947368421054
485,157.0,1.0,1.0,1.0,1.0,1.0,1.2206918266803346,3.4,2.2,1.2,0.0,0.02543859649122807
486,158.0,1.0,1.0,1.0,1.0,1.0,1.1905369891782438,3.0,2.0,1.0,0.0,0.04736842105263158
487,159.0,1.0,1.0,1.0,1.0,1.0,1.14789002196563,3.5,2.25,1.2,0.0,0.03070175438596491
488,160.0,1.0,1.0,1.0,1.0,1.0,1.1752145314386273,3.1,2.05,1.05,0.0,0.042105263157894736
489,161.0,1.0,1.0,1.0,1.0,1.0,1.1463929620107374,3.5,2.25,1.25,0.0,0.038157894736842106
490,162.0,1.0,1.0,1.0,1.0,1.0,1.0107068780367596,3.3,2.15,1.15,0.0,0.060526315789473685
491,163.0,1.0,1.0,1.0,1.0,1.0,1.1602154925021633,3.6,2.3,1.25,0.0,0.037719298245614034
492,164.0,1.0,1.0,1.0,1.0,1.0,1.286013974423267,3.1,2.05,1.05,0.0,0.02631578947368421
493,165.0,1.0,1.0,1.0,1.0,1.0,1.2616767935201394,3.4,2.2,1.15,0.0,0.02763157894736842
494,166.0,1.0,1.0,1.0,1.0,1.0,1.1189099866065504,3.6,2.3,1.25,-0.015789473684210527,0.03684210526315789
495,2.0,0.9934747145187602,0.9933774834437086,1.0,0.9966777408637874,1.0,0.07497750096586965,51.7,26.35,11.15,0.6181845614332094,1.0
496,3.0,0.9951060358890701,1.0,0.9949494949494949,0.9974683544303797,1.0,0.2420879091418648,41.4,21.2,10.5,0.6964100993699903,1.0
497,4.0,1.0,1.0,1.0,1.0,1.0,0.1928667700587699,7.0,4.0,2.85,0.021052631578947368,0.5618421052631579
498,5.0,1.0,1.0,1.0,1.0,1.0,0.3155478116900622,8.5,4.75,3.2,0.0,0.48096491228070176
499,6.0,1.0,1.0,1.0,1.0,1.0,0.4066414414012347,9.7,5.35,3.4,-0.2159445257989491,0.46605263157894744
500,7.0,1.0,1.0,1.0,1.0,1.0,0.3196222616424518,12.1,6.55,4.1,-0.05263157894736842,0.44711779448621547
501,8.0,1.0,1.0,1.0,1.0,1.0,0.44760635617339894,14.1,7.55,4.5,-0.08505187206329763,0.39545112781954894
502,9.0,1.0,1.0,1.0,1.0,1.0,0.3742503718052118,9.0,5.0,3.6,-0.01068169660641509,0.32221804511278196
503,10.0,1.0,1.0,1.0,1.0,1.0,0.2809129920933053,10.7,5.85,3.6,-0.11578947368421053,0.3214348370927318
504,11.0,1.0,1.0,1.0,1.0,1.0,0.514838105301352,9.5,5.25,3.45,0.010526315789473684,0.3315371762740184
505,12.0,1.0,1.0,1.0,1.0,1.0,0.33951734470343903,6.6,3.8,2.5,-0.010526315789473684,0.31388680033416877
506,13.0,1.0,1.0,1.0,1.0,1.0,0.40738798827324135,6.6,3.8,2.65,0.05263157894736842,0.21181495405179615
507,14.0,1.0,1.0,1.0,1.0,1.0,0.6092862277689411,8.1,4.55,3.15,-0.005263157894736842,0.21564422419685575
508,15.0,1.0,1.0,1.0,1.0,1.0,0.5199486650244277,7.5,4.25,2.85,-0.005263157894736842,0.20029391660970608
509,16.0,1.0,1.0,1.0,1.0,1.0,0.3012318751256025,7.6,4.3,2.8,-0.010534950995207461,0.24215121136173764
510,17.0,1.0,1.0,1.0,1.0,1.0,0.5283021757425255,7.1,4.05,2.45,-0.005263157894736842,0.22140806561859191
511,18.0,1.0,1.0,1.0,1.0,1.0,0.5937632833390584,7.4,4.2,2.8,0.010405943424422633,0.18964703425229743
512,19.0,1.0,1.0,1.0,1.0,1.0,0.5925262926974618,8.8,4.9,3.2,-0.015789473684210527,0.1704101161995899
513,20.0,1.0,1.0,1.0,1.0,1.0,0.6211592446632503,6.6,3.8,2.5,-0.021052631578947368,0.2261173767752715
514,21.0,1.0,1.0,1.0,1.0,1.0,0.6233682681791846,8.2,4.6,3.0,-0.042105263157894736,0.16186115054536107
515,22.0,1.0,1.0,1.0,1.0,1.0,0.3625073650164063,6.7,3.85,2.5,-0.06842105263157895,0.23849832915622388
516,23.0,1.0,1.0,1.0,1.0,1.0,0.5428260906000787,5.7,3.35,2.2,-0.015789473684210527,0.1870802005012531
517,24.0,1.0,1.0,1.0,1.0,1.0,0.5499473114941148,5.1,3.05,1.8,0.0,0.18088345864661654
518,25.0,1.0,1.0,1.0,1.0,1.0,0.5706831215812272,5.5,3.25,2.1,-0.005263157894736842,0.18068922305764412
519,26.0,1.0,1.0,1.0,1.0,1.0,0.37705621098920605,6.0,3.5,2.1,0.0,0.1735045948203843
520,27.0,1.0,1.0,1.0,1.0,1.0,0.5424531964403146,6.8,3.9,2.75,-0.01594351732991014,0.1530284043441938
521,28.0,1.0,1.0,1.0,1.0,1.0,0.5187553608368588,7.2,4.1,2.85,-0.005263157894736842,0.17313928761297184
522,29.0,1.0,1.0,1.0,1.0,1.0,0.5920969174981177,6.3,3.65,2.25,-0.05263157894736842,0.17962045264676843
523,30.0,1.0,1.0,1.0,1.0,1.0,0.5818946745315321,8.1,4.55,3.05,0.005263157894736842,0.12720133667502087
524,31.0,1.0,1.0,1.0,1.0,1.0,0.5376958447663566,6.3,3.65,2.4,-0.015789473684210527,0.15758790916685653
525,32.0,1.0,1.0,1.0,1.0,1.0,0.501465807855634,6.7,3.85,2.55,-0.015789473684210527,0.1575028480291638
526,33.0,1.0,1.0,1.0,1.0,1.0,0.6200584528931434,6.0,3.5,2.35,-0.015789473684210527,0.15507347915242653
527,34.0,1.0,1.0,1.0,1.0,1.0,0.38764117064058234,6.9,3.95,2.7,-0.005349580848673409,0.14774853801169588
528,35.0,1.0,1.0,1.0,1.0,1.0,0.5504988732210442,7.8,4.4,3.0,-0.03684210526315789,0.14460225447067554
529,36.0,1.0,1.0,1.0,1.0,1.0,0.6090009877963352,6.4,3.7,2.35,-0.021052631578947368,0.17568390673653833
530,37.0,1.0,1.0,1.0,1.0,1.0,0.5866847242481286,6.4,3.7,2.45,-0.005263157894736842,0.13493791296422875
531,38.0,1.0,1.0,1.0,1.0,1.0,0.6786222436498967,4.9,2.95,1.8,-0.005263157894736842,0.19421052631578942
532,39.0,1.0,1.0,1.0,1.0,1.0,0.4769439597743798,8.4,4.7,2.95,-0.05789473684210526,0.1263474829264303
533,40.0,1.0,1.0,1.0,1.0,1.0,0.5935661717155021,5.1,3.05,1.8,-0.015789473684210527,0.1287468671679198
534,41.0,1.0,1.0,1.0,1.0,1.0,0.656142754247113,6.9,3.95,2.6,0.0,0.10218994455836562
535,42.0,1.0,1.0,1.0,1.0,1.0,0.5969031799514373,5.5,3.25,2.15,-0.015789473684210527,0.13275898078529658
536,43.0,1.0,1.0,1.0,1.0,1.0,0.6436498368981362,5.3,3.15,1.85,-0.015789473684210527,0.15034043441938177
537,44.0,1.0,1.0,1.0,1.0,1.0,0.4879426136403985,6.2,3.6,2.2,0.02631578947368421,0.1275006280269438
538,45.0,1.0,1.0,1.0,1.0,1.0,0.641088494404629,6.5,3.75,2.4,-0.005263157894736842,0.10351959444064705
539,46.0,1.0,1.0,1.0,1.0,1.0,0.716503314227986,8.5,4.75,3.3,-0.042105263157894736,0.09251253132832078
540,47.0,1.0,1.0,1.0,1.0,1.0,0.6132690448912858,7.2,4.1,2.5,-0.031578947368421054,0.11854636591478696
541,48.0,1.0,1.0,1.0,1.0,1.0,0.6104922044175591,6.1,3.55,1.95,-0.021052631578947368,0.21005130834078203
542,49.0,1.0,1.0,1.0,1.0,1.0,0.6319520459666508,6.7,3.85,2.4,0.005263157894736842,0.10610490386806175
543,50.0,1.0,1.0,1.0,1.0,1.0,0.660727750512556,6.1,3.55,2.2,-0.005263157894736842,0.14684406237037814
544,51.0,1.0,1.0,1.0,1.0,1.0,0.7863879831843718,5.4,3.2,1.9,0.0,0.07314327485380116
545,52.0,1.0,1.0,1.0,1.0,1.0,0.7352672028503427,4.2,2.6,1.5,-0.005263157894736842,0.12342105263157895
546,53.0,1.0,1.0,1.0,1.0,1.0,0.8101792604352152,4.0,2.5,1.4,0.0,0.13578947368421052
547,54.0,1.0,1.0,1.0,1.0,1.0,0.8308771759168561,4.9,2.95,1.8,-0.021052631578947368,0.07084586466165413
548,55.0,1.0,1.0,1.0,1.0,1.0,0.7509394634854564,5.7,3.35,2.05,0.0,0.07159147869674184
549,56.0,1.0,1.0,1.0,1.0,1.0,0.7589217875465997,4.9,2.95,1.65,0.0,0.10610275689223057
550,57.0,1.0,1.0,1.0,1.0,1.0,0.8772244538304039,4.5,2.75,1.65,-1.7228012748729683e-05,0.08104010025062658
551,58.0,1.0,1.0,1.0,1.0,1.0,0.917995754549798,3.9,2.45,1.45,0.005263157894736842,0.09771929824561404
552,59.0,1.0,1.0,1.0,1.0,1.0,0.8774020640394338,4.3,2.65,1.5,0.0,0.08399749373433582
553,60.0,1.0,1.0,1.0,1.0,1.0,0.9221043922130414,4.4,2.7,1.65,0.0,0.07403508771929826
554,61.0,1.0,1.0,1.0,1.0,1.0,0.8304063165469723,4.2,2.6,1.5,0.0,0.07578947368421052
555,62.0,1.0,1.0,1.0,1.0,1.0,0.8727914996543824,4.0,2.5,1.4,0.0,0.1137719298245614
556,63.0,1.0,1.0,1.0,1.0,1.0,0.9083330542944773,3.3,2.15,1.15,0.0,0.10964912280701755
557,64.0,1.0,1.0,1.0,1.0,1.0,0.8496068950801275,4.2,2.6,1.55,0.0,0.07587719298245613
558,65.0,1.0,1.0,1.0,1.0,1.0,0.8275265855721214,4.6,2.8,1.55,-0.005263157894736842,0.0819423558897243
559,66.0,1.0,1.0,1.0,1.0,1.0,0.7221387611885869,3.6,2.3,1.3,-0.005263157894736842,0.1364035087719298
560,67.0,1.0,1.0,1.0,1.0,1.0,0.882348065864807,3.4,2.2,1.2,0.0,0.0881578947368421
561,68.0,1.0,1.0,1.0,1.0,1.0,0.887396091366126,3.9,2.45,1.4,-0.005263157894736842,0.07622807017543859
562,69.0,1.0,1.0,1.0,1.0,1.0,0.9309360945651248,3.7,2.35,1.3,0.0,0.075
563,70.0,1.0,1.0,1.0,1.0,1.0,0.8799353176020909,3.7,2.35,1.3,0.0,0.07912280701754386
564,71.0,1.0,1.0,1.0,1.0,1.0,0.8319349992667884,5.6,3.3,2.05,-0.005263157894736842,0.05748120300751879
565,72.0,1.0,1.0,1.0,1.0,1.0,0.9532539311670233,3.8,2.4,1.4,0.0,0.06359649122807016
566,73.0,1.0,1.0,1.0,1.0,1.0,0.9409557987491662,4.2,2.6,1.5,0.0,0.06482456140350877
567,74.0,1.0,1.0,1.0,1.0,1.0,0.7889353262011994,4.5,2.75,1.65,0.0,0.10908521303258144
568,75.0,1.0,1.0,1.0,1.0,1.0,0.941554407422723,3.8,2.4,1.35,0.0,0.07368421052631578
569,76.0,1.0,1.0,1.0,1.0,1.0,0.9504413552018441,4.1,2.55,1.55,-0.005263157894736842,0.06991228070175437
570,77.0,1.0,1.0,1.0,1.0,1.0,1.0810729622351616,4.1,2.55,1.55,0.0,0.05499999999999999
571,78.0,1.0,1.0,1.0,1.0,1.0,0.9966915029537267,4.2,2.6,1.55,0.0,0.047543859649122805
572,79.0,1.0,1.0,1.0,1.0,1.0,1.0973563340092336,4.1,2.55,1.5,0.0,0.04912280701754385
573,80.0,1.0,1.0,1.0,1.0,1.0,0.773147352033065,4.3,2.65,1.5,0.0,0.08701754385964912
574,81.0,1.0,1.0,1.0,1.0,1.0,0.9481043281970996,4.3,2.65,1.55,0.0,0.05482456140350876
575,82.0,1.0,1.0,1.0,1.0,1.0,1.0477718705872299,3.5,2.25,1.25,0.0,0.07956140350877193
576,83.0,1.0,1.0,1.0,1.0,1.0,0.9458755404835781,3.5,2.25,1.15,0.0,0.06596491228070175
577,84.0,1.0,1.0,1.0,1.0,1.0,1.027531074990203,3.6,2.3,1.3,0.0,0.06438596491228071
578,85.0,1.0,1.0,1.0,1.0,1.0,1.111046583708831,3.7,2.35,1.35,-0.005263157894736842,0.038157894736842106
579,86.0,1.0,1.0,1.0,1.0,1.0,1.1323166205223463,3.4,2.2,1.2,0.0,0.04649122807017543
580,87.0,1.0,1.0,1.0,1.0,1.0,1.0474894958214196,3.5,2.25,1.2,0.0,0.07017543859649122
581,88.0,1.0,1.0,1.0,1.0,1.0,0.8495231262818105,4.2,2.6,1.45,0.0,0.07517543859649123
582,89.0,1.0,1.0,1.0,1.0,1.0,1.059949671819369,3.3,2.15,1.1,0.0,0.06228070175438596
583,90.0,1.0,1.0,1.0,1.0,1.0,1.0211582440119351,3.9,2.45,1.35,0.0,0.05219298245614035
584,91.0,1.0,1.0,1.0,1.0,1.0,1.0624962355659404,3.7,2.35,1.25,0.0,0.04385964912280701
585,92.0,1.0,1.0,1.0,1.0,1.0,1.1994689855794183,3.3,2.15,1.15,0.0,0.04736842105263158
586,93.0,1.0,1.0,1.0,1.0,1.0,1.051007321934612,3.4,2.2,1.2,0.0,0.06491228070175438
587,94.0,1.0,1.0,1.0,1.0,1.0,1.1495200878458953,3.6,2.3,1.25,0.0,0.035263157894736843
588,95.0,1.0,1.0,1.0,1.0,1.0,1.1502519879671298,4.0,2.5,1.35,0.0,0.030701754385964914
589,96.0,1.0,1.0,1.0,1.0,1.0,1.0356716449222632,3.6,2.3,1.3,0.0,0.05894736842105263
590,97.0,1.0,1.0,1.0,1.0,1.0,1.0584570057292286,4.1,2.55,1.4,0.0,0.03614035087719298
591,98.0,1.0,1.0,1.0,1.0,1.0,0.9829144237109643,4.0,2.5,1.4,0.0,0.053684210526315786
592,99.0,1.0,1.0,1.0,1.0,1.0,0.9023183133861925,3.7,2.35,1.25,0.0,0.0662280701754386
593,100.0,1.0,1.0,1.0,1.0,1.0,1.0616662353899995,3.4,2.2,1.15,0.0,0.07456140350877193
594,101.0,1.0,1.0,1.0,1.0,1.0,1.1654274734544503,3.3,2.15,1.1,0.0,0.04298245614035087
595,102.0,1.0,1.0,1.0,1.0,1.0,1.2509806533524486,3.2,2.1,1.05,0.0,0.03684210526315789
596,103.0,1.0,1.0,1.0,1.0,1.0,1.1735361288932622,3.3,2.15,1.15,0.0,0.04385964912280702
597,104.0,1.0,1.0,1.0,1.0,1.0,1.0513946402118288,3.4,2.2,1.2,0.0,0.05263157894736842
598,105.0,1.0,1.0,1.0,1.0,1.0,1.0922909083182477,3.4,2.2,1.15,0.0,0.06842105263157895
599,106.0,1.0,1.0,1.0,1.0,1.0,1.2394601818626927,3.3,2.15,1.15,0.0,0.035964912280701755
600,107.0,1.0,1.0,1.0,1.0,1.0,1.07332780409623,3.7,2.35,1.25,0.0,0.04271929824561404
601,108.0,1.0,1.0,1.0,1.0,1.0,1.1816788912021217,3.2,2.1,1.1,0.0,0.042105263157894736
602,109.0,1.0,1.0,1.0,1.0,1.0,1.2528239022360579,3.4,2.2,1.15,0.0,0.04035087719298246
603,110.0,1.0,1.0,1.0,1.0,1.0,1.176396475860409,3.5,2.25,1.25,0.0,0.02807017543859649
604,111.0,1.0,1.0,1.0,1.0,1.0,1.084112279682608,3.3,2.15,1.15,0.0,0.05
605,112.0,1.0,1.0,1.0,1.0,1.0,1.1557109138438242,3.5,2.25,1.25,0.0,0.04736842105263158
606,113.0,1.0,1.0,1.0,1.0,1.0,1.0889885078706525,3.5,2.25,1.25,0.0,0.04517543859649122
607,114.0,1.0,1.0,1.0,1.0,1.0,1.1407633680080873,3.4,2.2,1.2,0.0,0.04122807017543859
608,115.0,1.0,1.0,1.0,1.0,1.0,1.128140621015443,3.6,2.3,1.3,0.0,0.046052631578947366
609,116.0,1.0,1.0,1.0,1.0,1.0,1.1622713828409086,3.0,2.0,1.0,0.0,0.07894736842105263
610,117.0,1.0,1.0,1.0,1.0,1.0,1.10500162051109,3.6,2.3,1.2,0.0,0.05394736842105263
611,118.0,1.0,1.0,1.0,1.0,1.0,1.2185138870403696,3.1,2.05,1.05,0.0,0.05526315789473684
612,119.0,1.0,1.0,1.0,1.0,1.0,1.12947367384161,3.6,2.3,1.25,0.0,0.05324561403508772
613,120.0,1.0,1.0,1.0,1.0,1.0,1.014109326715718,3.3,2.15,1.15,0.0,0.05789473684210526
614,121.0,1.0,1.0,1.0,1.0,1.0,0.9834909879034064,3.2,2.1,1.1,0.0,0.09473684210526316
615,122.0,1.0,1.0,1.0,1.0,1.0,1.2036691353649862,3.5,2.25,1.25,0.005263157894736842,0.03859649122807017
616,123.0,1.0,1.0,1.0,1.0,1.0,1.1553727142916144,3.4,2.2,1.2,0.0,0.03684210526315789
617,124.0,1.0,1.0,1.0,1.0,1.0,1.0793128016023943,3.3,2.15,1.15,0.0,0.04473684210526316
618,125.0,1.0,1.0,1.0,1.0,1.0,1.2143461583975592,3.5,2.25,1.2,0.0,0.02631578947368421
619,126.0,1.0,1.0,1.0,1.0,1.0,1.183412629575776,3.2,2.1,1.1,0.0,0.034210526315789476
620,127.0,1.0,1.0,1.0,1.0,1.0,1.2521882459118039,3.2,2.1,1.1,0.0,0.03684210526315789
621,128.0,1.0,1.0,1.0,1.0,1.0,1.2077528576384897,3.2,2.1,1.1,-0.005263157894736842,0.02894736842105263
622,129.0,1.0,1.0,1.0,1.0,1.0,1.120126058753642,3.2,2.1,1.1,0.0,0.04385964912280701
623,130.0,1.0,1.0,1.0,1.0,1.0,1.0593663925926704,3.8,2.4,1.35,0.0,0.043596491228070175
624,131.0,1.0,1.0,1.0,1.0,1.0,1.090549257375551,3.9,2.45,1.35,0.0,0.03333333333333334
625,132.0,1.0,1.0,1.0,1.0,1.0,1.0114099456195955,3.7,2.35,1.3,0.0,0.050877192982456146
626,133.0,1.0,1.0,1.0,1.0,1.0,1.0964215251301126,3.3,2.15,1.15,0.0,0.06491228070175438
627,134.0,1.0,1.0,1.0,1.0,1.0,1.0677451622027316,3.1,2.05,1.05,0.0,0.04473684210526316
628,135.0,1.0,1.0,1.0,1.0,1.0,1.2063101453316203,3.6,2.3,1.2,0.0,0.02736842105263158
629,136.0,1.0,1.0,1.0,1.0,1.0,1.1579589773544041,3.4,2.2,1.2,-0.005263157894736842,0.042105263157894736
630,137.0,1.0,1.0,1.0,1.0,1.0,1.2076592775985162,3.1,2.05,1.05,0.0,0.05263157894736842
631,138.0,1.0,1.0,1.0,1.0,1.0,1.1533905436178282,3.0,2.0,1.0,0.0,0.05263157894736842
632,139.0,1.0,1.0,1.0,1.0,1.0,1.1688736040856593,3.4,2.2,1.2,0.005263157894736842,0.03333333333333333
633,140.0,1.0,1.0,1.0,1.0,1.0,1.1009742187421339,3.6,2.3,1.25,0.0,0.0425438596491228
634,141.0,1.0,1.0,1.0,1.0,1.0,1.1899351122278237,3.4,2.2,1.15,0.0,0.02631578947368421
635,142.0,1.0,1.0,1.0,1.0,1.0,1.213966958045215,3.5,2.25,1.2,0.0,0.023421052631578947
636,143.0,1.0,1.0,1.0,1.0,1.0,1.2084239779260428,3.2,2.1,1.1,0.0,0.031578947368421054
637,144.0,1.0,1.0,1.0,1.0,1.0,1.180035555417078,3.3,2.15,1.15,0.0,0.03333333333333333
638,145.0,1.0,1.0,1.0,1.0,1.0,0.92179213078678,3.7,2.35,1.35,0.0,0.05350877192982456
639,146.0,1.0,1.0,1.0,1.0,1.0,1.139501399471867,3.2,2.1,1.1,0.0,0.03859649122807017
640,147.0,1.0,1.0,1.0,1.0,1.0,1.051161031498529,3.6,2.3,1.25,-0.005263157894736842,0.04035087719298245
641,148.0,1.0,1.0,1.0,1.0,1.0,1.1538171341801673,3.6,2.3,1.25,0.0,0.05043859649122807
642,149.0,1.0,1.0,1.0,1.0,1.0,1.0872088878484478,3.2,2.1,1.1,0.0,0.05789473684210526
643,150.0,1.0,1.0,1.0,1.0,1.0,1.1884967064819298,3.4,2.2,1.2,0.0,0.031578947368421054
644,151.0,1.0,1.0,1.0,1.0,1.0,1.19425738708912,3.6,2.3,1.25,0.0,0.020175438596491225
645,152.0,1.0,1.0,1.0,1.0,1.0,1.139792265222675,3.2,2.1,1.1,0.0,0.05526315789473684
646,153.0,1.0,1.0,1.0,1.0,1.0,0.9751137426635617,4.1,2.55,1.45,0.0,0.06303258145363408
647,154.0,1.0,1.0,1.0,1.0,1.0,1.1207484537874042,3.5,2.25,1.25,0.0,0.02807017543859649
648,155.0,1.0,1.0,1.0,1.0,1.0,1.012542516069453,3.5,2.25,1.2,-0.005263157894736842,0.05087719298245614
649,156.0,1.0,1.0,1.0,1.0,1.0,0.9758898084045009,3.8,2.4,1.3,0.0,0.04736842105263158
650,157.0,1.0,1.0,1.0,1.0,1.0,1.170689220140669,3.3,2.15,1.15,0.0,0.03684210526315789
651,158.0,1.0,1.0,1.0,1.0,1.0,1.118076550320898,3.3,2.15,1.15,0.0,0.05
652,159.0,1.0,1.0,1.0,1.0,1.0,1.1082021948807308,3.3,2.15,1.15,0.0,0.039473684210526314
653,160.0,1.0,1.0,1.0,1.0,1.0,1.1048612484510176,3.7,2.35,1.35,0.0,0.03640350877192982
654,161.0,1.0,1.0,1.0,1.0,1.0,1.2501624551203276,3.2,2.1,1.1,0.0,0.035964912280701755
655,162.0,1.0,1.0,1.0,1.0,1.0,0.9363802523950767,3.2,2.1,1.1,0.015789473684210527,0.07894736842105263
656,163.0,1.0,1.0,1.0,1.0,1.0,1.0500123760638276,3.7,2.35,1.3,0.0,0.04517543859649122
657,164.0,1.0,1.0,1.0,1.0,1.0,1.1996688549441006,3.7,2.35,1.25,0.0,0.03859649122807017
658,165.0,1.0,1.0,1.0,1.0,1.0,1.1589508386167005,3.6,2.3,1.3,0.0,0.02894736842105263
659,166.0,1.0,1.0,1.0,1.0,1.0,1.1174520585206642,3.7,2.35,1.35,0.0,0.034210526315789476
660,2.0,1.0,1.0,1.0,1.0,1.0,0.18798423269463566,5.5,3.25,1.75,0.0,0.7605263157894737
661,3.0,1.0,1.0,1.0,1.0,1.0,0.2978971929926865,10.9,5.95,3.25,0.0,0.6210526315789474
662,4.0,1.0,1.0,1.0,1.0,1.0,0.4577328407691334,4.8,2.9,1.6,0.0,0.55
663,5.0,1.0,1.0,1.0,1.0,1.0,0.19945641021996166,10.4,5.7,3.1,0.03125230139465938,0.5148245614035087
664,6.0,1.0,1.0,1.0,1.0,1.0,0.3619326554502017,5.6,3.3,2.05,-0.005263157894736842,0.5026315789473684
665,7.0,1.0,1.0,1.0,1.0,1.0,0.4463938421588426,8.2,4.6,3.0,-0.005263157894736842,0.35172932330827067
666,8.0,1.0,1.0,1.0,1.0,1.0,0.33360034773817776,10.3,5.65,3.8,-0.14747178912912395,0.312218045112782
667,9.0,1.0,1.0,1.0,1.0,1.0,0.3847352100998842,7.3,4.15,2.65,0.0,0.37300751879699245
668,10.0,1.0,1.0,1.0,1.0,1.0,0.47848275784954175,6.1,3.55,2.0,0.0,0.268922305764411
669,11.0,1.0,1.0,1.0,1.0,1.0,0.38050050916687106,5.7,3.35,2.05,-0.005263157894736842,0.3362719298245614
670,12.0,1.0,1.0,1.0,1.0,1.0,0.37338949618657163,5.0,3.0,1.95,0.005194358445132439,0.24947368421052632
671,13.0,1.0,1.0,1.0,1.0,1.0,0.47768087947426985,5.7,3.35,2.2,-0.005263157894736842,0.23347744360902253
672,14.0,1.0,1.0,1.0,1.0,1.0,0.5640270952575752,7.2,4.1,2.65,0.005263157894736842,0.22061194653299915
673,15.0,1.0,1.0,1.0,1.0,1.0,0.68357160398732,4.6,2.8,1.75,0.031578947368421054,0.2550125313283208
674,16.0,1.0,1.0,1.0,1.0,1.0,0.5074075958844568,5.1,3.05,1.85,0.0,0.33112781954887216
675,17.0,1.0,1.0,1.0,1.0,1.0,0.4847274323611612,5.5,3.25,2.0,0.0,0.2763659147869674
676,18.0,1.0,1.0,1.0,1.0,1.0,0.4014893289562625,6.6,3.8,2.3,0.0,0.2199382927014506
677,19.0,1.0,1.0,1.0,1.0,1.0,0.6510674604608099,4.3,2.65,1.65,0.0,0.27903508771929825
678,20.0,1.0,1.0,1.0,1.0,1.0,0.5377011164634125,6.4,3.7,2.6,0.0,0.22525062656641606
679,21.0,1.0,1.0,1.0,1.0,1.0,0.5646443215869538,5.4,3.2,2.1,0.0,0.16592105263157894
680,22.0,1.0,1.0,1.0,1.0,1.0,0.5708819758174368,5.3,3.15,2.05,0.0,0.1514016100858206
681,23.0,1.0,1.0,1.0,1.0,1.0,0.5343325459705538,5.9,3.45,2.1,0.0,0.1430952380952381
682,24.0,1.0,1.0,1.0,1.0,1.0,0.6172955607909523,5.2,3.1,1.75,0.0,0.21042397660818712
683,25.0,1.0,1.0,1.0,1.0,1.0,0.5381257357397862,6.1,3.55,2.4,-0.05263157894736842,0.13007518796992482
684,26.0,1.0,1.0,1.0,1.0,1.0,0.40995303687133505,4.5,2.75,1.7,0.0,0.17403508771929824
685,27.0,1.0,1.0,1.0,1.0,1.0,0.6041953269187998,6.0,3.5,2.3,0.0,0.15479114452798662
686,28.0,1.0,1.0,1.0,1.0,1.0,0.5767023007117814,4.7,2.85,1.8,-0.005263157894736842,0.15680451127819545
687,29.0,1.0,1.0,1.0,1.0,1.0,0.4827003123107183,6.6,3.8,2.4,-0.005263157894736842,0.1404763803448014
688,30.0,1.0,1.0,1.0,1.0,1.0,0.6049417256511613,7.4,4.2,2.75,-0.0001205960892411072,0.15525784157363107
689,31.0,1.0,1.0,1.0,1.0,1.0,0.5229707539156955,7.6,4.3,3.05,-0.015789473684210527,0.11305973266499583
690,32.0,1.0,1.0,1.0,1.0,1.0,0.6987040267384963,6.6,3.8,2.45,0.015789473684210527,0.16180868838763574
691,33.0,1.0,1.0,1.0,1.0,1.0,0.5226423294011777,7.2,4.1,2.6,-0.005263157894736842,0.12601503759398497
692,34.0,1.0,1.0,1.0,1.0,1.0,0.5665536513894137,7.0,4.0,2.5,-0.005263157894736842,0.16105699855699857
693,35.0,1.0,1.0,1.0,1.0,1.0,0.6873847585628508,4.9,2.95,1.75,0.0,0.12737468671679197
694,36.0,1.0,1.0,1.0,1.0,1.0,0.6365436400135668,4.7,2.85,1.7,0.005263157894736842,0.16053884711779448
695,37.0,1.0,1.0,1.0,1.0,1.0,0.5627919320455307,5.3,3.15,2.0,0.0,0.14996867167919797
696,38.0,1.0,1.0,1.0,1.0,1.0,0.560510524949472,4.6,2.8,1.75,-0.005263157894736842,0.15715538847117796
697,39.0,1.0,1.0,1.0,1.0,1.0,0.5859924402015635,3.9,2.45,1.45,0.005263157894736842,0.1631578947368421
698,40.0,1.0,1.0,1.0,1.0,1.0,0.7602262697659993,4.8,2.9,1.75,0.0,0.16353383458646617
699,41.0,1.0,1.0,1.0,1.0,1.0,0.5570241501612517,4.6,2.8,1.6,0.0,0.12236842105263158
700,42.0,1.0,1.0,1.0,1.0,1.0,0.678054588557058,4.9,2.95,1.85,-0.005263157894736842,0.11471177944862157
701,43.0,1.0,1.0,1.0,1.0,1.0,0.6424451740374443,5.2,3.1,2.1,0.0,0.1475689223057644
702,44.0,1.0,1.0,1.0,1.0,1.0,0.6426697246173037,6.0,3.5,2.2,-0.005263157894736842,0.10671888053467
703,45.0,1.0,1.0,1.0,1.0,1.0,0.6154143006713206,6.1,3.55,2.3,0.005263157894736842,0.11558726361357939
704,46.0,1.0,1.0,1.0,1.0,1.0,0.625896127874655,6.2,3.6,2.3,0.0,0.14382623224728489
705,47.0,1.0,1.0,1.0,1.0,1.0,0.6649955146060286,4.2,2.6,1.55,0.0,0.18320802005012532
706,48.0,1.0,1.0,1.0,1.0,1.0,0.6992219537816547,3.8,2.4,1.35,0.0,0.1257894736842105
707,49.0,1.0,1.0,1.0,1.0,1.0,0.6281973804623334,4.7,2.85,1.7,0.0,0.12706975772765244
708,50.0,1.0,1.0,1.0,1.0,1.0,0.7391558721076413,4.2,2.6,1.6,0.0,0.12017543859649124
709,51.0,1.0,1.0,1.0,1.0,1.0,0.8284791919636268,4.5,2.75,1.65,0.0,0.07684210526315789
710,52.0,1.0,1.0,1.0,1.0,1.0,0.625785317308226,4.8,2.9,1.8,0.0,0.13088972431077694
711,53.0,1.0,1.0,1.0,1.0,1.0,0.73333179182487,4.6,2.8,1.65,-0.005263157894736842,0.09023182957393484
712,54.0,1.0,1.0,1.0,1.0,1.0,0.7696616462611132,4.0,2.5,1.4,-0.005263157894736842,0.1326315789473684
713,55.0,1.0,1.0,1.0,1.0,1.0,0.7864996793970251,4.5,2.75,1.55,-0.005263157894736842,0.08169172932330826
714,56.0,1.0,1.0,1.0,1.0,1.0,0.7929178771302772,4.2,2.6,1.55,0.0,0.08438596491228069
715,57.0,1.0,1.0,1.0,1.0,1.0,0.8314074749070115,4.5,2.75,1.6,0.0,0.1176315789473684
716,58.0,1.0,1.0,1.0,1.0,1.0,0.8143926692932532,4.4,2.7,1.65,0.015789473684210527,0.11052631578947368
717,59.0,1.0,1.0,1.0,1.0,1.0,0.7677534242218498,4.7,2.85,1.7,0.0,0.13002923976608188
718,60.0,1.0,1.0,1.0,1.0,1.0,0.6297347514521455,4.9,2.95,1.85,0.0,0.0973830409356725
719,61.0,1.0,1.0,1.0,1.0,1.0,0.7476537133675811,5.1,3.05,1.95,0.005263157894736842,0.10444444444444442
720,62.0,1.0,1.0,1.0,1.0,1.0,0.8219085933740705,4.6,2.8,1.7,0.0,0.06701754385964911
721,63.0,1.0,1.0,1.0,1.0,1.0,0.7509856319984869,3.8,2.4,1.4,0.0,0.10614035087719297
722,64.0,1.0,1.0,1.0,1.0,1.0,0.83095841168982,4.4,2.7,1.55,0.0,0.09649122807017543
723,65.0,1.0,1.0,1.0,1.0,1.0,0.8017803883975092,4.3,2.65,1.6,0.0,0.0863157894736842
724,66.0,1.0,1.0,1.0,1.0,1.0,0.8278918405768213,4.0,2.5,1.45,0.0,0.07894736842105263
725,67.0,1.0,1.0,1.0,1.0,1.0,0.9396213190361058,4.3,2.65,1.55,-0.005263157894736842,0.10793650793650794
726,68.0,1.0,1.0,1.0,1.0,1.0,0.7977618981593847,5.1,3.05,1.85,0.0,0.08888888888888888
727,69.0,1.0,1.0,1.0,1.0,1.0,0.8611454479554507,4.6,2.8,1.65,0.0,0.06228070175438597
728,70.0,1.0,1.0,1.0,1.0,1.0,0.8526613315090553,4.3,2.65,1.65,0.0,0.061578947368421046
729,71.0,1.0,1.0,1.0,1.0,1.0,0.8370399615903117,4.4,2.7,1.65,0.0,0.07769423558897243
730,72.0,1.0,1.0,1.0,1.0,1.0,1.0097303438732201,4.2,2.6,1.6,-0.005263157894736842,0.05338345864661654
731,73.0,1.0,1.0,1.0,1.0,1.0,0.8315003326890356,4.2,2.6,1.55,-0.005263157894736842,0.08526315789473683
732,74.0,1.0,1.0,1.0,1.0,1.0,0.9099649370233609,3.5,2.25,1.2,0.0,0.09210526315789473
733,75.0,1.0,1.0,1.0,1.0,1.0,0.8113280817427114,4.4,2.7,1.6,0.0,0.08236842105263158
734,76.0,1.0,1.0,1.0,1.0,1.0,0.8322199390465729,4.0,2.5,1.45,0.0,0.08921052631578948
735,77.0,1.0,1.0,1.0,1.0,1.0,0.9717228001236378,4.8,2.9,1.8,0.0,0.05807644110275689
736,78.0,1.0,1.0,1.0,1.0,1.0,0.8854644131056874,3.9,2.45,1.4,0.0,0.07692982456140351
737,79.0,1.0,1.0,1.0,1.0,1.0,0.993834918769466,4.0,2.5,1.45,0.0,0.047807017543859645
738,80.0,1.0,1.0,1.0,1.0,1.0,0.8643804870852032,4.1,2.55,1.55,0.0,0.09535087719298246
739,81.0,1.0,1.0,1.0,1.0,1.0,0.8510203009637768,3.9,2.45,1.4,0.0,0.11578947368421053
740,82.0,1.0,1.0,1.0,1.0,1.0,0.9705605060259305,3.8,2.4,1.35,0.0,0.06447368421052632
741,83.0,1.0,1.0,1.0,1.0,1.0,0.8844293753323774,3.6,2.3,1.3,0.0,0.08552631578947369
742,84.0,1.0,1.0,1.0,1.0,1.0,0.9591727540215259,4.2,2.6,1.55,0.0,0.05412280701754386
743,85.0,1.0,1.0,1.0,1.0,1.0,0.9786108665130415,4.0,2.5,1.45,0.0,0.08083333333333334
744,86.0,1.0,1.0,1.0,1.0,1.0,1.0072681633971574,4.3,2.65,1.55,0.0,0.043471177944862154
745,87.0,1.0,1.0,1.0,1.0,1.0,0.9487025559919559,4.6,2.8,1.8,0.0,0.06175438596491228
746,88.0,1.0,1.0,1.0,1.0,1.0,0.8646644462980855,4.7,2.85,1.75,0.005263157894736842,0.056666666666666664
747,89.0,1.0,1.0,1.0,1.0,1.0,0.9188354667753786,3.9,2.45,1.35,0.0,0.08157894736842106
748,90.0,1.0,1.0,1.0,1.0,1.0,0.7868472077311359,4.8,2.9,1.8,0.0,0.048734335839599
749,91.0,1.0,1.0,1.0,1.0,1.0,0.9222947518092481,3.5,2.25,1.25,0.0,0.09649122807017543
750,92.0,1.0,1.0,1.0,1.0,1.0,0.8859846797555849,3.7,2.35,1.35,0.0,0.07403508771929825
751,93.0,1.0,1.0,1.0,1.0,1.0,0.9550823682648375,3.9,2.45,1.45,0.0,0.06973684210526315
752,94.0,1.0,1.0,1.0,1.0,1.0,0.9398072180232768,4.0,2.5,1.45,0.0,0.07145363408521303
753,95.0,1.0,1.0,1.0,1.0,1.0,0.788124653738807,4.5,2.75,1.7,0.0,0.09690476190476192
754,96.0,1.0,1.0,1.0,1.0,1.0,0.8405663772717245,3.7,2.35,1.35,0.0,0.09298245614035086
755,97.0,1.0,1.0,1.0,1.0,1.0,0.8297807778928167,4.5,2.75,1.65,0.0,0.06184210526315789
756,98.0,1.0,1.0,1.0,1.0,1.0,0.8892389240001025,4.0,2.5,1.5,0.0,0.053859649122807024
757,99.0,1.0,1.0,1.0,1.0,1.0,0.8399443447318625,4.9,2.95,1.85,0.0,0.046365914786967416
758,100.0,1.0,1.0,1.0,1.0,1.0,0.9279446622088847,4.3,2.65,1.6,0.0,0.045526315789473686
759,101.0,1.0,1.0,1.0,1.0,1.0,0.8838760103076934,4.2,2.6,1.5,0.0,0.08896198830409355
760,102.0,1.0,1.0,1.0,1.0,1.0,0.9909718230555516,4.2,2.6,1.5,0.0,0.04070175438596491
761,103.0,1.0,1.0,1.0,1.0,1.0,0.8649295788258244,3.9,2.45,1.45,-0.005263157894736842,0.08859649122807017
762,104.0,1.0,1.0,1.0,1.0,1.0,0.8851890623267062,4.5,2.75,1.65,-0.005263157894736842,0.049824561403508764
763,105.0,1.0,1.0,1.0,1.0,1.0,0.8603305568750543,4.6,2.8,1.65,-0.005271793100470619,0.056666666666666664
764,106.0,1.0,1.0,1.0,1.0,1.0,0.9968839058079553,3.6,2.3,1.3,-0.005263157894736842,0.05131578947368421
765,107.0,1.0,1.0,1.0,1.0,1.0,0.9373039059397338,3.8,2.4,1.4,0.0,0.05324561403508772
766,108.0,1.0,1.0,1.0,1.0,1.0,1.0155306505068278,4.8,2.9,1.8,-0.005263157894736842,0.03464912280701754
767,109.0,1.0,1.0,1.0,1.0,1.0,0.8938021929704141,3.4,2.2,1.2,0.0,0.09649122807017543
768,110.0,1.0,1.0,1.0,1.0,1.0,1.1153802689807113,3.7,2.35,1.3,0.0,0.03333333333333333
769,111.0,1.0,1.0,1.0,1.0,1.0,1.1729720088346165,3.8,2.4,1.35,0.0,0.02631578947368421
770,112.0,1.0,1.0,1.0,1.0,1.0,1.0635252851301116,3.7,2.35,1.25,0.0,0.05307017543859648
771,113.0,1.0,1.0,1.0,1.0,1.0,1.1029452795586017,4.4,2.7,1.55,-0.005263157894736842,0.031578947368421054
772,114.0,1.0,1.0,1.0,1.0,1.0,1.0810260710753297,3.6,2.3,1.3,0.0,0.05526315789473684
773,115.0,1.0,1.0,1.0,1.0,1.0,1.0536976300439256,3.9,2.45,1.35,0.0,0.044085213032581456
774,116.0,1.0,1.0,1.0,1.0,1.0,1.0801596814242969,3.6,2.3,1.25,0.0,0.051754385964912275
775,117.0,1.0,1.0,1.0,1.0,1.0,0.9178433691563748,3.8,2.4,1.35,0.0,0.09605263157894736
776,118.0,1.0,1.0,1.0,1.0,1.0,0.9661223422023172,3.5,2.25,1.25,0.0,0.05701754385964912
777,119.0,1.0,1.0,1.0,1.0,1.0,1.0054721667113382,5.4,3.2,1.95,-0.06842105263157895,0.04125560112402218
778,120.0,1.0,1.0,1.0,1.0,1.0,1.0321109796505843,3.7,2.35,1.25,0.0,0.04078947368421053
779,121.0,1.0,1.0,1.0,1.0,1.0,1.1829502875408209,3.7,2.35,1.3,-0.005263157894736842,0.038157894736842106
780,122.0,1.0,1.0,1.0,1.0,1.0,1.121045287595995,3.2,2.1,1.1,0.0,0.04473684210526316
781,123.0,1.0,1.0,1.0,1.0,1.0,1.1164790291751163,3.3,2.15,1.15,0.0,0.05
782,124.0,1.0,1.0,1.0,1.0,1.0,1.0154622319434323,3.5,2.25,1.2,0.0,0.06447368421052632
783,125.0,1.0,1.0,1.0,1.0,1.0,1.1539777555581794,3.7,2.35,1.3,0.0,0.04912280701754385
784,126.0,1.0,1.0,1.0,1.0,1.0,1.1224431423717887,4.1,2.55,1.5,0.0,0.03850877192982456
785,127.0,1.0,1.0,1.0,1.0,1.0,1.0687958491984124,3.6,2.3,1.3,-0.005263157894736842,0.03859649122807017
786,128.0,1.0,1.0,1.0,1.0,1.0,0.9957042285905205,3.5,2.25,1.2,-0.005263157894736842,0.06578947368421052
787,129.0,1.0,1.0,1.0,1.0,1.0,1.0262605647068044,3.7,2.35,1.25,0.0,0.09649122807017542
788,130.0,1.0,1.0,1.0,1.0,1.0,1.075596119639281,4.0,2.5,1.45,0.0,0.04548872180451127
789,131.0,1.0,1.0,1.0,1.0,1.0,1.0284986261320148,4.2,2.6,1.5,0.0,0.04649122807017543
790,132.0,1.0,1.0,1.0,1.0,1.0,1.0320965085948726,4.0,2.5,1.5,-0.005263157894736842,0.04745614035087719
791,133.0,1.0,1.0,1.0,1.0,1.0,0.9758087190260079,3.5,2.25,1.2,0.0,0.0712280701754386
792,134.0,1.0,1.0,1.0,1.0,1.0,1.016278771306428,3.9,2.45,1.4,-0.005263157894736842,0.07368421052631578
793,135.0,1.0,1.0,1.0,1.0,1.0,1.067226137256771,3.5,2.25,1.2,0.0,0.045614035087719294
794,136.0,1.0,1.0,1.0,1.0,1.0,1.0282237282347484,4.2,2.6,1.55,0.0,0.02912280701754386
795,137.0,1.0,1.0,1.0,1.0,1.0,1.0752158684475306,4.3,2.65,1.55,0.0,0.03233082706766917
796,138.0,1.0,1.0,1.0,1.0,1.0,1.1358373208156238,3.7,2.35,1.25,0.0,0.025614035087719297
797,139.0,1.0,1.0,1.0,1.0,1.0,1.007648479612189,4.2,2.6,1.55,0.0,0.03631578947368421
798,140.0,1.0,1.0,1.0,1.0,1.0,1.0103253992303811,3.4,2.2,1.2,0.0,0.05
799,141.0,1.0,1.0,1.0,1.0,1.0,0.865766494656173,3.9,2.45,1.45,0.0,0.0587719298245614
800,142.0,1.0,1.0,1.0,1.0,1.0,1.2007462203438244,3.3,2.15,1.15,-0.005263157894736842,0.034210526315789476
801,143.0,1.0,1.0,1.0,1.0,1.0,1.1241714201194117,3.5,2.25,1.2,0.0,0.04473684210526316
802,144.0,1.0,1.0,1.0,1.0,1.0,0.9949389572835057,4.0,2.5,1.45,-0.015789473684210527,0.03877192982456141
803,145.0,1.0,1.0,1.0,1.0,1.0,1.2052245251411,3.1,2.05,1.05,0.0,0.05789473684210526
804,146.0,1.0,1.0,1.0,1.0,1.0,1.1981405986289502,3.1,2.05,1.05,0.0,0.03684210526315789
805,147.0,1.0,1.0,1.0,1.0,1.0,1.0713465745273674,3.6,2.3,1.25,0.0,0.035964912280701755
806,148.0,1.0,1.0,1.0,1.0,1.0,1.126069042335637,3.1,2.05,1.05,0.0,0.04736842105263158
807,149.0,1.0,1.0,1.0,1.0,1.0,1.142162729467227,3.2,2.1,1.1,0.0,0.04473684210526316
808,150.0,1.0,1.0,1.0,1.0,1.0,1.14756753141307,3.2,2.1,1.1,0.0,0.04473684210526316
809,151.0,1.0,1.0,1.0,1.0,1.0,1.1388760960964537,3.8,2.4,1.35,0.015789473684210527,0.05087719298245614
810,152.0,1.0,1.0,1.0,1.0,1.0,1.0798075468438602,4.1,2.55,1.5,0.0,0.03903508771929824
811,153.0,1.0,1.0,1.0,1.0,1.0,1.1691144703122498,3.6,2.3,1.25,0.0,0.038157894736842106
812,154.0,1.0,1.0,1.0,1.0,1.0,1.1792800752076766,3.4,2.2,1.2,0.0,0.028070175438596495
813,155.0,1.0,1.0,1.0,1.0,1.0,1.2387078771822502,3.3,2.15,1.15,0.0,0.030701754385964914
814,156.0,1.0,1.0,1.0,1.0,1.0,1.1811516678206266,3.2,2.1,1.1,0.0,0.021052631578947368
815,157.0,1.0,1.0,1.0,1.0,1.0,1.1182951757046389,3.8,2.4,1.4,0.0,0.0343859649122807
816,158.0,1.0,1.0,1.0,1.0,1.0,1.222112048542622,3.2,2.1,1.05,0.005263157894736842,0.03684210526315789
817,159.0,1.0,1.0,1.0,1.0,1.0,1.2936555410218384,4.1,2.55,1.5,0.0,0.024122807017543862
818,160.0,1.0,1.0,1.0,1.0,1.0,1.2504274080824724,3.1,2.05,1.05,0.0,0.039473684210526314
819,161.0,1.0,1.0,1.0,1.0,1.0,1.0970956825593,3.9,2.45,1.45,0.005263157894736842,0.028684210526315784
820,162.0,1.0,1.0,1.0,1.0,1.0,1.0291697244479188,3.2,2.1,1.1,0.0,0.05263157894736842
821,163.0,1.0,1.0,1.0,1.0,1.0,1.278359263719119,3.1,2.05,1.05,0.0,0.031578947368421054
822,164.0,1.0,1.0,1.0,1.0,1.0,1.2228457583583032,3.2,2.1,1.1,0.0,0.034210526315789476
823,165.0,1.0,1.0,1.0,1.0,1.0,1.1017120325475138,3.4,2.2,1.2,0.0,0.03859649122807017
824,166.0,1.0,1.0,1.0,1.0,1.0,1.2556838827259496,3.6,2.3,1.25,-0.005263157894736842,0.02543859649122807
